as_of_date,symbol,display_name,candidate_rank,left_score,notes
2025-03-10,588000,科创50ETF,1,0.71,reconstructed_candidate_history_not_real_left_snapshot
2025-03-10,588080,科创板50ETF,2,0.68,reconstructed_candidate_history_not_real_left_snapshot
2025-03-10,512480,半导体ETF,3,0.6300000000000001,reconstructed_candidate_history_not_real_left_snapshot
2025-03-10,512760,芯片ETF,4,0.6300000000000001,reconstructed_candidate_history_not_real_left_snapshot
2025-03-10,512100,中证1000ETF,5,0.5549999999999999,reconstructed_candidate_history_not_real_left_snapshot
2025-03-11,588000,科创50ETF,1,0.6900000000000002,reconstructed_candidate_history_not_real_left_snapshot
2025-03-11,588080,科创板50ETF,2,0.6300000000000001,reconstructed_candidate_history_not_real_left_snapshot
2025-03-11,512480,半导体ETF,3,0.5900000000000001,reconstructed_candidate_history_not_real_left_snapshot
2025-03-11,512690,酒ETF,4,0.565,reconstructed_candidate_history_not_real_left_snapshot
2025-03-11,512760,芯片ETF,5,0.55,reconstructed_candidate_history_not_real_left_snapshot
2025-03-12,588000,科创50ETF,1,0.6700000000000002,reconstructed_candidate_history_not_real_left_snapshot
2025-03-12,588080,科创板50ETF,2,0.6100000000000001,reconstructed_candidate_history_not_real_left_snapshot
2025-03-12,512480,半导体ETF,3,0.5700000000000001,reconstructed_candidate_history_not_real_left_snapshot
2025-03-12,512100,中证1000ETF,4,0.57,reconstructed_candidate_history_not_real_left_snapshot
2025-03-12,512690,酒ETF,5,0.565,reconstructed_candidate_history_not_real_left_snapshot
2025-03-13,588000,科创50ETF,1,0.71,reconstructed_candidate_history_not_real_left_snapshot
2025-03-13,588080,科创板50ETF,2,0.6300000000000001,reconstructed_candidate_history_not_real_left_snapshot
2025-03-13,512100,中证1000ETF,3,0.59,reconstructed_candidate_history_not_real_left_snapshot
2025-03-13,512660,军工ETF,4,0.59,reconstructed_candidate_history_not_real_left_snapshot
2025-03-13,512480,半导体ETF,5,0.54,reconstructed_candidate_history_not_real_left_snapshot
2025-03-14,588000,科创50ETF,1,0.6900000000000002,reconstructed_candidate_history_not_real_left_snapshot
2025-03-14,588080,科创板50ETF,2,0.6100000000000001,reconstructed_candidate_history_not_real_left_snapshot
2025-03-14,512100,中证1000ETF,3,0.555,reconstructed_candidate_history_not_real_left_snapshot
2025-03-14,512660,军工ETF,4,0.55,reconstructed_candidate_history_not_real_left_snapshot
2025-03-14,512690,酒ETF,5,0.5449999999999999,reconstructed_candidate_history_not_real_left_snapshot
2025-03-17,588000,科创50ETF,1,0.635,reconstructed_candidate_history_not_real_left_snapshot
2025-03-17,588080,科创板50ETF,2,0.5850000000000001,reconstructed_candidate_history_not_real_left_snapshot
2025-03-17,512100,中证1000ETF,3,0.5750000000000001,reconstructed_candidate_history_not_real_left_snapshot
2025-03-17,512690,酒ETF,4,0.5449999999999999,reconstructed_candidate_history_not_real_left_snapshot
2025-03-17,512480,半导体ETF,5,0.54,reconstructed_candidate_history_not_real_left_snapshot
2025-03-18,588000,科创50ETF,1,0.655,reconstructed_candidate_history_not_real_left_snapshot
2025-03-18,588080,科创板50ETF,2,0.645,reconstructed_candidate_history_not_real_left_snapshot
2025-03-18,512100,中证1000ETF,3,0.6,reconstructed_candidate_history_not_real_left_snapshot
2025-03-18,512480,半导体ETF,4,0.56,reconstructed_candidate_history_not_real_left_snapshot
2025-03-18,512660,军工ETF,5,0.54,reconstructed_candidate_history_not_real_left_snapshot
2025-03-19,588000,科创50ETF,1,0.6000000000000001,reconstructed_candidate_history_not_real_left_snapshot
2025-03-19,512100,中证1000ETF,2,0.5800000000000001,reconstructed_candidate_history_not_real_left_snapshot
2025-03-19,510050,上证50ETF,3,0.54,reconstructed_candidate_history_not_real_left_snapshot
2025-03-19,588080,科创板50ETF,4,0.54,reconstructed_candidate_history_not_real_left_snapshot
2025-03-19,512690,酒ETF,5,0.52,reconstructed_candidate_history_not_real_left_snapshot
2025-03-20,512100,中证1000ETF,1,0.6,reconstructed_candidate_history_not_real_left_snapshot
2025-03-20,159937,黄金ETF,2,0.5850000000000001,reconstructed_candidate_history_not_real_left_snapshot
2025-03-20,588080,科创板50ETF,3,0.5750000000000001,reconstructed_candidate_history_not_real_left_snapshot
2025-03-20,512660,军工ETF,4,0.575,reconstructed_candidate_history_not_real_left_snapshot
2025-03-20,588000,科创50ETF,5,0.55,reconstructed_candidate_history_not_real_left_snapshot
2025-03-21,159937,黄金ETF,1,0.665,reconstructed_candidate_history_not_real_left_snapshot
2025-03-21,512660,军工ETF,2,0.575,reconstructed_candidate_history_not_real_left_snapshot
2025-03-21,510050,上证50ETF,3,0.5599999999999999,reconstructed_candidate_history_not_real_left_snapshot
2025-03-21,512800,银行ETF,4,0.5550000000000002,reconstructed_candidate_history_not_real_left_snapshot
2025-03-21,512100,中证1000ETF,5,0.5349999999999999,reconstructed_candidate_history_not_real_left_snapshot
2025-03-24,512800,银行ETF,1,0.7150000000000001,reconstructed_candidate_history_not_real_left_snapshot
2025-03-24,159937,黄金ETF,2,0.665,reconstructed_candidate_history_not_real_left_snapshot
2025-03-24,510050,上证50ETF,3,0.59,reconstructed_candidate_history_not_real_left_snapshot
2025-03-24,510300,沪深300ETF,4,0.535,reconstructed_candidate_history_not_real_left_snapshot
2025-03-24,159996,家电ETF,5,0.52,reconstructed_candidate_history_not_real_left_snapshot
2025-03-25,512800,银行ETF,1,0.6950000000000001,reconstructed_candidate_history_not_real_left_snapshot
2025-03-25,510050,上证50ETF,2,0.67,reconstructed_candidate_history_not_real_left_snapshot
2025-03-25,159937,黄金ETF,3,0.665,reconstructed_candidate_history_not_real_left_snapshot
2025-03-25,510300,沪深300ETF,4,0.5650000000000001,reconstructed_candidate_history_not_real_left_snapshot
2025-03-25,159996,家电ETF,5,0.54,reconstructed_candidate_history_not_real_left_snapshot
2025-03-26,159937,黄金ETF,1,0.685,reconstructed_candidate_history_not_real_left_snapshot
2025-03-26,512800,银行ETF,2,0.645,reconstructed_candidate_history_not_real_left_snapshot
2025-03-26,510050,上证50ETF,3,0.55,reconstructed_candidate_history_not_real_left_snapshot
2025-03-26,512690,酒ETF,4,0.54,reconstructed_candidate_history_not_real_left_snapshot
2025-03-26,510500,中证500ETF,5,0.53,reconstructed_candidate_history_not_real_left_snapshot
2025-03-27,159937,黄金ETF,1,0.725,reconstructed_candidate_history_not_real_left_snapshot
2025-03-27,512800,银行ETF,2,0.625,reconstructed_candidate_history_not_real_left_snapshot
2025-03-27,159992,创新药ETF,3,0.5950000000000002,reconstructed_candidate_history_not_real_left_snapshot
2025-03-27,512690,酒ETF,4,0.545,reconstructed_candidate_history_not_real_left_snapshot
2025-03-27,510050,上证50ETF,5,0.51,reconstructed_candidate_history_not_real_left_snapshot
2025-03-28,159937,黄金ETF,1,0.725,reconstructed_candidate_history_not_real_left_snapshot
2025-03-28,159992,创新药ETF,2,0.64,reconstructed_candidate_history_not_real_left_snapshot
2025-03-28,159996,家电ETF,3,0.575,reconstructed_candidate_history_not_real_left_snapshot
2025-03-28,510500,中证500ETF,4,0.555,reconstructed_candidate_history_not_real_left_snapshot
2025-03-28,512690,酒ETF,5,0.535,reconstructed_candidate_history_not_real_left_snapshot
2025-03-31,159937,黄金ETF,1,0.725,reconstructed_candidate_history_not_real_left_snapshot
2025-03-31,159992,创新药ETF,2,0.6200000000000002,reconstructed_candidate_history_not_real_left_snapshot
2025-03-31,159996,家电ETF,3,0.62,reconstructed_candidate_history_not_real_left_snapshot
2025-03-31,512800,银行ETF,4,0.5950000000000001,reconstructed_candidate_history_not_real_left_snapshot
2025-03-31,510050,上证50ETF,5,0.57,reconstructed_candidate_history_not_real_left_snapshot
2025-04-01,159937,黄金ETF,1,0.725,reconstructed_candidate_history_not_real_left_snapshot
2025-04-01,159992,创新药ETF,2,0.6250000000000001,reconstructed_candidate_history_not_real_left_snapshot
2025-04-01,512010,医药ETF,3,0.6100000000000001,reconstructed_candidate_history_not_real_left_snapshot
2025-04-01,512800,银行ETF,4,0.56,reconstructed_candidate_history_not_real_left_snapshot
2025-04-01,159996,家电ETF,5,0.5199999999999999,reconstructed_candidate_history_not_real_left_snapshot
2025-04-02,159937,黄金ETF,1,0.725,reconstructed_candidate_history_not_real_left_snapshot
2025-04-02,159992,创新药ETF,2,0.6250000000000001,reconstructed_candidate_history_not_real_left_snapshot
2025-04-02,512010,医药ETF,3,0.56,reconstructed_candidate_history_not_real_left_snapshot
2025-04-02,512100,中证1000ETF,4,0.5449999999999999,reconstructed_candidate_history_not_real_left_snapshot
2025-04-02,512800,银行ETF,5,0.5449999999999999,reconstructed_candidate_history_not_real_left_snapshot
2025-04-03,159937,黄金ETF,1,0.725,reconstructed_candidate_history_not_real_left_snapshot
2025-04-03,159992,创新药ETF,2,0.6250000000000001,reconstructed_candidate_history_not_real_left_snapshot
2025-04-03,512800,银行ETF,3,0.5950000000000001,reconstructed_candidate_history_not_real_left_snapshot
2025-04-03,512100,中证1000ETF,4,0.54,reconstructed_candidate_history_not_real_left_snapshot
2025-04-03,510300,沪深300ETF,5,0.515,reconstructed_candidate_history_not_real_left_snapshot
2025-04-07,159937,黄金ETF,1,0.735,reconstructed_candidate_history_not_real_left_snapshot
2025-04-07,159928,消费ETF,2,0.69,reconstructed_candidate_history_not_real_left_snapshot
2025-04-07,512800,银行ETF,3,0.685,reconstructed_candidate_history_not_real_left_snapshot
2025-04-07,512690,酒ETF,4,0.65,reconstructed_candidate_history_not_real_left_snapshot
2025-04-07,510050,上证50ETF,5,0.565,reconstructed_candidate_history_not_real_left_snapshot
2025-04-08,159937,黄金ETF,1,0.735,reconstructed_candidate_history_not_real_left_snapshot
2025-04-08,159928,消费ETF,2,0.715,reconstructed_candidate_history_not_real_left_snapshot
2025-04-08,512690,酒ETF,3,0.7000000000000001,reconstructed_candidate_history_not_real_left_snapshot
2025-04-08,510050,上证50ETF,4,0.65,reconstructed_candidate_history_not_real_left_snapshot
2025-04-08,512800,银行ETF,5,0.6200000000000001,reconstructed_candidate_history_not_real_left_snapshot
2025-04-09,159937,黄金ETF,1,0.735,reconstructed_candidate_history_not_real_left_snapshot
2025-04-09,512690,酒ETF,2,0.715,reconstructed_candidate_history_not_real_left_snapshot
2025-04-09,159928,消费ETF,3,0.705,reconstructed_candidate_history_not_real_left_snapshot
2025-04-09,510050,上证50ETF,4,0.6050000000000001,reconstructed_candidate_history_not_real_left_snapshot
2025-04-09,512800,银行ETF,5,0.545,reconstructed_candidate_history_not_real_left_snapshot
2025-04-10,159937,黄金ETF,1,0.74,reconstructed_candidate_history_not_real_left_snapshot
2025-04-10,159928,消费ETF,2,0.715,reconstructed_candidate_history_not_real_left_snapshot
2025-04-10,512690,酒ETF,3,0.715,reconstructed_candidate_history_not_real_left_snapshot
2025-04-10,510050,上证50ETF,4,0.555,reconstructed_candidate_history_not_real_left_snapshot
2025-04-10,159992,创新药ETF,5,0.545,reconstructed_candidate_history_not_real_left_snapshot
2025-04-11,159937,黄金ETF,1,0.74,reconstructed_candidate_history_not_real_left_snapshot
2025-04-11,159928,消费ETF,2,0.67,reconstructed_candidate_history_not_real_left_snapshot
2025-04-11,512690,酒ETF,3,0.6649999999999999,reconstructed_candidate_history_not_real_left_snapshot
2025-04-11,159992,创新药ETF,4,0.6100000000000001,reconstructed_candidate_history_not_real_left_snapshot
2025-04-11,512480,半导体ETF,5,0.585,reconstructed_candidate_history_not_real_left_snapshot
2025-04-14,159937,黄金ETF,1,0.75,reconstructed_candidate_history_not_real_left_snapshot
2025-04-14,159928,消费ETF,2,0.6450000000000001,reconstructed_candidate_history_not_real_left_snapshot
2025-04-14,159992,创新药ETF,3,0.635,reconstructed_candidate_history_not_real_left_snapshot
2025-04-14,512480,半导体ETF,4,0.5900000000000001,reconstructed_candidate_history_not_real_left_snapshot
2025-04-14,510050,上证50ETF,5,0.5750000000000001,reconstructed_candidate_history_not_real_left_snapshot
2025-04-15,159937,黄金ETF,1,0.77,reconstructed_candidate_history_not_real_left_snapshot
2025-04-15,159928,消费ETF,2,0.665,reconstructed_candidate_history_not_real_left_snapshot
2025-04-15,159992,创新药ETF,3,0.615,reconstructed_candidate_history_not_real_left_snapshot
2025-04-15,512690,酒ETF,4,0.5999999999999999,reconstructed_candidate_history_not_real_left_snapshot
2025-04-15,510050,上证50ETF,5,0.5750000000000001,reconstructed_candidate_history_not_real_left_snapshot
2025-04-16,159937,黄金ETF,1,0.7899999999999999,reconstructed_candidate_history_not_real_left_snapshot
2025-04-16,159928,消费ETF,2,0.6750000000000002,reconstructed_candidate_history_not_real_left_snapshot
2025-04-16,510050,上证50ETF,3,0.64,reconstructed_candidate_history_not_real_left_snapshot
2025-04-16,512800,银行ETF,4,0.625,reconstructed_candidate_history_not_real_left_snapshot
2025-04-16,512690,酒ETF,5,0.58,reconstructed_candidate_history_not_real_left_snapshot
2025-04-17,159937,黄金ETF,1,0.7899999999999999,reconstructed_candidate_history_not_real_left_snapshot
2025-04-17,159928,消费ETF,2,0.7100000000000001,reconstructed_candidate_history_not_real_left_snapshot
2025-04-17,512690,酒ETF,3,0.6650000000000001,reconstructed_candidate_history_not_real_left_snapshot
2025-04-17,512800,银行ETF,4,0.65,reconstructed_candidate_history_not_real_left_snapshot
2025-04-17,510050,上证50ETF,5,0.6350000000000001,reconstructed_candidate_history_not_real_left_snapshot
2025-04-18,159937,黄金ETF,1,0.7899999999999999,reconstructed_candidate_history_not_real_left_snapshot
2025-04-18,159928,消费ETF,2,0.7100000000000001,reconstructed_candidate_history_not_real_left_snapshot
2025-04-18,510050,上证50ETF,3,0.67,reconstructed_candidate_history_not_real_left_snapshot
2025-04-18,512800,银行ETF,4,0.65,reconstructed_candidate_history_not_real_left_snapshot
2025-04-18,512690,酒ETF,5,0.6150000000000001,reconstructed_candidate_history_not_real_left_snapshot
2025-04-21,159937,黄金ETF,1,0.7899999999999999,reconstructed_candidate_history_not_real_left_snapshot
2025-04-21,159928,消费ETF,2,0.6649999999999999,reconstructed_candidate_history_not_real_left_snapshot
2025-04-21,510050,上证50ETF,3,0.6150000000000001,reconstructed_candidate_history_not_real_left_snapshot
2025-04-21,512480,半导体ETF,4,0.6150000000000001,reconstructed_candidate_history_not_real_left_snapshot
2025-04-21,159992,创新药ETF,5,0.595,reconstructed_candidate_history_not_real_left_snapshot
2025-04-22,159937,黄金ETF,1,0.7999999999999999,reconstructed_candidate_history_not_real_left_snapshot
2025-04-22,159928,消费ETF,2,0.695,reconstructed_candidate_history_not_real_left_snapshot
2025-04-22,510050,上证50ETF,3,0.6200000000000001,reconstructed_candidate_history_not_real_left_snapshot
2025-04-22,159992,创新药ETF,4,0.6100000000000001,reconstructed_candidate_history_not_real_left_snapshot
2025-04-22,512800,银行ETF,5,0.5850000000000001,reconstructed_candidate_history_not_real_left_snapshot
2025-04-23,159937,黄金ETF,1,0.7949999999999999,reconstructed_candidate_history_not_real_left_snapshot
2025-04-23,159928,消费ETF,2,0.7,reconstructed_candidate_history_not_real_left_snapshot
2025-04-23,510050,上证50ETF,3,0.615,reconstructed_candidate_history_not_real_left_snapshot
2025-04-23,159992,创新药ETF,4,0.6050000000000001,reconstructed_candidate_history_not_real_left_snapshot
2025-04-23,512480,半导体ETF,5,0.6,reconstructed_candidate_history_not_real_left_snapshot
2025-04-24,159937,黄金ETF,1,0.7949999999999999,reconstructed_candidate_history_not_real_left_snapshot
2025-04-24,510050,上证50ETF,2,0.7000000000000001,reconstructed_candidate_history_not_real_left_snapshot
2025-04-24,512800,银行ETF,3,0.685,reconstructed_candidate_history_not_real_left_snapshot
2025-04-24,159928,消费ETF,4,0.645,reconstructed_candidate_history_not_real_left_snapshot
2025-04-24,159992,创新药ETF,5,0.6050000000000001,reconstructed_candidate_history_not_real_left_snapshot
2025-04-25,159937,黄金ETF,1,0.7949999999999999,reconstructed_candidate_history_not_real_left_snapshot
2025-04-25,510050,上证50ETF,2,0.72,reconstructed_candidate_history_not_real_left_snapshot
2025-04-25,512800,银行ETF,3,0.7000000000000001,reconstructed_candidate_history_not_real_left_snapshot
2025-04-25,159928,消费ETF,4,0.6800000000000002,reconstructed_candidate_history_not_real_left_snapshot
2025-04-25,588000,科创50ETF,5,0.5449999999999999,reconstructed_candidate_history_not_real_left_snapshot
2025-04-28,159937,黄金ETF,1,0.8049999999999999,reconstructed_candidate_history_not_real_left_snapshot
2025-04-28,510050,上证50ETF,2,0.7050000000000001,reconstructed_candidate_history_not_real_left_snapshot
2025-04-28,159928,消费ETF,3,0.6800000000000002,reconstructed_candidate_history_not_real_left_snapshot
2025-04-28,512800,银行ETF,4,0.67,reconstructed_candidate_history_not_real_left_snapshot
2025-04-28,588000,科创50ETF,5,0.585,reconstructed_candidate_history_not_real_left_snapshot
2025-04-29,159937,黄金ETF,1,0.8049999999999999,reconstructed_candidate_history_not_real_left_snapshot
2025-04-29,159928,消费ETF,2,0.6800000000000002,reconstructed_candidate_history_not_real_left_snapshot
2025-04-29,512800,银行ETF,3,0.67,reconstructed_candidate_history_not_real_left_snapshot
2025-04-29,510050,上证50ETF,4,0.635,reconstructed_candidate_history_not_real_left_snapshot
2025-04-29,512480,半导体ETF,5,0.56,reconstructed_candidate_history_not_real_left_snapshot
2025-04-30,159937,黄金ETF,1,0.8049999999999999,reconstructed_candidate_history_not_real_left_snapshot
2025-04-30,512480,半导体ETF,2,0.645,reconstructed_candidate_history_not_real_left_snapshot
2025-04-30,159928,消费ETF,3,0.615,reconstructed_candidate_history_not_real_left_snapshot
2025-04-30,510050,上证50ETF,4,0.6050000000000001,reconstructed_candidate_history_not_real_left_snapshot
2025-04-30,512760,芯片ETF,5,0.5950000000000001,reconstructed_candidate_history_not_real_left_snapshot
2025-05-06,159937,黄金ETF,1,0.8049999999999999,reconstructed_candidate_history_not_real_left_snapshot
2025-05-06,159928,消费ETF,2,0.6800000000000002,reconstructed_candidate_history_not_real_left_snapshot
2025-05-06,512480,半导体ETF,3,0.635,reconstructed_candidate_history_not_real_left_snapshot
2025-05-06,588000,科创50ETF,4,0.62,reconstructed_candidate_history_not_real_left_snapshot
2025-05-06,510050,上证50ETF,5,0.6,reconstructed_candidate_history_not_real_left_snapshot
2025-05-07,159937,黄金ETF,1,0.8049999999999999,reconstructed_candidate_history_not_real_left_snapshot
2025-05-07,510050,上证50ETF,2,0.64,reconstructed_candidate_history_not_real_left_snapshot
2025-05-07,512660,军工ETF,3,0.595,reconstructed_candidate_history_not_real_left_snapshot
2025-05-07,159928,消费ETF,4,0.5849999999999999,reconstructed_candidate_history_not_real_left_snapshot
2025-05-07,588000,科创50ETF,5,0.5750000000000001,reconstructed_candidate_history_not_real_left_snapshot
2025-05-08,512660,军工ETF,1,0.62,reconstructed_candidate_history_not_real_left_snapshot
2025-05-08,159937,黄金ETF,2,0.56,reconstructed_candidate_history_not_real_left_snapshot
2025-05-08,512480,半导体ETF,3,0.54,reconstructed_candidate_history_not_real_left_snapshot
2025-05-08,588000,科创50ETF,4,0.5250000000000001,reconstructed_candidate_history_not_real_left_snapshot
2025-05-08,159915,创业板ETF,5,0.515,reconstructed_candidate_history_not_real_left_snapshot
2025-05-09,159937,黄金ETF,1,0.5800000000000001,reconstructed_candidate_history_not_real_left_snapshot
2025-05-09,512660,军工ETF,2,0.5800000000000001,reconstructed_candidate_history_not_real_left_snapshot
2025-05-09,512100,中证1000ETF,3,0.5550000000000002,reconstructed_candidate_history_not_real_left_snapshot
2025-05-09,510300,沪深300ETF,4,0.51,reconstructed_candidate_history_not_real_left_snapshot
2025-05-09,510500,中证500ETF,5,0.47000000000000014,reconstructed_candidate_history_not_real_left_snapshot
2025-05-12,510300,沪深300ETF,1,0.605,reconstructed_candidate_history_not_real_left_snapshot
2025-05-12,512660,军工ETF,2,0.5800000000000001,reconstructed_candidate_history_not_real_left_snapshot
2025-05-12,512100,中证1000ETF,3,0.5400000000000001,reconstructed_candidate_history_not_real_left_snapshot
2025-05-12,159937,黄金ETF,4,0.53,reconstructed_candidate_history_not_real_left_snapshot
2025-05-12,512800,银行ETF,5,0.53,reconstructed_candidate_history_not_real_left_snapshot
2025-05-13,510300,沪深300ETF,1,0.635,reconstructed_candidate_history_not_real_left_snapshot
2025-05-13,512800,银行ETF,2,0.615,reconstructed_candidate_history_not_real_left_snapshot
2025-05-13,510050,上证50ETF,3,0.585,reconstructed_candidate_history_not_real_left_snapshot
2025-05-13,512100,中证1000ETF,4,0.5400000000000001,reconstructed_candidate_history_not_real_left_snapshot
2025-05-13,159915,创业板ETF,5,0.52,reconstructed_candidate_history_not_real_left_snapshot
2025-05-14,512800,银行ETF,1,0.665,reconstructed_candidate_history_not_real_left_snapshot
2025-05-14,510300,沪深300ETF,2,0.6549999999999999,reconstructed_candidate_history_not_real_left_snapshot
2025-05-14,510050,上证50ETF,3,0.635,reconstructed_candidate_history_not_real_left_snapshot
2025-05-14,159915,创业板ETF,4,0.5000000000000001,reconstructed_candidate_history_not_real_left_snapshot
2025-05-14,512100,中证1000ETF,5,0.465,reconstructed_candidate_history_not_real_left_snapshot
2025-05-15,510050,上证50ETF,1,0.69,reconstructed_candidate_history_not_real_left_snapshot
2025-05-15,512800,银行ETF,2,0.67,reconstructed_candidate_history_not_real_left_snapshot
2025-05-15,510300,沪深300ETF,3,0.63,reconstructed_candidate_history_not_real_left_snapshot
2025-05-15,512010,医药ETF,4,0.49,reconstructed_candidate_history_not_real_left_snapshot
2025-05-15,159996,家电ETF,5,0.46499999999999997,reconstructed_candidate_history_not_real_left_snapshot
2025-05-16,510050,上证50ETF,1,0.6499999999999999,reconstructed_candidate_history_not_real_left_snapshot
2025-05-16,510300,沪深300ETF,2,0.625,reconstructed_candidate_history_not_real_left_snapshot
2025-05-16,512800,银行ETF,3,0.6199999999999999,reconstructed_candidate_history_not_real_left_snapshot
2025-05-16,512010,医药ETF,4,0.545,reconstructed_candidate_history_not_real_left_snapshot
2025-05-16,159915,创业板ETF,5,0.48500000000000004,reconstructed_candidate_history_not_real_left_snapshot
2025-05-19,512100,中证1000ETF,1,0.595,reconstructed_candidate_history_not_real_left_snapshot
2025-05-19,510300,沪深300ETF,2,0.5499999999999999,reconstructed_candidate_history_not_real_left_snapshot
2025-05-19,512660,军工ETF,3,0.545,reconstructed_candidate_history_not_real_left_snapshot
2025-05-19,512010,医药ETF,4,0.54,reconstructed_candidate_history_not_real_left_snapshot
2025-05-19,510050,上证50ETF,5,0.535,reconstructed_candidate_history_not_real_left_snapshot
2025-05-20,159992,创新药ETF,1,0.605,reconstructed_candidate_history_not_real_left_snapshot
2025-05-20,512010,医药ETF,2,0.57,reconstructed_candidate_history_not_real_left_snapshot
2025-05-20,510300,沪深300ETF,3,0.5549999999999999,reconstructed_candidate_history_not_real_left_snapshot
2025-05-20,512800,银行ETF,4,0.5449999999999999,reconstructed_candidate_history_not_real_left_snapshot
2025-05-20,159996,家电ETF,5,0.53,reconstructed_candidate_history_not_real_left_snapshot
2025-05-21,159992,创新药ETF,1,0.6,reconstructed_candidate_history_not_real_left_snapshot
2025-05-21,510300,沪深300ETF,2,0.5850000000000001,reconstructed_candidate_history_not_real_left_snapshot
2025-05-21,512010,医药ETF,3,0.575,reconstructed_candidate_history_not_real_left_snapshot
2025-05-21,510050,上证50ETF,4,0.55,reconstructed_candidate_history_not_real_left_snapshot
2025-05-21,512800,银行ETF,5,0.5299999999999999,reconstructed_candidate_history_not_real_left_snapshot
2025-05-22,512800,银行ETF,1,0.6449999999999999,reconstructed_candidate_history_not_real_left_snapshot
2025-05-22,510050,上证50ETF,2,0.63,reconstructed_candidate_history_not_real_left_snapshot
2025-05-22,510300,沪深300ETF,3,0.63,reconstructed_candidate_history_not_real_left_snapshot
2025-05-22,159992,创新药ETF,4,0.5650000000000002,reconstructed_candidate_history_not_real_left_snapshot
2025-05-22,512010,医药ETF,5,0.54,reconstructed_candidate_history_not_real_left_snapshot
2025-05-23,510300,沪深300ETF,1,0.625,reconstructed_candidate_history_not_real_left_snapshot
2025-05-23,512010,医药ETF,2,0.615,reconstructed_candidate_history_not_real_left_snapshot
2025-05-23,510050,上证50ETF,3,0.61,reconstructed_candidate_history_not_real_left_snapshot
2025-05-23,159992,创新药ETF,4,0.5900000000000001,reconstructed_candidate_history_not_real_left_snapshot
2025-05-23,512800,银行ETF,5,0.5799999999999998,reconstructed_candidate_history_not_real_left_snapshot
2025-05-26,159992,创新药ETF,1,0.665,reconstructed_candidate_history_not_real_left_snapshot
2025-05-26,512800,银行ETF,2,0.6649999999999999,reconstructed_candidate_history_not_real_left_snapshot
2025-05-26,510050,上证50ETF,3,0.615,reconstructed_candidate_history_not_real_left_snapshot
2025-05-26,510300,沪深300ETF,4,0.61,reconstructed_candidate_history_not_real_left_snapshot
2025-05-26,512010,医药ETF,5,0.585,reconstructed_candidate_history_not_real_left_snapshot
2025-05-27,159992,创新药ETF,1,0.665,reconstructed_candidate_history_not_real_left_snapshot
2025-05-27,512010,医药ETF,2,0.625,reconstructed_candidate_history_not_real_left_snapshot
2025-05-27,510300,沪深300ETF,3,0.61,reconstructed_candidate_history_not_real_left_snapshot
2025-05-27,512800,银行ETF,4,0.6049999999999999,reconstructed_candidate_history_not_real_left_snapshot
2025-05-27,510050,上证50ETF,5,0.595,reconstructed_candidate_history_not_real_left_snapshot
2025-05-28,159992,创新药ETF,1,0.665,reconstructed_candidate_history_not_real_left_snapshot
2025-05-28,512800,银行ETF,2,0.6649999999999999,reconstructed_candidate_history_not_real_left_snapshot
2025-05-28,512010,医药ETF,3,0.645,reconstructed_candidate_history_not_real_left_snapshot
2025-05-28,510050,上证50ETF,4,0.635,reconstructed_candidate_history_not_real_left_snapshot
2025-05-28,510300,沪深300ETF,5,0.63,reconstructed_candidate_history_not_real_left_snapshot
2025-05-29,512010,医药ETF,1,0.675,reconstructed_candidate_history_not_real_left_snapshot
2025-05-29,159992,创新药ETF,2,0.6600000000000001,reconstructed_candidate_history_not_real_left_snapshot
2025-05-29,512660,军工ETF,3,0.6100000000000001,reconstructed_candidate_history_not_real_left_snapshot
2025-05-29,510300,沪深300ETF,4,0.6,reconstructed_candidate_history_not_real_left_snapshot
2025-05-29,510050,上证50ETF,5,0.55,reconstructed_candidate_history_not_real_left_snapshot
2025-05-30,512010,医药ETF,1,0.675,reconstructed_candidate_history_not_real_left_snapshot
2025-05-30,159992,创新药ETF,2,0.6600000000000001,reconstructed_candidate_history_not_real_left_snapshot
2025-05-30,512800,银行ETF,3,0.63,reconstructed_candidate_history_not_real_left_snapshot
2025-05-30,510300,沪深300ETF,4,0.62,reconstructed_candidate_history_not_real_left_snapshot
2025-05-30,512660,军工ETF,5,0.6100000000000001,reconstructed_candidate_history_not_real_left_snapshot
2025-06-03,512800,银行ETF,1,0.695,reconstructed_candidate_history_not_real_left_snapshot
2025-06-03,159992,创新药ETF,2,0.6600000000000001,reconstructed_candidate_history_not_real_left_snapshot
2025-06-03,512010,医药ETF,3,0.66,reconstructed_candidate_history_not_real_left_snapshot
2025-06-03,510300,沪深300ETF,4,0.655,reconstructed_candidate_history_not_real_left_snapshot
2025-06-03,510050,上证50ETF,5,0.625,reconstructed_candidate_history_not_real_left_snapshot
2025-06-04,512800,银行ETF,1,0.705,reconstructed_candidate_history_not_real_left_snapshot
2025-06-04,510300,沪深300ETF,2,0.665,reconstructed_candidate_history_not_real_left_snapshot
2025-06-04,159992,创新药ETF,3,0.655,reconstructed_candidate_history_not_real_left_snapshot
2025-06-04,512010,医药ETF,4,0.655,reconstructed_candidate_history_not_real_left_snapshot
2025-06-04,510050,上证50ETF,5,0.64,reconstructed_candidate_history_not_real_left_snapshot
2025-06-05,512800,银行ETF,1,0.705,reconstructed_candidate_history_not_real_left_snapshot
2025-06-05,512010,医药ETF,2,0.6649999999999999,reconstructed_candidate_history_not_real_left_snapshot
2025-06-05,510300,沪深300ETF,3,0.66,reconstructed_candidate_history_not_real_left_snapshot
2025-06-05,159992,创新药ETF,4,0.655,reconstructed_candidate_history_not_real_left_snapshot
2025-06-05,510050,上证50ETF,5,0.625,reconstructed_candidate_history_not_real_left_snapshot
2025-06-06,510300,沪深300ETF,1,0.735,reconstructed_candidate_history_not_real_left_snapshot
2025-06-06,512800,银行ETF,2,0.705,reconstructed_candidate_history_not_real_left_snapshot
2025-06-06,512010,医药ETF,3,0.6549999999999999,reconstructed_candidate_history_not_real_left_snapshot
2025-06-06,159992,创新药ETF,4,0.6500000000000001,reconstructed_candidate_history_not_real_left_snapshot
2025-06-06,510050,上证50ETF,5,0.645,reconstructed_candidate_history_not_real_left_snapshot
2025-06-09,512800,银行ETF,1,0.6900000000000001,reconstructed_candidate_history_not_real_left_snapshot
2025-06-09,512010,医药ETF,2,0.67,reconstructed_candidate_history_not_real_left_snapshot
2025-06-09,159992,创新药ETF,3,0.665,reconstructed_candidate_history_not_real_left_snapshot
2025-06-09,510300,沪深300ETF,4,0.6150000000000001,reconstructed_candidate_history_not_real_left_snapshot
2025-06-09,512880,证券ETF,5,0.5900000000000001,reconstructed_candidate_history_not_real_left_snapshot
2025-06-10,512010,医药ETF,1,0.6849999999999999,reconstructed_candidate_history_not_real_left_snapshot
2025-06-10,512800,银行ETF,2,0.67,reconstructed_candidate_history_not_real_left_snapshot
2025-06-10,159992,创新药ETF,3,0.66,reconstructed_candidate_history_not_real_left_snapshot
2025-06-10,510300,沪深300ETF,4,0.6599999999999999,reconstructed_candidate_history_not_real_left_snapshot
2025-06-10,159937,黄金ETF,5,0.655,reconstructed_candidate_history_not_real_left_snapshot
2025-06-11,512010,医药ETF,1,0.69,reconstructed_candidate_history_not_real_left_snapshot
2025-06-11,512800,银行ETF,2,0.675,reconstructed_candidate_history_not_real_left_snapshot
2025-06-11,159992,创新药ETF,3,0.66,reconstructed_candidate_history_not_real_left_snapshot
2025-06-11,510300,沪深300ETF,4,0.6399999999999999,reconstructed_candidate_history_not_real_left_snapshot
2025-06-11,159937,黄金ETF,5,0.635,reconstructed_candidate_history_not_real_left_snapshot
2025-06-12,512010,医药ETF,1,0.6849999999999999,reconstructed_candidate_history_not_real_left_snapshot
2025-06-12,159992,创新药ETF,2,0.68,reconstructed_candidate_history_not_real_left_snapshot
2025-06-12,159937,黄金ETF,3,0.67,reconstructed_candidate_history_not_real_left_snapshot
2025-06-12,510300,沪深300ETF,4,0.6599999999999999,reconstructed_candidate_history_not_real_left_snapshot
2025-06-12,512800,银行ETF,5,0.6450000000000001,reconstructed_candidate_history_not_real_left_snapshot
2025-06-13,159937,黄金ETF,1,0.7249999999999999,reconstructed_candidate_history_not_real_left_snapshot
2025-06-13,159992,创新药ETF,2,0.655,reconstructed_candidate_history_not_real_left_snapshot
2025-06-13,512800,银行ETF,3,0.6450000000000001,reconstructed_candidate_history_not_real_left_snapshot
2025-06-13,512010,医药ETF,4,0.635,reconstructed_candidate_history_not_real_left_snapshot
2025-06-13,510300,沪深300ETF,5,0.615,reconstructed_candidate_history_not_real_left_snapshot
2025-06-16,159937,黄金ETF,1,0.73,reconstructed_candidate_history_not_real_left_snapshot
2025-06-16,512800,银行ETF,2,0.6650000000000001,reconstructed_candidate_history_not_real_left_snapshot
2025-06-16,159992,创新药ETF,3,0.655,reconstructed_candidate_history_not_real_left_snapshot
2025-06-16,512010,医药ETF,4,0.625,reconstructed_candidate_history_not_real_left_snapshot
2025-06-16,510300,沪深300ETF,5,0.615,reconstructed_candidate_history_not_real_left_snapshot
2025-06-17,159937,黄金ETF,1,0.7100000000000001,reconstructed_candidate_history_not_real_left_snapshot
2025-06-17,512800,银行ETF,2,0.7000000000000001,reconstructed_candidate_history_not_real_left_snapshot
2025-06-17,159992,创新药ETF,3,0.65,reconstructed_candidate_history_not_real_left_snapshot
2025-06-17,512880,证券ETF,4,0.6300000000000001,reconstructed_candidate_history_not_real_left_snapshot
2025-06-17,510300,沪深300ETF,5,0.615,reconstructed_candidate_history_not_real_left_snapshot
2025-06-18,512800,银行ETF,1,0.7150000000000001,reconstructed_candidate_history_not_real_left_snapshot
2025-06-18,159937,黄金ETF,2,0.7100000000000001,reconstructed_candidate_history_not_real_left_snapshot
2025-06-18,510300,沪深300ETF,3,0.6200000000000001,reconstructed_candidate_history_not_real_left_snapshot
2025-06-18,159992,创新药ETF,4,0.62,reconstructed_candidate_history_not_real_left_snapshot
2025-06-18,512660,军工ETF,5,0.615,reconstructed_candidate_history_not_real_left_snapshot
2025-06-19,159937,黄金ETF,1,0.75,reconstructed_candidate_history_not_real_left_snapshot
2025-06-19,512800,银行ETF,2,0.7100000000000001,reconstructed_candidate_history_not_real_left_snapshot
2025-06-19,510300,沪深300ETF,3,0.655,reconstructed_candidate_history_not_real_left_snapshot
2025-06-19,159992,创新药ETF,4,0.62,reconstructed_candidate_history_not_real_left_snapshot
2025-06-19,510050,上证50ETF,5,0.615,reconstructed_candidate_history_not_real_left_snapshot
2025-06-20,512800,银行ETF,1,0.725,reconstructed_candidate_history_not_real_left_snapshot
2025-06-20,159937,黄金ETF,2,0.715,reconstructed_candidate_history_not_real_left_snapshot
2025-06-20,510300,沪深300ETF,3,0.675,reconstructed_candidate_history_not_real_left_snapshot
2025-06-20,510500,中证500ETF,4,0.6200000000000001,reconstructed_candidate_history_not_real_left_snapshot
2025-06-20,159992,创新药ETF,5,0.62,reconstructed_candidate_history_not_real_left_snapshot
2025-06-23,512800,银行ETF,1,0.7399999999999999,reconstructed_candidate_history_not_real_left_snapshot
2025-06-23,512880,证券ETF,2,0.645,reconstructed_candidate_history_not_real_left_snapshot
2025-06-23,159937,黄金ETF,3,0.6299999999999999,reconstructed_candidate_history_not_real_left_snapshot
2025-06-23,510300,沪深300ETF,4,0.6000000000000001,reconstructed_candidate_history_not_real_left_snapshot
2025-06-23,510050,上证50ETF,5,0.5950000000000001,reconstructed_candidate_history_not_real_left_snapshot
2025-06-24,512800,银行ETF,1,0.7549999999999999,reconstructed_candidate_history_not_real_left_snapshot
2025-06-24,512880,证券ETF,2,0.645,reconstructed_candidate_history_not_real_left_snapshot
2025-06-24,510050,上证50ETF,3,0.63,reconstructed_candidate_history_not_real_left_snapshot
2025-06-24,510300,沪深300ETF,4,0.6200000000000001,reconstructed_candidate_history_not_real_left_snapshot
2025-06-24,159992,创新药ETF,5,0.6050000000000001,reconstructed_candidate_history_not_real_left_snapshot
2025-06-25,512800,银行ETF,1,0.745,reconstructed_candidate_history_not_real_left_snapshot
2025-06-25,512880,证券ETF,2,0.7150000000000001,reconstructed_candidate_history_not_real_left_snapshot
2025-06-25,510300,沪深300ETF,3,0.605,reconstructed_candidate_history_not_real_left_snapshot
2025-06-25,159915,创业板ETF,4,0.6000000000000001,reconstructed_candidate_history_not_real_left_snapshot
2025-06-25,512660,军工ETF,5,0.5700000000000001,reconstructed_candidate_history_not_real_left_snapshot
2025-06-26,512800,银行ETF,1,0.745,reconstructed_candidate_history_not_real_left_snapshot
2025-06-26,512880,证券ETF,2,0.685,reconstructed_candidate_history_not_real_left_snapshot
2025-06-26,510300,沪深300ETF,3,0.6200000000000001,reconstructed_candidate_history_not_real_left_snapshot
2025-06-26,510050,上证50ETF,4,0.5950000000000001,reconstructed_candidate_history_not_real_left_snapshot
2025-06-26,512660,军工ETF,5,0.5950000000000001,reconstructed_candidate_history_not_real_left_snapshot
2025-06-27,512800,银行ETF,1,0.7149999999999999,reconstructed_candidate_history_not_real_left_snapshot
2025-06-27,512880,证券ETF,2,0.7100000000000001,reconstructed_candidate_history_not_real_left_snapshot
2025-06-27,510300,沪深300ETF,3,0.625,reconstructed_candidate_history_not_real_left_snapshot
2025-06-27,512660,军工ETF,4,0.6100000000000001,reconstructed_candidate_history_not_real_left_snapshot
2025-06-27,159915,创业板ETF,5,0.585,reconstructed_candidate_history_not_real_left_snapshot
2025-06-30,512660,军工ETF,1,0.6900000000000001,reconstructed_candidate_history_not_real_left_snapshot
2025-06-30,512880,证券ETF,2,0.685,reconstructed_candidate_history_not_real_left_snapshot
2025-06-30,512800,银行ETF,3,0.6499999999999999,reconstructed_candidate_history_not_real_left_snapshot
2025-06-30,159915,创业板ETF,4,0.6300000000000001,reconstructed_candidate_history_not_real_left_snapshot
2025-06-30,159949,创业板50ETF,5,0.61,reconstructed_candidate_history_not_real_left_snapshot
2025-07-01,512660,军工ETF,1,0.6950000000000001,reconstructed_candidate_history_not_real_left_snapshot
2025-07-01,512800,银行ETF,2,0.66,reconstructed_candidate_history_not_real_left_snapshot
2025-07-01,512880,证券ETF,3,0.6500000000000001,reconstructed_candidate_history_not_real_left_snapshot
2025-07-01,159915,创业板ETF,4,0.635,reconstructed_candidate_history_not_real_left_snapshot
2025-07-01,159949,创业板50ETF,5,0.6000000000000001,reconstructed_candidate_history_not_real_left_snapshot
2025-07-02,512660,军工ETF,1,0.7050000000000001,reconstructed_candidate_history_not_real_left_snapshot
2025-07-02,512800,银行ETF,2,0.705,reconstructed_candidate_history_not_real_left_snapshot
2025-07-02,510300,沪深300ETF,3,0.6399999999999999,reconstructed_candidate_history_not_real_left_snapshot
2025-07-02,510050,上证50ETF,4,0.635,reconstructed_candidate_history_not_real_left_snapshot
2025-07-02,512880,证券ETF,5,0.635,reconstructed_candidate_history_not_real_left_snapshot
2025-07-03,512800,银行ETF,1,0.7349999999999999,reconstructed_candidate_history_not_real_left_snapshot
2025-07-03,159915,创业板ETF,2,0.6700000000000002,reconstructed_candidate_history_not_real_left_snapshot
2025-07-03,159949,创业板50ETF,3,0.665,reconstructed_candidate_history_not_real_left_snapshot
2025-07-03,512660,军工ETF,4,0.665,reconstructed_candidate_history_not_real_left_snapshot
2025-07-03,510300,沪深300ETF,5,0.625,reconstructed_candidate_history_not_real_left_snapshot
2025-07-04,512800,银行ETF,1,0.72,reconstructed_candidate_history_not_real_left_snapshot
2025-07-04,159949,创业板50ETF,2,0.6849999999999999,reconstructed_candidate_history_not_real_left_snapshot
2025-07-04,159915,创业板ETF,3,0.6800000000000002,reconstructed_candidate_history_not_real_left_snapshot
2025-07-04,510300,沪深300ETF,4,0.67,reconstructed_candidate_history_not_real_left_snapshot
2025-07-04,512660,军工ETF,5,0.655,reconstructed_candidate_history_not_real_left_snapshot
2025-07-07,512800,银行ETF,1,0.7649999999999999,reconstructed_candidate_history_not_real_left_snapshot
2025-07-07,159915,创业板ETF,2,0.675,reconstructed_candidate_history_not_real_left_snapshot
2025-07-07,159949,创业板50ETF,3,0.67,reconstructed_candidate_history_not_real_left_snapshot
2025-07-07,510300,沪深300ETF,4,0.655,reconstructed_candidate_history_not_real_left_snapshot
2025-07-07,512660,军工ETF,5,0.65,reconstructed_candidate_history_not_real_left_snapshot
2025-07-08,512800,银行ETF,1,0.7250000000000001,reconstructed_candidate_history_not_real_left_snapshot
2025-07-08,159949,创业板50ETF,2,0.725,reconstructed_candidate_history_not_real_left_snapshot
2025-07-08,159915,创业板ETF,3,0.7100000000000002,reconstructed_candidate_history_not_real_left_snapshot
2025-07-08,512100,中证1000ETF,4,0.61,reconstructed_candidate_history_not_real_left_snapshot
2025-07-08,512880,证券ETF,5,0.6000000000000001,reconstructed_candidate_history_not_real_left_snapshot
2025-07-09,512800,银行ETF,1,0.76,reconstructed_candidate_history_not_real_left_snapshot
2025-07-09,159915,创业板ETF,2,0.7100000000000002,reconstructed_candidate_history_not_real_left_snapshot
2025-07-09,159949,创业板50ETF,3,0.6900000000000001,reconstructed_candidate_history_not_real_left_snapshot
2025-07-09,510300,沪深300ETF,4,0.635,reconstructed_candidate_history_not_real_left_snapshot
2025-07-09,512100,中证1000ETF,5,0.635,reconstructed_candidate_history_not_real_left_snapshot
2025-07-10,512800,银行ETF,1,0.7549999999999999,reconstructed_candidate_history_not_real_left_snapshot
2025-07-10,159915,创业板ETF,2,0.7100000000000002,reconstructed_candidate_history_not_real_left_snapshot
2025-07-10,159949,创业板50ETF,3,0.6900000000000001,reconstructed_candidate_history_not_real_left_snapshot
2025-07-10,510300,沪深300ETF,4,0.685,reconstructed_candidate_history_not_real_left_snapshot
2025-07-10,512880,证券ETF,5,0.6300000000000001,reconstructed_candidate_history_not_real_left_snapshot
2025-07-11,159915,创业板ETF,1,0.7200000000000002,reconstructed_candidate_history_not_real_left_snapshot
2025-07-11,512880,证券ETF,2,0.7200000000000001,reconstructed_candidate_history_not_real_left_snapshot
2025-07-11,159949,创业板50ETF,3,0.705,reconstructed_candidate_history_not_real_left_snapshot
2025-07-11,512800,银行ETF,4,0.675,reconstructed_candidate_history_not_real_left_snapshot
2025-07-11,510300,沪深300ETF,5,0.625,reconstructed_candidate_history_not_real_left_snapshot
2025-07-14,159949,创业板50ETF,1,0.725,reconstructed_candidate_history_not_real_left_snapshot
2025-07-14,512800,银行ETF,2,0.72,reconstructed_candidate_history_not_real_left_snapshot
2025-07-14,159915,创业板ETF,3,0.685,reconstructed_candidate_history_not_real_left_snapshot
2025-07-14,512880,证券ETF,4,0.6800000000000002,reconstructed_candidate_history_not_real_left_snapshot
2025-07-14,512100,中证1000ETF,5,0.61,reconstructed_candidate_history_not_real_left_snapshot
2025-07-15,159915,创业板ETF,1,0.7450000000000001,reconstructed_candidate_history_not_real_left_snapshot
2025-07-15,159949,创业板50ETF,2,0.72,reconstructed_candidate_history_not_real_left_snapshot
2025-07-15,512800,银行ETF,3,0.665,reconstructed_candidate_history_not_real_left_snapshot
2025-07-15,512880,证券ETF,4,0.6300000000000001,reconstructed_candidate_history_not_real_left_snapshot
2025-07-15,159992,创新药ETF,5,0.595,reconstructed_candidate_history_not_real_left_snapshot
2025-07-16,159915,创业板ETF,1,0.7450000000000001,reconstructed_candidate_history_not_real_left_snapshot
2025-07-16,159949,创业板50ETF,2,0.72,reconstructed_candidate_history_not_real_left_snapshot
2025-07-16,512880,证券ETF,3,0.6500000000000001,reconstructed_candidate_history_not_real_left_snapshot
2025-07-16,512100,中证1000ETF,4,0.63,reconstructed_candidate_history_not_real_left_snapshot
2025-07-16,159992,创新药ETF,5,0.615,reconstructed_candidate_history_not_real_left_snapshot
2025-07-17,159915,创业板ETF,1,0.7250000000000002,reconstructed_candidate_history_not_real_left_snapshot
2025-07-17,159949,创业板50ETF,2,0.72,reconstructed_candidate_history_not_real_left_snapshot
2025-07-17,159992,创新药ETF,3,0.635,reconstructed_candidate_history_not_real_left_snapshot
2025-07-17,512880,证券ETF,4,0.6200000000000001,reconstructed_candidate_history_not_real_left_snapshot
2025-07-17,512100,中证1000ETF,5,0.61,reconstructed_candidate_history_not_real_left_snapshot
2025-07-18,159915,创业板ETF,1,0.7250000000000002,reconstructed_candidate_history_not_real_left_snapshot
2025-07-18,159949,创业板50ETF,2,0.7050000000000001,reconstructed_candidate_history_not_real_left_snapshot
2025-07-18,159992,创新药ETF,3,0.6499999999999999,reconstructed_candidate_history_not_real_left_snapshot
2025-07-18,512880,证券ETF,4,0.6150000000000001,reconstructed_candidate_history_not_real_left_snapshot
2025-07-18,512100,中证1000ETF,5,0.59,reconstructed_candidate_history_not_real_left_snapshot
2025-07-21,159915,创业板ETF,1,0.7650000000000001,reconstructed_candidate_history_not_real_left_snapshot
2025-07-21,159949,创业板50ETF,2,0.73,reconstructed_candidate_history_not_real_left_snapshot
2025-07-21,512880,证券ETF,3,0.6300000000000001,reconstructed_candidate_history_not_real_left_snapshot
2025-07-21,512100,中证1000ETF,4,0.605,reconstructed_candidate_history_not_real_left_snapshot
2025-07-21,512660,军工ETF,5,0.6,reconstructed_candidate_history_not_real_left_snapshot
2025-07-22,159915,创业板ETF,1,0.7550000000000001,reconstructed_candidate_history_not_real_left_snapshot
2025-07-22,159949,创业板50ETF,2,0.72,reconstructed_candidate_history_not_real_left_snapshot
2025-07-22,512660,军工ETF,3,0.62,reconstructed_candidate_history_not_real_left_snapshot
2025-07-22,510500,中证500ETF,4,0.6150000000000001,reconstructed_candidate_history_not_real_left_snapshot
2025-07-22,512880,证券ETF,5,0.6100000000000001,reconstructed_candidate_history_not_real_left_snapshot
2025-07-23,159915,创业板ETF,1,0.7450000000000001,reconstructed_candidate_history_not_real_left_snapshot
2025-07-23,159949,创业板50ETF,2,0.705,reconstructed_candidate_history_not_real_left_snapshot
2025-07-23,512100,中证1000ETF,3,0.635,reconstructed_candidate_history_not_real_left_snapshot
2025-07-23,159992,创新药ETF,4,0.6250000000000001,reconstructed_candidate_history_not_real_left_snapshot
2025-07-23,510500,中证500ETF,5,0.6250000000000001,reconstructed_candidate_history_not_real_left_snapshot
2025-07-24,159915,创业板ETF,1,0.7350000000000001,reconstructed_candidate_history_not_real_left_snapshot
2025-07-24,159949,创业板50ETF,2,0.6900000000000001,reconstructed_candidate_history_not_real_left_snapshot
2025-07-24,512880,证券ETF,3,0.6750000000000002,reconstructed_candidate_history_not_real_left_snapshot
2025-07-24,159992,创新药ETF,4,0.655,reconstructed_candidate_history_not_real_left_snapshot
2025-07-24,512100,中证1000ETF,5,0.6149999999999999,reconstructed_candidate_history_not_real_left_snapshot
2025-07-25,159915,创业板ETF,1,0.7300000000000002,reconstructed_candidate_history_not_real_left_snapshot
2025-07-25,159949,创业板50ETF,2,0.7,reconstructed_candidate_history_not_real_left_snapshot
2025-07-25,512880,证券ETF,3,0.6800000000000002,reconstructed_candidate_history_not_real_left_snapshot
2025-07-25,159992,创新药ETF,4,0.6400000000000001,reconstructed_candidate_history_not_real_left_snapshot
2025-07-25,510500,中证500ETF,5,0.6,reconstructed_candidate_history_not_real_left_snapshot
2025-07-28,159915,创业板ETF,1,0.7150000000000001,reconstructed_candidate_history_not_real_left_snapshot
2025-07-28,159949,创业板50ETF,2,0.675,reconstructed_candidate_history_not_real_left_snapshot
2025-07-28,512880,证券ETF,3,0.6600000000000001,reconstructed_candidate_history_not_real_left_snapshot
2025-07-28,159992,创新药ETF,4,0.6350000000000001,reconstructed_candidate_history_not_real_left_snapshot
2025-07-28,512010,医药ETF,5,0.6249999999999999,reconstructed_candidate_history_not_real_left_snapshot
2025-07-29,159915,创业板ETF,1,0.7000000000000002,reconstructed_candidate_history_not_real_left_snapshot
2025-07-29,512880,证券ETF,2,0.6800000000000002,reconstructed_candidate_history_not_real_left_snapshot
2025-07-29,159949,创业板50ETF,3,0.66,reconstructed_candidate_history_not_real_left_snapshot
2025-07-29,159992,创新药ETF,4,0.65,reconstructed_candidate_history_not_real_left_snapshot
2025-07-29,512010,医药ETF,5,0.5999999999999999,reconstructed_candidate_history_not_real_left_snapshot
2025-07-30,159915,创业板ETF,1,0.7050000000000002,reconstructed_candidate_history_not_real_left_snapshot
2025-07-30,159949,创业板50ETF,2,0.675,reconstructed_candidate_history_not_real_left_snapshot
2025-07-30,159992,创新药ETF,3,0.65,reconstructed_candidate_history_not_real_left_snapshot
2025-07-30,512880,证券ETF,4,0.6400000000000001,reconstructed_candidate_history_not_real_left_snapshot
2025-07-30,512010,医药ETF,5,0.635,reconstructed_candidate_history_not_real_left_snapshot
2025-07-31,159915,创业板ETF,1,0.7100000000000002,reconstructed_candidate_history_not_real_left_snapshot
2025-07-31,159949,创业板50ETF,2,0.675,reconstructed_candidate_history_not_real_left_snapshot
2025-07-31,159992,创新药ETF,3,0.65,reconstructed_candidate_history_not_real_left_snapshot
2025-07-31,512010,医药ETF,4,0.6200000000000001,reconstructed_candidate_history_not_real_left_snapshot
2025-07-31,512880,证券ETF,5,0.6050000000000001,reconstructed_candidate_history_not_real_left_snapshot
2025-08-01,159915,创业板ETF,1,0.7150000000000001,reconstructed_candidate_history_not_real_left_snapshot
2025-08-01,159949,创业板50ETF,2,0.675,reconstructed_candidate_history_not_real_left_snapshot
2025-08-01,159992,创新药ETF,3,0.65,reconstructed_candidate_history_not_real_left_snapshot
2025-08-01,512100,中证1000ETF,4,0.64,reconstructed_candidate_history_not_real_left_snapshot
2025-08-01,512010,医药ETF,5,0.6100000000000001,reconstructed_candidate_history_not_real_left_snapshot
2025-08-04,159915,创业板ETF,1,0.7250000000000001,reconstructed_candidate_history_not_real_left_snapshot
2025-08-04,159949,创业板50ETF,2,0.675,reconstructed_candidate_history_not_real_left_snapshot
2025-08-04,159992,创新药ETF,3,0.65,reconstructed_candidate_history_not_real_left_snapshot
2025-08-04,512010,医药ETF,4,0.605,reconstructed_candidate_history_not_real_left_snapshot
2025-08-04,512100,中证1000ETF,5,0.575,reconstructed_candidate_history_not_real_left_snapshot
2025-08-05,159915,创业板ETF,1,0.71,reconstructed_candidate_history_not_real_left_snapshot
2025-08-05,159949,创业板50ETF,2,0.685,reconstructed_candidate_history_not_real_left_snapshot
2025-08-05,159992,创新药ETF,3,0.65,reconstructed_candidate_history_not_real_left_snapshot
2025-08-05,512010,医药ETF,4,0.6399999999999999,reconstructed_candidate_history_not_real_left_snapshot
2025-08-05,512100,中证1000ETF,5,0.595,reconstructed_candidate_history_not_real_left_snapshot
2025-08-06,159915,创业板ETF,1,0.6900000000000002,reconstructed_candidate_history_not_real_left_snapshot
2025-08-06,159992,创新药ETF,2,0.655,reconstructed_candidate_history_not_real_left_snapshot
2025-08-06,512660,军工ETF,3,0.655,reconstructed_candidate_history_not_real_left_snapshot
2025-08-06,159949,创业板50ETF,4,0.6500000000000001,reconstructed_candidate_history_not_real_left_snapshot
2025-08-06,512100,中证1000ETF,5,0.595,reconstructed_candidate_history_not_real_left_snapshot
2025-08-07,512660,军工ETF,1,0.6900000000000001,reconstructed_candidate_history_not_real_left_snapshot
2025-08-07,159915,创业板ETF,2,0.6300000000000001,reconstructed_candidate_history_not_real_left_snapshot
2025-08-07,159992,创新药ETF,3,0.63,reconstructed_candidate_history_not_real_left_snapshot
2025-08-07,512100,中证1000ETF,4,0.625,reconstructed_candidate_history_not_real_left_snapshot
2025-08-07,512480,半导体ETF,5,0.59,reconstructed_candidate_history_not_real_left_snapshot
2025-08-08,512100,中证1000ETF,1,0.685,reconstructed_candidate_history_not_real_left_snapshot
2025-08-08,512660,军工ETF,2,0.685,reconstructed_candidate_history_not_real_left_snapshot
2025-08-08,159915,创业板ETF,3,0.6700000000000002,reconstructed_candidate_history_not_real_left_snapshot
2025-08-08,159992,创新药ETF,4,0.635,reconstructed_candidate_history_not_real_left_snapshot
2025-08-08,159949,创业板50ETF,5,0.6200000000000001,reconstructed_candidate_history_not_real_left_snapshot
2025-08-11,159915,创业板ETF,1,0.7050000000000001,reconstructed_candidate_history_not_real_left_snapshot
2025-08-11,512660,军工ETF,2,0.6950000000000001,reconstructed_candidate_history_not_real_left_snapshot
2025-08-11,512100,中证1000ETF,3,0.675,reconstructed_candidate_history_not_real_left_snapshot
2025-08-11,159949,创业板50ETF,4,0.6550000000000001,reconstructed_candidate_history_not_real_left_snapshot
2025-08-11,159992,创新药ETF,5,0.635,reconstructed_candidate_history_not_real_left_snapshot
2025-08-12,159915,创业板ETF,1,0.7150000000000001,reconstructed_candidate_history_not_real_left_snapshot
2025-08-12,512100,中证1000ETF,2,0.7150000000000001,reconstructed_candidate_history_not_real_left_snapshot
2025-08-12,512660,军工ETF,3,0.665,reconstructed_candidate_history_not_real_left_snapshot
2025-08-12,159949,创业板50ETF,4,0.655,reconstructed_candidate_history_not_real_left_snapshot
2025-08-12,512480,半导体ETF,5,0.6100000000000001,reconstructed_candidate_history_not_real_left_snapshot
2025-08-13,159915,创业板ETF,1,0.75,reconstructed_candidate_history_not_real_left_snapshot
2025-08-13,159949,创业板50ETF,2,0.725,reconstructed_candidate_history_not_real_left_snapshot
2025-08-13,512660,军工ETF,3,0.625,reconstructed_candidate_history_not_real_left_snapshot
2025-08-13,512100,中证1000ETF,4,0.6199999999999999,reconstructed_candidate_history_not_real_left_snapshot
2025-08-13,159992,创新药ETF,5,0.5750000000000001,reconstructed_candidate_history_not_real_left_snapshot
2025-08-14,159949,创业板50ETF,1,0.735,reconstructed_candidate_history_not_real_left_snapshot
2025-08-14,159915,创业板ETF,2,0.7300000000000002,reconstructed_candidate_history_not_real_left_snapshot
2025-08-14,512480,半导体ETF,3,0.645,reconstructed_candidate_history_not_real_left_snapshot
2025-08-14,588000,科创50ETF,4,0.59,reconstructed_candidate_history_not_real_left_snapshot
2025-08-14,512100,中证1000ETF,5,0.58,reconstructed_candidate_history_not_real_left_snapshot
2025-08-15,159915,创业板ETF,1,0.75,reconstructed_candidate_history_not_real_left_snapshot
2025-08-15,159949,创业板50ETF,2,0.735,reconstructed_candidate_history_not_real_left_snapshot
2025-08-15,512880,证券ETF,3,0.6850000000000002,reconstructed_candidate_history_not_real_left_snapshot
2025-08-15,512480,半导体ETF,4,0.6599999999999999,reconstructed_candidate_history_not_real_left_snapshot
2025-08-15,512100,中证1000ETF,5,0.59,reconstructed_candidate_history_not_real_left_snapshot
2025-08-18,159915,创业板ETF,1,0.7400000000000001,reconstructed_candidate_history_not_real_left_snapshot
2025-08-18,159949,创业板50ETF,2,0.72,reconstructed_candidate_history_not_real_left_snapshot
2025-08-18,512480,半导体ETF,3,0.6599999999999999,reconstructed_candidate_history_not_real_left_snapshot
2025-08-18,512880,证券ETF,4,0.6300000000000001,reconstructed_candidate_history_not_real_left_snapshot
2025-08-18,588000,科创50ETF,5,0.6050000000000001,reconstructed_candidate_history_not_real_left_snapshot
2025-08-19,159915,创业板ETF,1,0.77,reconstructed_candidate_history_not_real_left_snapshot
2025-08-19,159949,创业板50ETF,2,0.73,reconstructed_candidate_history_not_real_left_snapshot
2025-08-19,512480,半导体ETF,3,0.6400000000000001,reconstructed_candidate_history_not_real_left_snapshot
2025-08-19,512100,中证1000ETF,4,0.625,reconstructed_candidate_history_not_real_left_snapshot
2025-08-19,512880,证券ETF,5,0.6000000000000001,reconstructed_candidate_history_not_real_left_snapshot
2025-08-20,159915,创业板ETF,1,0.7350000000000001,reconstructed_candidate_history_not_real_left_snapshot
2025-08-20,159949,创业板50ETF,2,0.705,reconstructed_candidate_history_not_real_left_snapshot
2025-08-20,512480,半导体ETF,3,0.685,reconstructed_candidate_history_not_real_left_snapshot
2025-08-20,512100,中证1000ETF,4,0.6399999999999999,reconstructed_candidate_history_not_real_left_snapshot
2025-08-20,588000,科创50ETF,5,0.6000000000000001,reconstructed_candidate_history_not_real_left_snapshot
2025-08-21,159915,创业板ETF,1,0.6949999999999998,reconstructed_candidate_history_not_real_left_snapshot
2025-08-21,159949,创业板50ETF,2,0.68,reconstructed_candidate_history_not_real_left_snapshot
2025-08-21,512480,半导体ETF,3,0.675,reconstructed_candidate_history_not_real_left_snapshot
2025-08-21,512100,中证1000ETF,4,0.62,reconstructed_candidate_history_not_real_left_snapshot
2025-08-21,588000,科创50ETF,5,0.6150000000000001,reconstructed_candidate_history_not_real_left_snapshot
2025-08-22,512480,半导体ETF,1,0.7300000000000001,reconstructed_candidate_history_not_real_left_snapshot
2025-08-22,159915,创业板ETF,2,0.705,reconstructed_candidate_history_not_real_left_snapshot
2025-08-22,588000,科创50ETF,3,0.665,reconstructed_candidate_history_not_real_left_snapshot
2025-08-22,159949,创业板50ETF,4,0.6600000000000001,reconstructed_candidate_history_not_real_left_snapshot
2025-08-22,588080,科创板50ETF,5,0.6050000000000001,reconstructed_candidate_history_not_real_left_snapshot
2025-08-25,512480,半导体ETF,1,0.7300000000000001,reconstructed_candidate_history_not_real_left_snapshot
2025-08-25,159915,创业板ETF,2,0.7,reconstructed_candidate_history_not_real_left_snapshot
2025-08-25,588000,科创50ETF,3,0.6799999999999999,reconstructed_candidate_history_not_real_left_snapshot
2025-08-25,159949,创业板50ETF,4,0.6600000000000001,reconstructed_candidate_history_not_real_left_snapshot
2025-08-25,588080,科创板50ETF,5,0.6150000000000001,reconstructed_candidate_history_not_real_left_snapshot
2025-08-26,159915,创业板ETF,1,0.705,reconstructed_candidate_history_not_real_left_snapshot
2025-08-26,512480,半导体ETF,2,0.685,reconstructed_candidate_history_not_real_left_snapshot
2025-08-26,588000,科创50ETF,3,0.6799999999999999,reconstructed_candidate_history_not_real_left_snapshot
2025-08-26,159949,创业板50ETF,4,0.6600000000000001,reconstructed_candidate_history_not_real_left_snapshot
2025-08-26,588080,科创板50ETF,5,0.6150000000000001,reconstructed_candidate_history_not_real_left_snapshot
2025-08-27,159915,创业板ETF,1,0.705,reconstructed_candidate_history_not_real_left_snapshot
2025-08-27,512480,半导体ETF,2,0.685,reconstructed_candidate_history_not_real_left_snapshot
2025-08-27,588000,科创50ETF,3,0.6799999999999999,reconstructed_candidate_history_not_real_left_snapshot
2025-08-27,159949,创业板50ETF,4,0.675,reconstructed_candidate_history_not_real_left_snapshot
2025-08-27,588080,科创板50ETF,5,0.6150000000000001,reconstructed_candidate_history_not_real_left_snapshot
2025-08-28,159915,创业板ETF,1,0.705,reconstructed_candidate_history_not_real_left_snapshot
2025-08-28,512480,半导体ETF,2,0.6900000000000001,reconstructed_candidate_history_not_real_left_snapshot
2025-08-28,588000,科创50ETF,3,0.6749999999999999,reconstructed_candidate_history_not_real_left_snapshot
2025-08-28,159949,创业板50ETF,4,0.6700000000000002,reconstructed_candidate_history_not_real_left_snapshot
2025-08-28,588080,科创板50ETF,5,0.6150000000000001,reconstructed_candidate_history_not_real_left_snapshot
2025-08-29,588000,科创50ETF,1,0.71,reconstructed_candidate_history_not_real_left_snapshot
2025-08-29,159915,创业板ETF,2,0.705,reconstructed_candidate_history_not_real_left_snapshot
2025-08-29,588080,科创板50ETF,3,0.675,reconstructed_candidate_history_not_real_left_snapshot
2025-08-29,159949,创业板50ETF,4,0.6700000000000002,reconstructed_candidate_history_not_real_left_snapshot
2025-08-29,512480,半导体ETF,5,0.635,reconstructed_candidate_history_not_real_left_snapshot
2025-09-01,159949,创业板50ETF,1,0.7349999999999999,reconstructed_candidate_history_not_real_left_snapshot
2025-09-01,159915,创业板ETF,2,0.71,reconstructed_candidate_history_not_real_left_snapshot
2025-09-01,588000,科创50ETF,3,0.6600000000000001,reconstructed_candidate_history_not_real_left_snapshot
2025-09-01,588080,科创板50ETF,4,0.6550000000000001,reconstructed_candidate_history_not_real_left_snapshot
2025-09-01,512480,半导体ETF,5,0.6300000000000001,reconstructed_candidate_history_not_real_left_snapshot
2025-09-02,159949,创业板50ETF,1,0.73,reconstructed_candidate_history_not_real_left_snapshot
2025-09-02,159915,创业板ETF,2,0.7,reconstructed_candidate_history_not_real_left_snapshot
2025-09-02,588000,科创50ETF,3,0.6950000000000001,reconstructed_candidate_history_not_real_left_snapshot
2025-09-02,588080,科创板50ETF,4,0.6600000000000001,reconstructed_candidate_history_not_real_left_snapshot
2025-09-02,512480,半导体ETF,5,0.6000000000000001,reconstructed_candidate_history_not_real_left_snapshot
2025-09-03,159915,创业板ETF,1,0.77,reconstructed_candidate_history_not_real_left_snapshot
2025-09-03,159949,创业板50ETF,2,0.77,reconstructed_candidate_history_not_real_left_snapshot
2025-09-03,588000,科创50ETF,3,0.675,reconstructed_candidate_history_not_real_left_snapshot
2025-09-03,588080,科创板50ETF,4,0.675,reconstructed_candidate_history_not_real_left_snapshot
2025-09-03,512480,半导体ETF,5,0.6050000000000001,reconstructed_candidate_history_not_real_left_snapshot
2025-09-04,159915,创业板ETF,1,0.78,reconstructed_candidate_history_not_real_left_snapshot
2025-09-04,159949,创业板50ETF,2,0.77,reconstructed_candidate_history_not_real_left_snapshot
2025-09-04,588000,科创50ETF,3,0.6950000000000001,reconstructed_candidate_history_not_real_left_snapshot
2025-09-04,588080,科创板50ETF,4,0.6600000000000001,reconstructed_candidate_history_not_real_left_snapshot
2025-09-04,510300,沪深300ETF,5,0.545,reconstructed_candidate_history_not_real_left_snapshot
2025-09-05,159915,创业板ETF,1,0.78,reconstructed_candidate_history_not_real_left_snapshot
2025-09-05,159949,创业板50ETF,2,0.77,reconstructed_candidate_history_not_real_left_snapshot
2025-09-05,588000,科创50ETF,3,0.675,reconstructed_candidate_history_not_real_left_snapshot
2025-09-05,588080,科创板50ETF,4,0.625,reconstructed_candidate_history_not_real_left_snapshot
2025-09-05,515030,新能源车ETF,5,0.5800000000000002,reconstructed_candidate_history_not_real_left_snapshot
2025-09-08,159915,创业板ETF,1,0.78,reconstructed_candidate_history_not_real_left_snapshot
2025-09-08,159949,创业板50ETF,2,0.77,reconstructed_candidate_history_not_real_left_snapshot
2025-09-08,588000,科创50ETF,3,0.675,reconstructed_candidate_history_not_real_left_snapshot
2025-09-08,588080,科创板50ETF,4,0.625,reconstructed_candidate_history_not_real_left_snapshot
2025-09-08,515030,新能源车ETF,5,0.5800000000000002,reconstructed_candidate_history_not_real_left_snapshot
2025-09-09,159915,创业板ETF,1,0.76,reconstructed_candidate_history_not_real_left_snapshot
2025-09-09,159949,创业板50ETF,2,0.76,reconstructed_candidate_history_not_real_left_snapshot
2025-09-09,588000,科创50ETF,3,0.675,reconstructed_candidate_history_not_real_left_snapshot
2025-09-09,515030,新能源车ETF,4,0.625,reconstructed_candidate_history_not_real_left_snapshot
2025-09-09,588080,科创板50ETF,5,0.625,reconstructed_candidate_history_not_real_left_snapshot
2025-09-10,159949,创业板50ETF,1,0.76,reconstructed_candidate_history_not_real_left_snapshot
2025-09-10,159915,创业板ETF,2,0.72,reconstructed_candidate_history_not_real_left_snapshot
2025-09-10,588000,科创50ETF,3,0.6950000000000001,reconstructed_candidate_history_not_real_left_snapshot
2025-09-10,588080,科创板50ETF,4,0.645,reconstructed_candidate_history_not_real_left_snapshot
2025-09-10,515030,新能源车ETF,5,0.6200000000000001,reconstructed_candidate_history_not_real_left_snapshot
2025-09-11,159915,创业板ETF,1,0.78,reconstructed_candidate_history_not_real_left_snapshot
2025-09-11,159949,创业板50ETF,2,0.78,reconstructed_candidate_history_not_real_left_snapshot
2025-09-11,588000,科创50ETF,3,0.675,reconstructed_candidate_history_not_real_left_snapshot
2025-09-11,588080,科创板50ETF,4,0.625,reconstructed_candidate_history_not_real_left_snapshot
2025-09-11,515030,新能源车ETF,5,0.5800000000000002,reconstructed_candidate_history_not_real_left_snapshot
2025-09-12,159949,创业板50ETF,1,0.78,reconstructed_candidate_history_not_real_left_snapshot
2025-09-12,588000,科创50ETF,2,0.73,reconstructed_candidate_history_not_real_left_snapshot
2025-09-12,159915,创业板ETF,3,0.7,reconstructed_candidate_history_not_real_left_snapshot
2025-09-12,588080,科创板50ETF,4,0.68,reconstructed_candidate_history_not_real_left_snapshot
2025-09-12,510500,中证500ETF,5,0.5499999999999999,reconstructed_candidate_history_not_real_left_snapshot
2025-09-15,159949,创业板50ETF,1,0.76,reconstructed_candidate_history_not_real_left_snapshot
2025-09-15,159915,创业板ETF,2,0.7,reconstructed_candidate_history_not_real_left_snapshot
2025-09-15,588000,科创50ETF,3,0.675,reconstructed_candidate_history_not_real_left_snapshot
2025-09-15,588080,科创板50ETF,4,0.6400000000000001,reconstructed_candidate_history_not_real_left_snapshot
2025-09-15,515030,新能源车ETF,5,0.6050000000000001,reconstructed_candidate_history_not_real_left_snapshot
2025-09-16,159949,创业板50ETF,1,0.72,reconstructed_candidate_history_not_real_left_snapshot
2025-09-16,588000,科创50ETF,2,0.6900000000000002,reconstructed_candidate_history_not_real_left_snapshot
2025-09-16,588080,科创板50ETF,3,0.68,reconstructed_candidate_history_not_real_left_snapshot
2025-09-16,159915,创业板ETF,4,0.6799999999999999,reconstructed_candidate_history_not_real_left_snapshot
2025-09-16,512760,芯片ETF,5,0.5850000000000001,reconstructed_candidate_history_not_real_left_snapshot
2025-09-17,159949,创业板50ETF,1,0.78,reconstructed_candidate_history_not_real_left_snapshot
2025-09-17,159915,创业板ETF,2,0.76,reconstructed_candidate_history_not_real_left_snapshot
2025-09-17,588000,科创50ETF,3,0.6900000000000002,reconstructed_candidate_history_not_real_left_snapshot
2025-09-17,588080,科创板50ETF,4,0.6400000000000001,reconstructed_candidate_history_not_real_left_snapshot
2025-09-17,515030,新能源车ETF,5,0.5700000000000001,reconstructed_candidate_history_not_real_left_snapshot
2025-09-18,159949,创业板50ETF,1,0.76,reconstructed_candidate_history_not_real_left_snapshot
2025-09-18,159915,创业板ETF,2,0.7,reconstructed_candidate_history_not_real_left_snapshot
2025-09-18,588000,科创50ETF,3,0.675,reconstructed_candidate_history_not_real_left_snapshot
2025-09-18,588080,科创板50ETF,4,0.625,reconstructed_candidate_history_not_real_left_snapshot
2025-09-18,512760,芯片ETF,5,0.5850000000000002,reconstructed_candidate_history_not_real_left_snapshot
2025-09-19,159915,创业板ETF,1,0.76,reconstructed_candidate_history_not_real_left_snapshot
2025-09-19,159949,创业板50ETF,2,0.75,reconstructed_candidate_history_not_real_left_snapshot
2025-09-19,588000,科创50ETF,3,0.6799999999999999,reconstructed_candidate_history_not_real_left_snapshot
2025-09-19,588080,科创板50ETF,4,0.6050000000000001,reconstructed_candidate_history_not_real_left_snapshot
2025-09-19,515030,新能源车ETF,5,0.56,reconstructed_candidate_history_not_real_left_snapshot
2025-09-22,159915,创业板ETF,1,0.76,reconstructed_candidate_history_not_real_left_snapshot
2025-09-22,159949,创业板50ETF,2,0.75,reconstructed_candidate_history_not_real_left_snapshot
2025-09-22,588000,科创50ETF,3,0.6399999999999999,reconstructed_candidate_history_not_real_left_snapshot
2025-09-22,588080,科创板50ETF,4,0.6150000000000001,reconstructed_candidate_history_not_real_left_snapshot
2025-09-22,512480,半导体ETF,5,0.5850000000000001,reconstructed_candidate_history_not_real_left_snapshot
2025-09-23,159915,创业板ETF,1,0.76,reconstructed_candidate_history_not_real_left_snapshot
2025-09-23,159949,创业板50ETF,2,0.75,reconstructed_candidate_history_not_real_left_snapshot
2025-09-23,588000,科创50ETF,3,0.6399999999999999,reconstructed_candidate_history_not_real_left_snapshot
2025-09-23,588080,科创板50ETF,4,0.6000000000000001,reconstructed_candidate_history_not_real_left_snapshot
2025-09-23,512480,半导体ETF,5,0.5850000000000001,reconstructed_candidate_history_not_real_left_snapshot
2025-09-24,159949,创业板50ETF,1,0.755,reconstructed_candidate_history_not_real_left_snapshot
2025-09-24,159915,创业板ETF,2,0.72,reconstructed_candidate_history_not_real_left_snapshot
2025-09-24,512480,半导体ETF,3,0.6300000000000001,reconstructed_candidate_history_not_real_left_snapshot
2025-09-24,588000,科创50ETF,4,0.6149999999999998,reconstructed_candidate_history_not_real_left_snapshot
2025-09-24,512760,芯片ETF,5,0.5800000000000001,reconstructed_candidate_history_not_real_left_snapshot
2025-09-25,159949,创业板50ETF,1,0.75,reconstructed_candidate_history_not_real_left_snapshot
2025-09-25,159915,创业板ETF,2,0.72,reconstructed_candidate_history_not_real_left_snapshot
2025-09-25,512480,半导体ETF,3,0.6300000000000001,reconstructed_candidate_history_not_real_left_snapshot
2025-09-25,588000,科创50ETF,4,0.6199999999999999,reconstructed_candidate_history_not_real_left_snapshot
2025-09-25,512760,芯片ETF,5,0.56,reconstructed_candidate_history_not_real_left_snapshot
2025-09-26,159949,创业板50ETF,1,0.7250000000000001,reconstructed_candidate_history_not_real_left_snapshot
2025-09-26,159915,创业板ETF,2,0.6600000000000001,reconstructed_candidate_history_not_real_left_snapshot
2025-09-26,512480,半导体ETF,3,0.6500000000000001,reconstructed_candidate_history_not_real_left_snapshot
2025-09-26,588000,科创50ETF,4,0.615,reconstructed_candidate_history_not_real_left_snapshot
2025-09-26,512760,芯片ETF,5,0.6050000000000001,reconstructed_candidate_history_not_real_left_snapshot
2025-09-29,159949,创业板50ETF,1,0.745,reconstructed_candidate_history_not_real_left_snapshot
2025-09-29,159915,创业板ETF,2,0.7250000000000001,reconstructed_candidate_history_not_real_left_snapshot
2025-09-29,512480,半导体ETF,3,0.6150000000000001,reconstructed_candidate_history_not_real_left_snapshot
2025-09-29,588000,科创50ETF,4,0.6000000000000001,reconstructed_candidate_history_not_real_left_snapshot
2025-09-29,512760,芯片ETF,5,0.5850000000000001,reconstructed_candidate_history_not_real_left_snapshot
2025-09-30,159949,创业板50ETF,1,0.7000000000000001,reconstructed_candidate_history_not_real_left_snapshot
2025-09-30,512480,半导体ETF,2,0.6750000000000002,reconstructed_candidate_history_not_real_left_snapshot
2025-09-30,159915,创业板ETF,3,0.645,reconstructed_candidate_history_not_real_left_snapshot
2025-09-30,588000,科创50ETF,4,0.6199999999999999,reconstructed_candidate_history_not_real_left_snapshot
2025-09-30,512760,芯片ETF,5,0.6050000000000001,reconstructed_candidate_history_not_real_left_snapshot
2025-10-09,512480,半导体ETF,1,0.6900000000000001,reconstructed_candidate_history_not_real_left_snapshot
2025-10-09,588000,科创50ETF,2,0.675,reconstructed_candidate_history_not_real_left_snapshot
2025-10-09,588080,科创板50ETF,3,0.6500000000000001,reconstructed_candidate_history_not_real_left_snapshot
2025-10-09,512760,芯片ETF,4,0.62,reconstructed_candidate_history_not_real_left_snapshot
2025-10-09,159949,创业板50ETF,5,0.6150000000000001,reconstructed_candidate_history_not_real_left_snapshot
2025-10-10,512480,半导体ETF,1,0.7200000000000001,reconstructed_candidate_history_not_real_left_snapshot
2025-10-10,588000,科创50ETF,2,0.685,reconstructed_candidate_history_not_real_left_snapshot
2025-10-10,588080,科创板50ETF,3,0.6600000000000001,reconstructed_candidate_history_not_real_left_snapshot
2025-10-10,512760,芯片ETF,4,0.64,reconstructed_candidate_history_not_real_left_snapshot
2025-10-10,159949,创业板50ETF,5,0.6150000000000001,reconstructed_candidate_history_not_real_left_snapshot
2025-10-13,512480,半导体ETF,1,0.745,reconstructed_candidate_history_not_real_left_snapshot
2025-10-13,588000,科创50ETF,2,0.7149999999999999,reconstructed_candidate_history_not_real_left_snapshot
2025-10-13,588080,科创板50ETF,3,0.675,reconstructed_candidate_history_not_real_left_snapshot
2025-10-13,512760,芯片ETF,4,0.5950000000000001,reconstructed_candidate_history_not_real_left_snapshot
2025-10-13,510500,中证500ETF,5,0.5599999999999999,reconstructed_candidate_history_not_real_left_snapshot
2025-10-14,512480,半导体ETF,1,0.7250000000000001,reconstructed_candidate_history_not_real_left_snapshot
2025-10-14,588000,科创50ETF,2,0.6850000000000002,reconstructed_candidate_history_not_real_left_snapshot
2025-10-14,588080,科创板50ETF,3,0.655,reconstructed_candidate_history_not_real_left_snapshot
2025-10-14,512760,芯片ETF,4,0.615,reconstructed_candidate_history_not_real_left_snapshot
2025-10-14,159937,黄金ETF,5,0.6,reconstructed_candidate_history_not_real_left_snapshot
2025-10-15,512480,半导体ETF,1,0.7300000000000001,reconstructed_candidate_history_not_real_left_snapshot
2025-10-15,588000,科创50ETF,2,0.6799999999999999,reconstructed_candidate_history_not_real_left_snapshot
2025-10-15,588080,科创板50ETF,3,0.655,reconstructed_candidate_history_not_real_left_snapshot
2025-10-15,512760,芯片ETF,4,0.61,reconstructed_candidate_history_not_real_left_snapshot
2025-10-15,159937,黄金ETF,5,0.595,reconstructed_candidate_history_not_real_left_snapshot
2025-10-16,512480,半导体ETF,1,0.7300000000000001,reconstructed_candidate_history_not_real_left_snapshot
2025-10-16,588000,科创50ETF,2,0.6550000000000001,reconstructed_candidate_history_not_real_left_snapshot
2025-10-16,588080,科创板50ETF,3,0.6399999999999999,reconstructed_candidate_history_not_real_left_snapshot
2025-10-16,512760,芯片ETF,4,0.61,reconstructed_candidate_history_not_real_left_snapshot
2025-10-16,159937,黄金ETF,5,0.605,reconstructed_candidate_history_not_real_left_snapshot
2025-10-17,512480,半导体ETF,1,0.7050000000000001,reconstructed_candidate_history_not_real_left_snapshot
2025-10-17,588000,科创50ETF,2,0.6700000000000002,reconstructed_candidate_history_not_real_left_snapshot
2025-10-17,159937,黄金ETF,3,0.6399999999999999,reconstructed_candidate_history_not_real_left_snapshot
2025-10-17,588080,科创板50ETF,4,0.6300000000000001,reconstructed_candidate_history_not_real_left_snapshot
2025-10-17,512760,芯片ETF,5,0.5950000000000001,reconstructed_candidate_history_not_real_left_snapshot
2025-10-20,512480,半导体ETF,1,0.685,reconstructed_candidate_history_not_real_left_snapshot
2025-10-20,588000,科创50ETF,2,0.655,reconstructed_candidate_history_not_real_left_snapshot
2025-10-20,159937,黄金ETF,3,0.6399999999999999,reconstructed_candidate_history_not_real_left_snapshot
2025-10-20,588080,科创板50ETF,4,0.615,reconstructed_candidate_history_not_real_left_snapshot
2025-10-20,510300,沪深300ETF,5,0.605,reconstructed_candidate_history_not_real_left_snapshot
2025-10-21,512480,半导体ETF,1,0.675,reconstructed_candidate_history_not_real_left_snapshot
2025-10-21,588000,科创50ETF,2,0.655,reconstructed_candidate_history_not_real_left_snapshot
2025-10-21,159937,黄金ETF,3,0.6399999999999999,reconstructed_candidate_history_not_real_left_snapshot
2025-10-21,159949,创业板50ETF,4,0.635,reconstructed_candidate_history_not_real_left_snapshot
2025-10-21,512760,芯片ETF,5,0.615,reconstructed_candidate_history_not_real_left_snapshot
2025-10-22,512480,半导体ETF,1,0.675,reconstructed_candidate_history_not_real_left_snapshot
2025-10-22,588000,科创50ETF,2,0.675,reconstructed_candidate_history_not_real_left_snapshot
2025-10-22,159937,黄金ETF,3,0.6499999999999999,reconstructed_candidate_history_not_real_left_snapshot
2025-10-22,588080,科创板50ETF,4,0.625,reconstructed_candidate_history_not_real_left_snapshot
2025-10-22,512760,芯片ETF,5,0.615,reconstructed_candidate_history_not_real_left_snapshot
2025-10-23,512480,半导体ETF,1,0.66,reconstructed_candidate_history_not_real_left_snapshot
2025-10-23,159937,黄金ETF,2,0.6499999999999999,reconstructed_candidate_history_not_real_left_snapshot
2025-10-23,588000,科创50ETF,3,0.615,reconstructed_candidate_history_not_real_left_snapshot
2025-10-23,512760,芯片ETF,4,0.61,reconstructed_candidate_history_not_real_left_snapshot
2025-10-23,510050,上证50ETF,5,0.5950000000000001,reconstructed_candidate_history_not_real_left_snapshot
2025-10-24,512480,半导体ETF,1,0.6950000000000001,reconstructed_candidate_history_not_real_left_snapshot
2025-10-24,588000,科创50ETF,2,0.675,reconstructed_candidate_history_not_real_left_snapshot
2025-10-24,159937,黄金ETF,3,0.6499999999999999,reconstructed_candidate_history_not_real_left_snapshot
2025-10-24,588080,科创板50ETF,4,0.625,reconstructed_candidate_history_not_real_left_snapshot
2025-10-24,512760,芯片ETF,5,0.6050000000000001,reconstructed_candidate_history_not_real_left_snapshot
2025-10-27,588000,科创50ETF,1,0.675,reconstructed_candidate_history_not_real_left_snapshot
2025-10-27,512480,半导体ETF,2,0.6700000000000002,reconstructed_candidate_history_not_real_left_snapshot
2025-10-27,159949,创业板50ETF,3,0.655,reconstructed_candidate_history_not_real_left_snapshot
2025-10-27,159937,黄金ETF,4,0.6499999999999999,reconstructed_candidate_history_not_real_left_snapshot
2025-10-27,588080,科创板50ETF,5,0.625,reconstructed_candidate_history_not_real_left_snapshot
2025-10-28,512480,半导体ETF,1,0.68,reconstructed_candidate_history_not_real_left_snapshot
2025-10-28,159937,黄金ETF,2,0.655,reconstructed_candidate_history_not_real_left_snapshot
2025-10-28,159949,创业板50ETF,3,0.655,reconstructed_candidate_history_not_real_left_snapshot
2025-10-28,588000,科创50ETF,4,0.615,reconstructed_candidate_history_not_real_left_snapshot
2025-10-28,512760,芯片ETF,5,0.6050000000000001,reconstructed_candidate_history_not_real_left_snapshot
2025-10-29,159949,创业板50ETF,1,0.745,reconstructed_candidate_history_not_real_left_snapshot
2025-10-29,159915,创业板ETF,2,0.67,reconstructed_candidate_history_not_real_left_snapshot
2025-10-29,588000,科创50ETF,3,0.645,reconstructed_candidate_history_not_real_left_snapshot
2025-10-29,159937,黄金ETF,4,0.615,reconstructed_candidate_history_not_real_left_snapshot
2025-10-29,515030,新能源车ETF,5,0.5700000000000001,reconstructed_candidate_history_not_real_left_snapshot
2025-10-30,159949,创业板50ETF,1,0.6850000000000002,reconstructed_candidate_history_not_real_left_snapshot
2025-10-30,510300,沪深300ETF,2,0.66,reconstructed_candidate_history_not_real_left_snapshot
2025-10-30,159937,黄金ETF,3,0.6499999999999999,reconstructed_candidate_history_not_real_left_snapshot
2025-10-30,510050,上证50ETF,4,0.6300000000000001,reconstructed_candidate_history_not_real_left_snapshot
2025-10-30,515030,新能源车ETF,5,0.6150000000000001,reconstructed_candidate_history_not_real_left_snapshot
2025-10-31,159937,黄金ETF,1,0.6699999999999999,reconstructed_candidate_history_not_real_left_snapshot
2025-10-31,510300,沪深300ETF,2,0.6200000000000001,reconstructed_candidate_history_not_real_left_snapshot
2025-10-31,515030,新能源车ETF,3,0.615,reconstructed_candidate_history_not_real_left_snapshot
2025-10-31,510050,上证50ETF,4,0.5900000000000001,reconstructed_candidate_history_not_real_left_snapshot
2025-10-31,512880,证券ETF,5,0.565,reconstructed_candidate_history_not_real_left_snapshot
2025-11-03,159937,黄金ETF,1,0.6699999999999999,reconstructed_candidate_history_not_real_left_snapshot
2025-11-03,159949,创业板50ETF,2,0.645,reconstructed_candidate_history_not_real_left_snapshot
2025-11-03,510300,沪深300ETF,3,0.6400000000000001,reconstructed_candidate_history_not_real_left_snapshot
2025-11-03,159915,创业板ETF,4,0.63,reconstructed_candidate_history_not_real_left_snapshot
2025-11-03,510050,上证50ETF,5,0.6100000000000001,reconstructed_candidate_history_not_real_left_snapshot
2025-11-04,510300,沪深300ETF,1,0.655,reconstructed_candidate_history_not_real_left_snapshot
2025-11-04,159937,黄金ETF,2,0.6499999999999999,reconstructed_candidate_history_not_real_left_snapshot
2025-11-04,510050,上证50ETF,3,0.645,reconstructed_candidate_history_not_real_left_snapshot
2025-11-04,510500,中证500ETF,4,0.5449999999999999,reconstructed_candidate_history_not_real_left_snapshot
2025-11-04,159915,创业板ETF,5,0.535,reconstructed_candidate_history_not_real_left_snapshot
2025-11-05,510300,沪深300ETF,1,0.655,reconstructed_candidate_history_not_real_left_snapshot
2025-11-05,159937,黄金ETF,2,0.6499999999999999,reconstructed_candidate_history_not_real_left_snapshot
2025-11-05,510050,上证50ETF,3,0.645,reconstructed_candidate_history_not_real_left_snapshot
2025-11-05,159915,创业板ETF,4,0.63,reconstructed_candidate_history_not_real_left_snapshot
2025-11-05,159949,创业板50ETF,5,0.6200000000000001,reconstructed_candidate_history_not_real_left_snapshot
2025-11-06,510050,上证50ETF,1,0.665,reconstructed_candidate_history_not_real_left_snapshot
2025-11-06,159949,创业板50ETF,2,0.6600000000000001,reconstructed_candidate_history_not_real_left_snapshot
2025-11-06,510300,沪深300ETF,3,0.655,reconstructed_candidate_history_not_real_left_snapshot
2025-11-06,159937,黄金ETF,4,0.6300000000000001,reconstructed_candidate_history_not_real_left_snapshot
2025-11-06,159915,创业板ETF,5,0.5950000000000001,reconstructed_candidate_history_not_real_left_snapshot
2025-11-07,159915,创业板ETF,1,0.7250000000000001,reconstructed_candidate_history_not_real_left_snapshot
2025-11-07,159949,创业板50ETF,2,0.7050000000000001,reconstructed_candidate_history_not_real_left_snapshot
2025-11-07,515030,新能源车ETF,3,0.63,reconstructed_candidate_history_not_real_left_snapshot
2025-11-07,510050,上证50ETF,4,0.6050000000000001,reconstructed_candidate_history_not_real_left_snapshot
2025-11-07,510300,沪深300ETF,5,0.605,reconstructed_candidate_history_not_real_left_snapshot
2025-11-10,159915,创业板ETF,1,0.71,reconstructed_candidate_history_not_real_left_snapshot
2025-11-10,159949,创业板50ETF,2,0.6950000000000001,reconstructed_candidate_history_not_real_left_snapshot
2025-11-10,510050,上证50ETF,3,0.6100000000000001,reconstructed_candidate_history_not_real_left_snapshot
2025-11-10,510300,沪深300ETF,4,0.5850000000000001,reconstructed_candidate_history_not_real_left_snapshot
2025-11-10,515030,新能源车ETF,5,0.5500000000000002,reconstructed_candidate_history_not_real_left_snapshot
2025-11-11,159949,创业板50ETF,1,0.7450000000000001,reconstructed_candidate_history_not_real_left_snapshot
2025-11-11,159915,创业板ETF,2,0.705,reconstructed_candidate_history_not_real_left_snapshot
2025-11-11,515030,新能源车ETF,3,0.635,reconstructed_candidate_history_not_real_left_snapshot
2025-11-11,510050,上证50ETF,4,0.6050000000000001,reconstructed_candidate_history_not_real_left_snapshot
2025-11-11,510300,沪深300ETF,5,0.605,reconstructed_candidate_history_not_real_left_snapshot
2025-11-12,159915,创业板ETF,1,0.7450000000000001,reconstructed_candidate_history_not_real_left_snapshot
2025-11-12,159949,创业板50ETF,2,0.7250000000000001,reconstructed_candidate_history_not_real_left_snapshot
2025-11-12,510050,上证50ETF,3,0.6250000000000001,reconstructed_candidate_history_not_real_left_snapshot
2025-11-12,510300,沪深300ETF,4,0.605,reconstructed_candidate_history_not_real_left_snapshot
2025-11-12,515030,新能源车ETF,5,0.595,reconstructed_candidate_history_not_real_left_snapshot
2025-11-13,159949,创业板50ETF,1,0.7300000000000001,reconstructed_candidate_history_not_real_left_snapshot
2025-11-13,159915,创业板ETF,2,0.6900000000000001,reconstructed_candidate_history_not_real_left_snapshot
2025-11-13,515030,新能源车ETF,3,0.63,reconstructed_candidate_history_not_real_left_snapshot
2025-11-13,510050,上证50ETF,4,0.585,reconstructed_candidate_history_not_real_left_snapshot
2025-11-13,510300,沪深300ETF,5,0.5800000000000001,reconstructed_candidate_history_not_real_left_snapshot
2025-11-14,159915,创业板ETF,1,0.74,reconstructed_candidate_history_not_real_left_snapshot
2025-11-14,159949,创业板50ETF,2,0.7250000000000001,reconstructed_candidate_history_not_real_left_snapshot
2025-11-14,515030,新能源车ETF,3,0.635,reconstructed_candidate_history_not_real_left_snapshot
2025-11-14,510300,沪深300ETF,4,0.5800000000000001,reconstructed_candidate_history_not_real_left_snapshot
2025-11-14,510050,上证50ETF,5,0.545,reconstructed_candidate_history_not_real_left_snapshot
2025-11-17,159915,创业板ETF,1,0.7200000000000001,reconstructed_candidate_history_not_real_left_snapshot
2025-11-17,159949,创业板50ETF,2,0.6900000000000001,reconstructed_candidate_history_not_real_left_snapshot
2025-11-17,515030,新能源车ETF,3,0.63,reconstructed_candidate_history_not_real_left_snapshot
2025-11-17,510050,上证50ETF,4,0.585,reconstructed_candidate_history_not_real_left_snapshot
2025-11-17,510300,沪深300ETF,5,0.5800000000000001,reconstructed_candidate_history_not_real_left_snapshot
2025-11-18,510050,上证50ETF,1,0.6250000000000001,reconstructed_candidate_history_not_real_left_snapshot
2025-11-18,515030,新能源车ETF,2,0.62,reconstructed_candidate_history_not_real_left_snapshot
2025-11-18,512100,中证1000ETF,3,0.58,reconstructed_candidate_history_not_real_left_snapshot
2025-11-18,510300,沪深300ETF,4,0.56,reconstructed_candidate_history_not_real_left_snapshot
2025-11-18,159915,创业板ETF,5,0.555,reconstructed_candidate_history_not_real_left_snapshot
2025-11-19,159915,创业板ETF,1,0.6550000000000001,reconstructed_candidate_history_not_real_left_snapshot
2025-11-19,510050,上证50ETF,2,0.6400000000000001,reconstructed_candidate_history_not_real_left_snapshot
2025-11-19,515030,新能源车ETF,3,0.62,reconstructed_candidate_history_not_real_left_snapshot
2025-11-19,159949,创业板50ETF,4,0.5950000000000001,reconstructed_candidate_history_not_real_left_snapshot
2025-11-19,510300,沪深300ETF,5,0.58,reconstructed_candidate_history_not_real_left_snapshot
2025-11-20,159915,创业板ETF,1,0.6750000000000002,reconstructed_candidate_history_not_real_left_snapshot
2025-11-20,510050,上证50ETF,2,0.66,reconstructed_candidate_history_not_real_left_snapshot
2025-11-20,515030,新能源车ETF,3,0.62,reconstructed_candidate_history_not_real_left_snapshot
2025-11-20,510300,沪深300ETF,4,0.605,reconstructed_candidate_history_not_real_left_snapshot
2025-11-20,512800,银行ETF,5,0.6,reconstructed_candidate_history_not_real_left_snapshot
2025-11-21,159937,黄金ETF,1,0.685,reconstructed_candidate_history_not_real_left_snapshot
2025-11-21,510050,上证50ETF,2,0.6200000000000001,reconstructed_candidate_history_not_real_left_snapshot
2025-11-21,512800,银行ETF,3,0.62,reconstructed_candidate_history_not_real_left_snapshot
2025-11-21,510300,沪深300ETF,4,0.595,reconstructed_candidate_history_not_real_left_snapshot
2025-11-21,515030,新能源车ETF,5,0.5400000000000001,reconstructed_candidate_history_not_real_left_snapshot
2025-11-24,159937,黄金ETF,1,0.69,reconstructed_candidate_history_not_real_left_snapshot
2025-11-24,510050,上证50ETF,2,0.6200000000000001,reconstructed_candidate_history_not_real_left_snapshot
2025-11-24,512800,银行ETF,3,0.62,reconstructed_candidate_history_not_real_left_snapshot
2025-11-24,510300,沪深300ETF,4,0.55,reconstructed_candidate_history_not_real_left_snapshot
2025-11-24,512690,酒ETF,5,0.515,reconstructed_candidate_history_not_real_left_snapshot
2025-11-25,159937,黄金ETF,1,0.77,reconstructed_candidate_history_not_real_left_snapshot
2025-11-25,510050,上证50ETF,2,0.6050000000000001,reconstructed_candidate_history_not_real_left_snapshot
2025-11-25,512800,银行ETF,3,0.605,reconstructed_candidate_history_not_real_left_snapshot
2025-11-25,515030,新能源车ETF,4,0.5400000000000001,reconstructed_candidate_history_not_real_left_snapshot
2025-11-25,510300,沪深300ETF,5,0.535,reconstructed_candidate_history_not_real_left_snapshot
2025-11-26,159937,黄金ETF,1,0.765,reconstructed_candidate_history_not_real_left_snapshot
2025-11-26,510050,上证50ETF,2,0.6200000000000001,reconstructed_candidate_history_not_real_left_snapshot
2025-11-26,512800,银行ETF,3,0.605,reconstructed_candidate_history_not_real_left_snapshot
2025-11-26,510300,沪深300ETF,4,0.58,reconstructed_candidate_history_not_real_left_snapshot
2025-11-26,159915,创业板ETF,5,0.5149999999999999,reconstructed_candidate_history_not_real_left_snapshot
2025-11-27,159937,黄金ETF,1,0.765,reconstructed_candidate_history_not_real_left_snapshot
2025-11-27,512800,银行ETF,2,0.605,reconstructed_candidate_history_not_real_left_snapshot
2025-11-27,510050,上证50ETF,3,0.6,reconstructed_candidate_history_not_real_left_snapshot
2025-11-27,510300,沪深300ETF,4,0.5700000000000001,reconstructed_candidate_history_not_real_left_snapshot
2025-11-27,159915,创业板ETF,5,0.5149999999999999,reconstructed_candidate_history_not_real_left_snapshot
2025-11-28,159937,黄金ETF,1,0.765,reconstructed_candidate_history_not_real_left_snapshot
2025-11-28,510050,上证50ETF,2,0.7000000000000001,reconstructed_candidate_history_not_real_left_snapshot
2025-11-28,512800,银行ETF,3,0.6749999999999999,reconstructed_candidate_history_not_real_left_snapshot
2025-11-28,510300,沪深300ETF,4,0.665,reconstructed_candidate_history_not_real_left_snapshot
2025-11-28,159915,创业板ETF,5,0.575,reconstructed_candidate_history_not_real_left_snapshot
2025-12-01,159937,黄金ETF,1,0.7899999999999999,reconstructed_candidate_history_not_real_left_snapshot
2025-12-01,510050,上证50ETF,2,0.655,reconstructed_candidate_history_not_real_left_snapshot
2025-12-01,510300,沪深300ETF,3,0.645,reconstructed_candidate_history_not_real_left_snapshot
2025-12-01,512800,银行ETF,4,0.645,reconstructed_candidate_history_not_real_left_snapshot
2025-12-01,159915,创业板ETF,5,0.5149999999999999,reconstructed_candidate_history_not_real_left_snapshot
2025-12-02,159937,黄金ETF,1,0.7849999999999999,reconstructed_candidate_history_not_real_left_snapshot
2025-12-02,512800,银行ETF,2,0.7050000000000001,reconstructed_candidate_history_not_real_left_snapshot
2025-12-02,510050,上证50ETF,3,0.66,reconstructed_candidate_history_not_real_left_snapshot
2025-12-02,510300,沪深300ETF,4,0.615,reconstructed_candidate_history_not_real_left_snapshot
2025-12-02,159996,家电ETF,5,0.5599999999999999,reconstructed_candidate_history_not_real_left_snapshot
2025-12-03,159937,黄金ETF,1,0.7899999999999999,reconstructed_candidate_history_not_real_left_snapshot
2025-12-03,510050,上证50ETF,2,0.6400000000000001,reconstructed_candidate_history_not_real_left_snapshot
2025-12-03,510300,沪深300ETF,3,0.64,reconstructed_candidate_history_not_real_left_snapshot
2025-12-03,512800,银行ETF,4,0.5850000000000001,reconstructed_candidate_history_not_real_left_snapshot
2025-12-03,159996,家电ETF,5,0.5599999999999999,reconstructed_candidate_history_not_real_left_snapshot
2025-12-04,159937,黄金ETF,1,0.775,reconstructed_candidate_history_not_real_left_snapshot
2025-12-04,510300,沪深300ETF,2,0.6,reconstructed_candidate_history_not_real_left_snapshot
2025-12-04,510050,上证50ETF,3,0.5800000000000001,reconstructed_candidate_history_not_real_left_snapshot
2025-12-04,512800,银行ETF,4,0.575,reconstructed_candidate_history_not_real_left_snapshot
2025-12-04,159996,家电ETF,5,0.5650000000000001,reconstructed_candidate_history_not_real_left_snapshot
2025-12-05,159937,黄金ETF,1,0.775,reconstructed_candidate_history_not_real_left_snapshot
2025-12-05,510050,上证50ETF,2,0.5800000000000001,reconstructed_candidate_history_not_real_left_snapshot
2025-12-05,510300,沪深300ETF,3,0.5800000000000001,reconstructed_candidate_history_not_real_left_snapshot
2025-12-05,159949,创业板50ETF,4,0.515,reconstructed_candidate_history_not_real_left_snapshot
2025-12-05,159996,家电ETF,5,0.515,reconstructed_candidate_history_not_real_left_snapshot
2025-12-08,159937,黄金ETF,1,0.7899999999999999,reconstructed_candidate_history_not_real_left_snapshot
2025-12-08,159915,创业板ETF,2,0.6849999999999998,reconstructed_candidate_history_not_real_left_snapshot
2025-12-08,159949,创业板50ETF,3,0.6450000000000001,reconstructed_candidate_history_not_real_left_snapshot
2025-12-08,512480,半导体ETF,4,0.6000000000000001,reconstructed_candidate_history_not_real_left_snapshot
2025-12-08,510300,沪深300ETF,5,0.545,reconstructed_candidate_history_not_real_left_snapshot
2025-12-09,159949,创业板50ETF,1,0.7300000000000001,reconstructed_candidate_history_not_real_left_snapshot
2025-12-09,159915,创业板ETF,2,0.72,reconstructed_candidate_history_not_real_left_snapshot
2025-12-09,159937,黄金ETF,3,0.7100000000000001,reconstructed_candidate_history_not_real_left_snapshot
2025-12-09,512480,半导体ETF,4,0.6400000000000001,reconstructed_candidate_history_not_real_left_snapshot
2025-12-09,510300,沪深300ETF,5,0.585,reconstructed_candidate_history_not_real_left_snapshot
2025-12-10,159915,创业板ETF,1,0.72,reconstructed_candidate_history_not_real_left_snapshot
2025-12-10,159949,创业板50ETF,2,0.7100000000000001,reconstructed_candidate_history_not_real_left_snapshot
2025-12-10,512480,半导体ETF,3,0.68,reconstructed_candidate_history_not_real_left_snapshot
2025-12-10,159937,黄金ETF,4,0.655,reconstructed_candidate_history_not_real_left_snapshot
2025-12-10,512660,军工ETF,5,0.575,reconstructed_candidate_history_not_real_left_snapshot
2025-12-11,159937,黄金ETF,1,0.725,reconstructed_candidate_history_not_real_left_snapshot
2025-12-11,159949,创业板50ETF,2,0.6950000000000001,reconstructed_candidate_history_not_real_left_snapshot
2025-12-11,159915,创业板ETF,3,0.6849999999999998,reconstructed_candidate_history_not_real_left_snapshot
2025-12-11,512480,半导体ETF,4,0.615,reconstructed_candidate_history_not_real_left_snapshot
2025-12-11,512660,军工ETF,5,0.575,reconstructed_candidate_history_not_real_left_snapshot
2025-12-12,159915,创业板ETF,1,0.6849999999999998,reconstructed_candidate_history_not_real_left_snapshot
2025-12-12,159949,创业板50ETF,2,0.68,reconstructed_candidate_history_not_real_left_snapshot
2025-12-12,512480,半导体ETF,3,0.6600000000000001,reconstructed_candidate_history_not_real_left_snapshot
2025-12-12,159937,黄金ETF,4,0.655,reconstructed_candidate_history_not_real_left_snapshot
2025-12-12,512660,军工ETF,5,0.605,reconstructed_candidate_history_not_real_left_snapshot
2025-12-15,159937,黄金ETF,1,0.7599999999999999,reconstructed_candidate_history_not_real_left_snapshot
2025-12-15,159915,创业板ETF,2,0.7149999999999999,reconstructed_candidate_history_not_real_left_snapshot
2025-12-15,159949,创业板50ETF,3,0.6750000000000002,reconstructed_candidate_history_not_real_left_snapshot
2025-12-15,512660,军工ETF,4,0.615,reconstructed_candidate_history_not_real_left_snapshot
2025-12-15,510050,上证50ETF,5,0.5800000000000001,reconstructed_candidate_history_not_real_left_snapshot
2025-12-16,159937,黄金ETF,1,0.7599999999999999,reconstructed_candidate_history_not_real_left_snapshot
2025-12-16,159915,创业板ETF,2,0.7,reconstructed_candidate_history_not_real_left_snapshot
2025-12-16,159949,创业板50ETF,3,0.66,reconstructed_candidate_history_not_real_left_snapshot
2025-12-16,512660,军工ETF,4,0.6599999999999999,reconstructed_candidate_history_not_real_left_snapshot
2025-12-16,510300,沪深300ETF,5,0.645,reconstructed_candidate_history_not_real_left_snapshot
2025-12-17,159949,创业板50ETF,1,0.7300000000000001,reconstructed_candidate_history_not_real_left_snapshot
2025-12-17,159937,黄金ETF,2,0.72,reconstructed_candidate_history_not_real_left_snapshot
2025-12-17,159915,创业板ETF,3,0.6950000000000001,reconstructed_candidate_history_not_real_left_snapshot
2025-12-17,512660,军工ETF,4,0.6399999999999999,reconstructed_candidate_history_not_real_left_snapshot
2025-12-17,510300,沪深300ETF,5,0.575,reconstructed_candidate_history_not_real_left_snapshot
2025-12-18,159937,黄金ETF,1,0.7449999999999999,reconstructed_candidate_history_not_real_left_snapshot
2025-12-18,512660,军工ETF,2,0.69,reconstructed_candidate_history_not_real_left_snapshot
2025-12-18,159915,创业板ETF,3,0.63,reconstructed_candidate_history_not_real_left_snapshot
2025-12-18,159949,创业板50ETF,4,0.6100000000000001,reconstructed_candidate_history_not_real_left_snapshot
2025-12-18,510050,上证50ETF,5,0.61,reconstructed_candidate_history_not_real_left_snapshot
2025-12-19,159937,黄金ETF,1,0.685,reconstructed_candidate_history_not_real_left_snapshot
2025-12-19,512660,军工ETF,2,0.685,reconstructed_candidate_history_not_real_left_snapshot
2025-12-19,159915,创业板ETF,3,0.6600000000000001,reconstructed_candidate_history_not_real_left_snapshot
2025-12-19,159949,创业板50ETF,4,0.63,reconstructed_candidate_history_not_real_left_snapshot
2025-12-19,510300,沪深300ETF,5,0.595,reconstructed_candidate_history_not_real_left_snapshot
2025-12-22,159949,创业板50ETF,1,0.7100000000000001,reconstructed_candidate_history_not_real_left_snapshot
2025-12-22,159915,创业板ETF,2,0.71,reconstructed_candidate_history_not_real_left_snapshot
2025-12-22,159937,黄金ETF,3,0.68,reconstructed_candidate_history_not_real_left_snapshot
2025-12-22,510300,沪深300ETF,4,0.61,reconstructed_candidate_history_not_real_left_snapshot
2025-12-22,512660,军工ETF,5,0.595,reconstructed_candidate_history_not_real_left_snapshot
2025-12-23,159949,创业板50ETF,1,0.6950000000000001,reconstructed_candidate_history_not_real_left_snapshot
2025-12-23,159937,黄金ETF,2,0.6900000000000001,reconstructed_candidate_history_not_real_left_snapshot
2025-12-23,159915,创业板ETF,3,0.665,reconstructed_candidate_history_not_real_left_snapshot
2025-12-23,510300,沪深300ETF,4,0.605,reconstructed_candidate_history_not_real_left_snapshot
2025-12-23,512480,半导体ETF,5,0.595,reconstructed_candidate_history_not_real_left_snapshot
2025-12-24,159937,黄金ETF,1,0.72,reconstructed_candidate_history_not_real_left_snapshot
2025-12-24,512660,军工ETF,2,0.69,reconstructed_candidate_history_not_real_left_snapshot
2025-12-24,159915,创业板ETF,3,0.635,reconstructed_candidate_history_not_real_left_snapshot
2025-12-24,159949,创业板50ETF,4,0.6150000000000001,reconstructed_candidate_history_not_real_left_snapshot
2025-12-24,512480,半导体ETF,5,0.56,reconstructed_candidate_history_not_real_left_snapshot
2025-12-25,512660,军工ETF,1,0.69,reconstructed_candidate_history_not_real_left_snapshot
2025-12-25,159937,黄金ETF,2,0.6699999999999999,reconstructed_candidate_history_not_real_left_snapshot
2025-12-25,159915,创业板ETF,3,0.645,reconstructed_candidate_history_not_real_left_snapshot
2025-12-25,159949,创业板50ETF,4,0.645,reconstructed_candidate_history_not_real_left_snapshot
2025-12-25,510500,中证500ETF,5,0.595,reconstructed_candidate_history_not_real_left_snapshot
2025-12-26,159937,黄金ETF,1,0.75,reconstructed_candidate_history_not_real_left_snapshot
2025-12-26,512660,军工ETF,2,0.69,reconstructed_candidate_history_not_real_left_snapshot
2025-12-26,510500,中证500ETF,3,0.625,reconstructed_candidate_history_not_real_left_snapshot
2025-12-26,159915,创业板ETF,4,0.605,reconstructed_candidate_history_not_real_left_snapshot
2025-12-26,159949,创业板50ETF,5,0.6000000000000001,reconstructed_candidate_history_not_real_left_snapshot
2025-12-29,159937,黄金ETF,1,0.71,reconstructed_candidate_history_not_real_left_snapshot
2025-12-29,510500,中证500ETF,2,0.71,reconstructed_candidate_history_not_real_left_snapshot
2025-12-29,512660,军工ETF,3,0.69,reconstructed_candidate_history_not_real_left_snapshot
2025-12-29,159949,创业板50ETF,4,0.5950000000000001,reconstructed_candidate_history_not_real_left_snapshot
2025-12-29,510050,上证50ETF,5,0.5850000000000001,reconstructed_candidate_history_not_real_left_snapshot
2025-12-30,512660,军工ETF,1,0.69,reconstructed_candidate_history_not_real_left_snapshot
2025-12-30,510500,中证500ETF,2,0.6749999999999999,reconstructed_candidate_history_not_real_left_snapshot
2025-12-30,159915,创业板ETF,3,0.5750000000000002,reconstructed_candidate_history_not_real_left_snapshot
2025-12-30,512480,半导体ETF,4,0.56,reconstructed_candidate_history_not_real_left_snapshot
2025-12-30,512100,中证1000ETF,5,0.5449999999999999,reconstructed_candidate_history_not_real_left_snapshot
2025-12-31,510500,中证500ETF,1,0.715,reconstructed_candidate_history_not_real_left_snapshot
2025-12-31,512660,军工ETF,2,0.7049999999999998,reconstructed_candidate_history_not_real_left_snapshot
2025-12-31,159915,创业板ETF,3,0.5900000000000001,reconstructed_candidate_history_not_real_left_snapshot
2025-12-31,510050,上证50ETF,4,0.56,reconstructed_candidate_history_not_real_left_snapshot
2025-12-31,512100,中证1000ETF,5,0.5399999999999999,reconstructed_candidate_history_not_real_left_snapshot
2026-01-05,510500,中证500ETF,1,0.71,reconstructed_candidate_history_not_real_left_snapshot
2026-01-05,512660,军工ETF,2,0.7049999999999998,reconstructed_candidate_history_not_real_left_snapshot
2026-01-05,159915,创业板ETF,3,0.585,reconstructed_candidate_history_not_real_left_snapshot
2026-01-05,512100,中证1000ETF,4,0.5799999999999998,reconstructed_candidate_history_not_real_left_snapshot
2026-01-05,510050,上证50ETF,5,0.55,reconstructed_candidate_history_not_real_left_snapshot
2026-01-06,512660,军工ETF,1,0.7049999999999998,reconstructed_candidate_history_not_real_left_snapshot
2026-01-06,510500,中证500ETF,2,0.67,reconstructed_candidate_history_not_real_left_snapshot
2026-01-06,159915,创业板ETF,3,0.5850000000000001,reconstructed_candidate_history_not_real_left_snapshot
2026-01-06,510050,上证50ETF,4,0.555,reconstructed_candidate_history_not_real_left_snapshot
2026-01-06,512480,半导体ETF,5,0.535,reconstructed_candidate_history_not_real_left_snapshot
2026-01-07,510500,中证500ETF,1,0.7100000000000001,reconstructed_candidate_history_not_real_left_snapshot
2026-01-07,512660,军工ETF,2,0.7049999999999998,reconstructed_candidate_history_not_real_left_snapshot
2026-01-07,159915,创业板ETF,3,0.6000000000000001,reconstructed_candidate_history_not_real_left_snapshot
2026-01-07,159937,黄金ETF,4,0.58,reconstructed_candidate_history_not_real_left_snapshot
2026-01-07,510050,上证50ETF,5,0.5599999999999999,reconstructed_candidate_history_not_real_left_snapshot
2026-01-08,510500,中证500ETF,1,0.715,reconstructed_candidate_history_not_real_left_snapshot
2026-01-08,512660,军工ETF,2,0.6799999999999999,reconstructed_candidate_history_not_real_left_snapshot
2026-01-08,512480,半导体ETF,3,0.64,reconstructed_candidate_history_not_real_left_snapshot
2026-01-08,512100,中证1000ETF,4,0.5900000000000001,reconstructed_candidate_history_not_real_left_snapshot
2026-01-08,159915,创业板ETF,5,0.5450000000000002,reconstructed_candidate_history_not_real_left_snapshot
2026-01-09,510500,中证500ETF,1,0.78,reconstructed_candidate_history_not_real_left_snapshot
2026-01-09,512660,军工ETF,2,0.6699999999999999,reconstructed_candidate_history_not_real_left_snapshot
2026-01-09,512100,中证1000ETF,3,0.645,reconstructed_candidate_history_not_real_left_snapshot
2026-01-09,512480,半导体ETF,4,0.6,reconstructed_candidate_history_not_real_left_snapshot
2026-01-09,159915,创业板ETF,5,0.53,reconstructed_candidate_history_not_real_left_snapshot
2026-01-12,510500,中证500ETF,1,0.795,reconstructed_candidate_history_not_real_left_snapshot
2026-01-12,512100,中证1000ETF,2,0.685,reconstructed_candidate_history_not_real_left_snapshot
2026-01-12,512660,军工ETF,3,0.6699999999999999,reconstructed_candidate_history_not_real_left_snapshot
2026-01-12,512480,半导体ETF,4,0.605,reconstructed_candidate_history_not_real_left_snapshot
2026-01-12,588000,科创50ETF,5,0.585,reconstructed_candidate_history_not_real_left_snapshot
2026-01-13,510500,中证500ETF,1,0.795,reconstructed_candidate_history_not_real_left_snapshot
2026-01-13,512100,中证1000ETF,2,0.7100000000000001,reconstructed_candidate_history_not_real_left_snapshot
2026-01-13,512660,军工ETF,3,0.6699999999999999,reconstructed_candidate_history_not_real_left_snapshot
2026-01-13,512480,半导体ETF,4,0.585,reconstructed_candidate_history_not_real_left_snapshot
2026-01-13,588000,科创50ETF,5,0.56,reconstructed_candidate_history_not_real_left_snapshot
2026-01-14,510500,中证500ETF,1,0.79,reconstructed_candidate_history_not_real_left_snapshot
2026-01-14,512660,军工ETF,2,0.68,reconstructed_candidate_history_not_real_left_snapshot
2026-01-14,512100,中证1000ETF,3,0.63,reconstructed_candidate_history_not_real_left_snapshot
2026-01-14,512480,半导体ETF,4,0.625,reconstructed_candidate_history_not_real_left_snapshot
2026-01-14,588000,科创50ETF,5,0.6000000000000001,reconstructed_candidate_history_not_real_left_snapshot
2026-01-15,510500,中证500ETF,1,0.76,reconstructed_candidate_history_not_real_left_snapshot
2026-01-15,512660,军工ETF,2,0.6699999999999999,reconstructed_candidate_history_not_real_left_snapshot
2026-01-15,512480,半导体ETF,3,0.645,reconstructed_candidate_history_not_real_left_snapshot
2026-01-15,512100,中证1000ETF,4,0.62,reconstructed_candidate_history_not_real_left_snapshot
2026-01-15,159915,创业板ETF,5,0.6099999999999999,reconstructed_candidate_history_not_real_left_snapshot
2026-01-16,510500,中证500ETF,1,0.765,reconstructed_candidate_history_not_real_left_snapshot
2026-01-16,512480,半导体ETF,2,0.685,reconstructed_candidate_history_not_real_left_snapshot
2026-01-16,512660,军工ETF,3,0.68,reconstructed_candidate_history_not_real_left_snapshot
2026-01-16,512100,中证1000ETF,4,0.605,reconstructed_candidate_history_not_real_left_snapshot
2026-01-16,588000,科创50ETF,5,0.5500000000000002,reconstructed_candidate_history_not_real_left_snapshot
2026-01-19,510500,中证500ETF,1,0.765,reconstructed_candidate_history_not_real_left_snapshot
2026-01-19,512660,军工ETF,2,0.69,reconstructed_candidate_history_not_real_left_snapshot
2026-01-19,512480,半导体ETF,3,0.685,reconstructed_candidate_history_not_real_left_snapshot
2026-01-19,512100,中证1000ETF,4,0.61,reconstructed_candidate_history_not_real_left_snapshot
2026-01-19,588080,科创板50ETF,5,0.56,reconstructed_candidate_history_not_real_left_snapshot
2026-01-20,510500,中证500ETF,1,0.7799999999999999,reconstructed_candidate_history_not_real_left_snapshot
2026-01-20,512480,半导体ETF,2,0.66,reconstructed_candidate_history_not_real_left_snapshot
2026-01-20,512660,军工ETF,3,0.65,reconstructed_candidate_history_not_real_left_snapshot
2026-01-20,512100,中证1000ETF,4,0.6149999999999999,reconstructed_candidate_history_not_real_left_snapshot
2026-01-20,159937,黄金ETF,5,0.57,reconstructed_candidate_history_not_real_left_snapshot
2026-01-21,510500,中证500ETF,1,0.765,reconstructed_candidate_history_not_real_left_snapshot
2026-01-21,512480,半导体ETF,2,0.675,reconstructed_candidate_history_not_real_left_snapshot
2026-01-21,512660,军工ETF,3,0.65,reconstructed_candidate_history_not_real_left_snapshot
2026-01-21,512100,中证1000ETF,4,0.615,reconstructed_candidate_history_not_real_left_snapshot
2026-01-21,588000,科创50ETF,5,0.5850000000000001,reconstructed_candidate_history_not_real_left_snapshot
2026-01-22,510500,中证500ETF,1,0.765,reconstructed_candidate_history_not_real_left_snapshot
2026-01-22,512660,军工ETF,2,0.69,reconstructed_candidate_history_not_real_left_snapshot
2026-01-22,512480,半导体ETF,3,0.655,reconstructed_candidate_history_not_real_left_snapshot
2026-01-22,512100,中证1000ETF,4,0.625,reconstructed_candidate_history_not_real_left_snapshot
2026-01-22,159937,黄金ETF,5,0.565,reconstructed_candidate_history_not_real_left_snapshot
2026-01-23,510500,中证500ETF,1,0.76,reconstructed_candidate_history_not_real_left_snapshot
2026-01-23,512660,军工ETF,2,0.69,reconstructed_candidate_history_not_real_left_snapshot
2026-01-23,512480,半导体ETF,3,0.64,reconstructed_candidate_history_not_real_left_snapshot
2026-01-23,512100,中证1000ETF,4,0.6299999999999999,reconstructed_candidate_history_not_real_left_snapshot
2026-01-23,159937,黄金ETF,5,0.585,reconstructed_candidate_history_not_real_left_snapshot
2026-01-26,510500,中证500ETF,1,0.77,reconstructed_candidate_history_not_real_left_snapshot
2026-01-26,512480,半导体ETF,2,0.675,reconstructed_candidate_history_not_real_left_snapshot
2026-01-26,159937,黄金ETF,3,0.655,reconstructed_candidate_history_not_real_left_snapshot
2026-01-26,512660,军工ETF,4,0.615,reconstructed_candidate_history_not_real_left_snapshot
2026-01-26,512100,中证1000ETF,5,0.595,reconstructed_candidate_history_not_real_left_snapshot
2026-01-27,510500,中证500ETF,1,0.7,reconstructed_candidate_history_not_real_left_snapshot
2026-01-27,512480,半导体ETF,2,0.6900000000000001,reconstructed_candidate_history_not_real_left_snapshot
2026-01-27,588000,科创50ETF,3,0.6450000000000001,reconstructed_candidate_history_not_real_left_snapshot
2026-01-27,159937,黄金ETF,4,0.605,reconstructed_candidate_history_not_real_left_snapshot
2026-01-27,588080,科创板50ETF,5,0.595,reconstructed_candidate_history_not_real_left_snapshot
2026-01-28,510500,中证500ETF,1,0.72,reconstructed_candidate_history_not_real_left_snapshot
2026-01-28,159937,黄金ETF,2,0.6950000000000001,reconstructed_candidate_history_not_real_left_snapshot
2026-01-28,512480,半导体ETF,3,0.68,reconstructed_candidate_history_not_real_left_snapshot
2026-01-28,588000,科创50ETF,4,0.6050000000000001,reconstructed_candidate_history_not_real_left_snapshot
2026-01-28,512100,中证1000ETF,5,0.58,reconstructed_candidate_history_not_real_left_snapshot
2026-01-29,510500,中证500ETF,1,0.795,reconstructed_candidate_history_not_real_left_snapshot
2026-01-29,159937,黄金ETF,2,0.75,reconstructed_candidate_history_not_real_left_snapshot
2026-01-29,512480,半导体ETF,3,0.63,reconstructed_candidate_history_not_real_left_snapshot
2026-01-29,512100,中证1000ETF,4,0.595,reconstructed_candidate_history_not_real_left_snapshot
2026-01-29,588000,科创50ETF,5,0.5900000000000001,reconstructed_candidate_history_not_real_left_snapshot
2026-01-30,159937,黄金ETF,1,0.73,reconstructed_candidate_history_not_real_left_snapshot
2026-01-30,510500,中证500ETF,2,0.715,reconstructed_candidate_history_not_real_left_snapshot
2026-01-30,512480,半导体ETF,3,0.6699999999999999,reconstructed_candidate_history_not_real_left_snapshot
2026-01-30,512100,中证1000ETF,4,0.6149999999999999,reconstructed_candidate_history_not_real_left_snapshot
2026-01-30,588080,科创板50ETF,5,0.6000000000000001,reconstructed_candidate_history_not_real_left_snapshot
2026-02-02,510500,中证500ETF,1,0.72,reconstructed_candidate_history_not_real_left_snapshot
2026-02-02,512480,半导体ETF,2,0.6950000000000001,reconstructed_candidate_history_not_real_left_snapshot
2026-02-02,159937,黄金ETF,3,0.67,reconstructed_candidate_history_not_real_left_snapshot
2026-02-02,512100,中证1000ETF,4,0.6099999999999999,reconstructed_candidate_history_not_real_left_snapshot
2026-02-02,588080,科创板50ETF,5,0.5850000000000002,reconstructed_candidate_history_not_real_left_snapshot
2026-02-03,510500,中证500ETF,1,0.7650000000000001,reconstructed_candidate_history_not_real_left_snapshot
2026-02-03,159937,黄金ETF,2,0.7100000000000001,reconstructed_candidate_history_not_real_left_snapshot
2026-02-03,512100,中证1000ETF,3,0.645,reconstructed_candidate_history_not_real_left_snapshot
2026-02-03,512480,半导体ETF,4,0.64,reconstructed_candidate_history_not_real_left_snapshot
2026-02-03,588000,科创50ETF,5,0.5700000000000001,reconstructed_candidate_history_not_real_left_snapshot
2026-02-04,510500,中证500ETF,1,0.7650000000000001,reconstructed_candidate_history_not_real_left_snapshot
2026-02-04,159937,黄金ETF,2,0.7050000000000001,reconstructed_candidate_history_not_real_left_snapshot
2026-02-04,512100,中证1000ETF,3,0.685,reconstructed_candidate_history_not_real_left_snapshot
2026-02-04,512660,军工ETF,4,0.615,reconstructed_candidate_history_not_real_left_snapshot
2026-02-04,588080,科创板50ETF,5,0.5700000000000001,reconstructed_candidate_history_not_real_left_snapshot
2026-02-05,510500,中证500ETF,1,0.7450000000000001,reconstructed_candidate_history_not_real_left_snapshot
2026-02-05,159937,黄金ETF,2,0.7150000000000001,reconstructed_candidate_history_not_real_left_snapshot
2026-02-05,512100,中证1000ETF,3,0.665,reconstructed_candidate_history_not_real_left_snapshot
2026-02-05,512480,半导体ETF,4,0.565,reconstructed_candidate_history_not_real_left_snapshot
2026-02-05,510300,沪深300ETF,5,0.555,reconstructed_candidate_history_not_real_left_snapshot
2026-02-06,510500,中证500ETF,1,0.7450000000000001,reconstructed_candidate_history_not_real_left_snapshot
2026-02-06,159937,黄金ETF,2,0.7150000000000001,reconstructed_candidate_history_not_real_left_snapshot
2026-02-06,512100,中证1000ETF,3,0.65,reconstructed_candidate_history_not_real_left_snapshot
2026-02-06,510300,沪深300ETF,4,0.59,reconstructed_candidate_history_not_real_left_snapshot
2026-02-06,159915,创业板ETF,5,0.56,reconstructed_candidate_history_not_real_left_snapshot
2026-02-09,510500,中证500ETF,1,0.7650000000000001,reconstructed_candidate_history_not_real_left_snapshot
2026-02-09,159937,黄金ETF,2,0.7250000000000001,reconstructed_candidate_history_not_real_left_snapshot
2026-02-09,510300,沪深300ETF,3,0.62,reconstructed_candidate_history_not_real_left_snapshot
2026-02-09,512480,半导体ETF,4,0.605,reconstructed_candidate_history_not_real_left_snapshot
2026-02-09,159915,创业板ETF,5,0.57,reconstructed_candidate_history_not_real_left_snapshot
2026-02-10,159937,黄金ETF,1,0.7250000000000001,reconstructed_candidate_history_not_real_left_snapshot
2026-02-10,510500,中证500ETF,2,0.71,reconstructed_candidate_history_not_real_left_snapshot
2026-02-10,512480,半导体ETF,3,0.675,reconstructed_candidate_history_not_real_left_snapshot
2026-02-10,512100,中证1000ETF,4,0.6199999999999999,reconstructed_candidate_history_not_real_left_snapshot
2026-02-10,159915,创业板ETF,5,0.56,reconstructed_candidate_history_not_real_left_snapshot
2026-02-11,510500,中证500ETF,1,0.75,reconstructed_candidate_history_not_real_left_snapshot
2026-02-11,159937,黄金ETF,2,0.7250000000000001,reconstructed_candidate_history_not_real_left_snapshot
2026-02-11,512100,中证1000ETF,3,0.66,reconstructed_candidate_history_not_real_left_snapshot
2026-02-11,512480,半导体ETF,4,0.6450000000000001,reconstructed_candidate_history_not_real_left_snapshot
2026-02-11,510300,沪深300ETF,5,0.605,reconstructed_candidate_history_not_real_left_snapshot
2026-02-12,510500,中证500ETF,1,0.7650000000000001,reconstructed_candidate_history_not_real_left_snapshot
2026-02-12,159937,黄金ETF,2,0.7250000000000001,reconstructed_candidate_history_not_real_left_snapshot
2026-02-12,512100,中证1000ETF,3,0.7,reconstructed_candidate_history_not_real_left_snapshot
2026-02-12,510300,沪深300ETF,4,0.6,reconstructed_candidate_history_not_real_left_snapshot
2026-02-12,512480,半导体ETF,5,0.5950000000000001,reconstructed_candidate_history_not_real_left_snapshot
2026-02-13,510500,中证500ETF,1,0.7350000000000001,reconstructed_candidate_history_not_real_left_snapshot
2026-02-13,159937,黄金ETF,2,0.7100000000000001,reconstructed_candidate_history_not_real_left_snapshot
2026-02-13,512100,中证1000ETF,3,0.6799999999999999,reconstructed_candidate_history_not_real_left_snapshot
2026-02-13,510300,沪深300ETF,4,0.58,reconstructed_candidate_history_not_real_left_snapshot
2026-02-13,512660,军工ETF,5,0.5550000000000002,reconstructed_candidate_history_not_real_left_snapshot
2026-02-24,510500,中证500ETF,1,0.75,reconstructed_candidate_history_not_real_left_snapshot
2026-02-24,159937,黄金ETF,2,0.7250000000000001,reconstructed_candidate_history_not_real_left_snapshot
2026-02-24,512100,中证1000ETF,3,0.7,reconstructed_candidate_history_not_real_left_snapshot
2026-02-24,510300,沪深300ETF,4,0.635,reconstructed_candidate_history_not_real_left_snapshot
2026-02-24,159915,创业板ETF,5,0.5900000000000001,reconstructed_candidate_history_not_real_left_snapshot
2026-02-25,510500,中证500ETF,1,0.7650000000000001,reconstructed_candidate_history_not_real_left_snapshot
2026-02-25,159937,黄金ETF,2,0.68,reconstructed_candidate_history_not_real_left_snapshot
2026-02-25,512100,中证1000ETF,3,0.6799999999999999,reconstructed_candidate_history_not_real_left_snapshot
2026-02-25,512660,军工ETF,4,0.6200000000000001,reconstructed_candidate_history_not_real_left_snapshot
2026-02-25,159915,创业板ETF,5,0.62,reconstructed_candidate_history_not_real_left_snapshot
2026-02-26,510500,中证500ETF,1,0.71,reconstructed_candidate_history_not_real_left_snapshot
2026-02-26,512100,中证1000ETF,2,0.69,reconstructed_candidate_history_not_real_left_snapshot
2026-02-26,159937,黄金ETF,3,0.68,reconstructed_candidate_history_not_real_left_snapshot
2026-02-26,512660,军工ETF,4,0.63,reconstructed_candidate_history_not_real_left_snapshot
2026-02-26,159915,创业板ETF,5,0.5900000000000001,reconstructed_candidate_history_not_real_left_snapshot
2026-02-27,510500,中证500ETF,1,0.7650000000000001,reconstructed_candidate_history_not_real_left_snapshot
2026-02-27,512100,中证1000ETF,2,0.69,reconstructed_candidate_history_not_real_left_snapshot
2026-02-27,159937,黄金ETF,3,0.68,reconstructed_candidate_history_not_real_left_snapshot
2026-02-27,510300,沪深300ETF,4,0.6000000000000001,reconstructed_candidate_history_not_real_left_snapshot
2026-02-27,512660,军工ETF,5,0.5950000000000001,reconstructed_candidate_history_not_real_left_snapshot
2026-03-02,159937,黄金ETF,1,0.7250000000000001,reconstructed_candidate_history_not_real_left_snapshot
2026-03-02,510500,中证500ETF,2,0.685,reconstructed_candidate_history_not_real_left_snapshot
2026-03-02,510300,沪深300ETF,3,0.655,reconstructed_candidate_history_not_real_left_snapshot
2026-03-02,512660,军工ETF,4,0.6399999999999999,reconstructed_candidate_history_not_real_left_snapshot
2026-03-02,512100,中证1000ETF,5,0.5899999999999999,reconstructed_candidate_history_not_real_left_snapshot
2026-03-03,159937,黄金ETF,1,0.7250000000000001,reconstructed_candidate_history_not_real_left_snapshot
2026-03-03,510300,沪深300ETF,2,0.6799999999999999,reconstructed_candidate_history_not_real_left_snapshot
2026-03-03,510500,中证500ETF,3,0.655,reconstructed_candidate_history_not_real_left_snapshot
2026-03-03,510050,上证50ETF,4,0.5950000000000001,reconstructed_candidate_history_not_real_left_snapshot
2026-03-03,512660,军工ETF,5,0.5900000000000001,reconstructed_candidate_history_not_real_left_snapshot
2026-03-04,159937,黄金ETF,1,0.7050000000000001,reconstructed_candidate_history_not_real_left_snapshot
2026-03-04,510500,中证500ETF,2,0.655,reconstructed_candidate_history_not_real_left_snapshot
2026-03-04,510300,沪深300ETF,3,0.6400000000000001,reconstructed_candidate_history_not_real_left_snapshot
2026-03-04,512660,军工ETF,4,0.625,reconstructed_candidate_history_not_real_left_snapshot
2026-03-04,510050,上证50ETF,5,0.5700000000000001,reconstructed_candidate_history_not_real_left_snapshot
2026-03-05,512660,军工ETF,1,0.6649999999999999,reconstructed_candidate_history_not_real_left_snapshot
2026-03-05,510300,沪深300ETF,2,0.6549999999999999,reconstructed_candidate_history_not_real_left_snapshot
2026-03-05,159937,黄金ETF,3,0.605,reconstructed_candidate_history_not_real_left_snapshot
2026-03-05,510500,中证500ETF,4,0.595,reconstructed_candidate_history_not_real_left_snapshot
2026-03-05,512100,中证1000ETF,5,0.5549999999999999,reconstructed_candidate_history_not_real_left_snapshot
2026-03-06,510500,中证500ETF,1,0.73,reconstructed_candidate_history_not_real_left_snapshot
2026-03-06,512100,中证1000ETF,2,0.675,reconstructed_candidate_history_not_real_left_snapshot
2026-03-06,512660,军工ETF,3,0.6749999999999999,reconstructed_candidate_history_not_real_left_snapshot
2026-03-06,159915,创业板ETF,4,0.63,reconstructed_candidate_history_not_real_left_snapshot
2026-03-06,510300,沪深300ETF,5,0.6150000000000001,reconstructed_candidate_history_not_real_left_snapshot
2026-03-09,510500,中证500ETF,1,0.69,reconstructed_candidate_history_not_real_left_snapshot
2026-03-09,512100,中证1000ETF,2,0.6799999999999999,reconstructed_candidate_history_not_real_left_snapshot
2026-03-09,512660,军工ETF,3,0.6749999999999999,reconstructed_candidate_history_not_real_left_snapshot
2026-03-09,159937,黄金ETF,4,0.615,reconstructed_candidate_history_not_real_left_snapshot
2026-03-09,510300,沪深300ETF,5,0.5599999999999999,reconstructed_candidate_history_not_real_left_snapshot
2026-03-10,510500,中证500ETF,1,0.7600000000000001,reconstructed_candidate_history_not_real_left_snapshot
2026-03-10,159937,黄金ETF,2,0.7350000000000001,reconstructed_candidate_history_not_real_left_snapshot
2026-03-10,512100,中证1000ETF,3,0.6950000000000001,reconstructed_candidate_history_not_real_left_snapshot
2026-03-10,512660,军工ETF,4,0.6549999999999999,reconstructed_candidate_history_not_real_left_snapshot
2026-03-10,159915,创业板ETF,5,0.62,reconstructed_candidate_history_not_real_left_snapshot
2026-03-11,510500,中证500ETF,1,0.74,reconstructed_candidate_history_not_real_left_snapshot
2026-03-11,159937,黄金ETF,2,0.7350000000000001,reconstructed_candidate_history_not_real_left_snapshot
2026-03-11,512100,中证1000ETF,3,0.71,reconstructed_candidate_history_not_real_left_snapshot
2026-03-11,159915,创业板ETF,4,0.6199999999999999,reconstructed_candidate_history_not_real_left_snapshot
2026-03-11,510300,沪深300ETF,5,0.6000000000000001,reconstructed_candidate_history_not_real_left_snapshot
2026-03-12,510500,中证500ETF,1,0.74,reconstructed_candidate_history_not_real_left_snapshot
2026-03-12,512100,中证1000ETF,2,0.73,reconstructed_candidate_history_not_real_left_snapshot
2026-03-12,159937,黄金ETF,3,0.7000000000000001,reconstructed_candidate_history_not_real_left_snapshot
2026-03-12,159915,创业板ETF,4,0.6200000000000001,reconstructed_candidate_history_not_real_left_snapshot
2026-03-12,515030,新能源车ETF,5,0.575,reconstructed_candidate_history_not_real_left_snapshot
2026-03-13,159937,黄金ETF,1,0.745,reconstructed_candidate_history_not_real_left_snapshot
2026-03-13,510500,中证500ETF,2,0.715,reconstructed_candidate_history_not_real_left_snapshot
2026-03-13,512100,中证1000ETF,3,0.71,reconstructed_candidate_history_not_real_left_snapshot
2026-03-13,159915,创业板ETF,4,0.685,reconstructed_candidate_history_not_real_left_snapshot
2026-03-13,515030,新能源车ETF,5,0.595,reconstructed_candidate_history_not_real_left_snapshot
2026-03-16,159937,黄金ETF,1,0.6950000000000001,reconstructed_candidate_history_not_real_left_snapshot
2026-03-16,159915,创业板ETF,2,0.685,reconstructed_candidate_history_not_real_left_snapshot
2026-03-16,512100,中证1000ETF,3,0.685,reconstructed_candidate_history_not_real_left_snapshot
2026-03-16,510500,中证500ETF,4,0.6749999999999999,reconstructed_candidate_history_not_real_left_snapshot
2026-03-16,159949,创业板50ETF,5,0.5900000000000001,reconstructed_candidate_history_not_real_left_snapshot
2026-03-17,159937,黄金ETF,1,0.71,reconstructed_candidate_history_not_real_left_snapshot
2026-03-17,159915,创业板ETF,2,0.645,reconstructed_candidate_history_not_real_left_snapshot
2026-03-17,510500,中证500ETF,3,0.635,reconstructed_candidate_history_not_real_left_snapshot
2026-03-17,512100,中证1000ETF,4,0.63,reconstructed_candidate_history_not_real_left_snapshot
2026-03-17,510300,沪深300ETF,5,0.6050000000000001,reconstructed_candidate_history_not_real_left_snapshot
2026-03-18,159915,创业板ETF,1,0.6950000000000001,reconstructed_candidate_history_not_real_left_snapshot
2026-03-18,159937,黄金ETF,2,0.6800000000000002,reconstructed_candidate_history_not_real_left_snapshot
2026-03-18,510500,中证500ETF,3,0.6599999999999999,reconstructed_candidate_history_not_real_left_snapshot
2026-03-18,512100,中证1000ETF,4,0.63,reconstructed_candidate_history_not_real_left_snapshot
2026-03-18,159949,创业板50ETF,5,0.5900000000000001,reconstructed_candidate_history_not_real_left_snapshot
2026-03-19,159915,创业板ETF,1,0.725,reconstructed_candidate_history_not_real_left_snapshot
2026-03-19,510500,中证500ETF,2,0.71,reconstructed_candidate_history_not_real_left_snapshot
2026-03-19,512100,中证1000ETF,3,0.67,reconstructed_candidate_history_not_real_left_snapshot
2026-03-19,159949,创业板50ETF,4,0.625,reconstructed_candidate_history_not_real_left_snapshot
2026-03-19,510300,沪深300ETF,5,0.6100000000000001,reconstructed_candidate_history_not_real_left_snapshot
2026-03-20,159915,创业板ETF,1,0.7799999999999999,reconstructed_candidate_history_not_real_left_snapshot
2026-03-20,159949,创业板50ETF,2,0.7100000000000001,reconstructed_candidate_history_not_real_left_snapshot
2026-03-20,510300,沪深300ETF,3,0.6100000000000001,reconstructed_candidate_history_not_real_left_snapshot
2026-03-20,510500,中证500ETF,4,0.61,reconstructed_candidate_history_not_real_left_snapshot
2026-03-20,512800,银行ETF,5,0.585,reconstructed_candidate_history_not_real_left_snapshot
2026-03-23,159915,创业板ETF,1,0.77,reconstructed_candidate_history_not_real_left_snapshot
2026-03-23,159949,创业板50ETF,2,0.6699999999999999,reconstructed_candidate_history_not_real_left_snapshot
2026-03-23,510300,沪深300ETF,3,0.655,reconstructed_candidate_history_not_real_left_snapshot
2026-03-23,510500,中证500ETF,4,0.6249999999999999,reconstructed_candidate_history_not_real_left_snapshot
2026-03-23,512800,银行ETF,5,0.58,reconstructed_candidate_history_not_real_left_snapshot
2026-03-24,159915,创业板ETF,1,0.7849999999999999,reconstructed_candidate_history_not_real_left_snapshot
2026-03-24,159949,创业板50ETF,2,0.665,reconstructed_candidate_history_not_real_left_snapshot
2026-03-24,510500,中证500ETF,3,0.6249999999999999,reconstructed_candidate_history_not_real_left_snapshot
2026-03-24,510300,沪深300ETF,4,0.5950000000000001,reconstructed_candidate_history_not_real_left_snapshot
2026-03-24,512800,银行ETF,5,0.595,reconstructed_candidate_history_not_real_left_snapshot
2026-03-25,159915,创业板ETF,1,0.77,reconstructed_candidate_history_not_real_left_snapshot
2026-03-25,159949,创业板50ETF,2,0.6799999999999999,reconstructed_candidate_history_not_real_left_snapshot
2026-03-25,510300,沪深300ETF,3,0.6100000000000001,reconstructed_candidate_history_not_real_left_snapshot
2026-03-25,510500,中证500ETF,4,0.605,reconstructed_candidate_history_not_real_left_snapshot
2026-03-25,512800,银行ETF,5,0.6,reconstructed_candidate_history_not_real_left_snapshot
2026-03-26,159915,创业板ETF,1,0.7649999999999999,reconstructed_candidate_history_not_real_left_snapshot
2026-03-26,159949,创业板50ETF,2,0.665,reconstructed_candidate_history_not_real_left_snapshot
2026-03-26,512800,银行ETF,3,0.63,reconstructed_candidate_history_not_real_left_snapshot
2026-03-26,510300,沪深300ETF,4,0.6200000000000001,reconstructed_candidate_history_not_real_left_snapshot
2026-03-26,515030,新能源车ETF,5,0.605,reconstructed_candidate_history_not_real_left_snapshot
2026-03-27,159915,创业板ETF,1,0.74,reconstructed_candidate_history_not_real_left_snapshot
2026-03-27,159949,创业板50ETF,2,0.645,reconstructed_candidate_history_not_real_left_snapshot
2026-03-27,515030,新能源车ETF,3,0.625,reconstructed_candidate_history_not_real_left_snapshot
2026-03-27,512800,银行ETF,4,0.6,reconstructed_candidate_history_not_real_left_snapshot
2026-03-27,510500,中证500ETF,5,0.595,reconstructed_candidate_history_not_real_left_snapshot
2026-03-30,159915,创业板ETF,1,0.71,reconstructed_candidate_history_not_real_left_snapshot
2026-03-30,159949,创业板50ETF,2,0.625,reconstructed_candidate_history_not_real_left_snapshot
2026-03-30,515030,新能源车ETF,3,0.625,reconstructed_candidate_history_not_real_left_snapshot
2026-03-30,512800,银行ETF,4,0.61,reconstructed_candidate_history_not_real_left_snapshot
2026-03-30,510500,中证500ETF,5,0.5749999999999998,reconstructed_candidate_history_not_real_left_snapshot
2026-03-31,159915,创业板ETF,1,0.67,reconstructed_candidate_history_not_real_left_snapshot
2026-03-31,512800,银行ETF,2,0.6699999999999999,reconstructed_candidate_history_not_real_left_snapshot
2026-03-31,510500,中证500ETF,3,0.61,reconstructed_candidate_history_not_real_left_snapshot
2026-03-31,515030,新能源车ETF,4,0.59,reconstructed_candidate_history_not_real_left_snapshot
2026-03-31,159949,创业板50ETF,5,0.5800000000000001,reconstructed_candidate_history_not_real_left_snapshot
2026-04-01,159915,创业板ETF,1,0.69,reconstructed_candidate_history_not_real_left_snapshot
2026-04-01,159992,创新药ETF,2,0.635,reconstructed_candidate_history_not_real_left_snapshot
2026-04-01,512800,银行ETF,3,0.62,reconstructed_candidate_history_not_real_left_snapshot
2026-04-01,159949,创业板50ETF,4,0.615,reconstructed_candidate_history_not_real_left_snapshot
2026-04-01,510500,中证500ETF,5,0.595,reconstructed_candidate_history_not_real_left_snapshot
2026-04-02,159992,创新药ETF,1,0.6799999999999999,reconstructed_candidate_history_not_real_left_snapshot
2026-04-02,512800,银行ETF,2,0.655,reconstructed_candidate_history_not_real_left_snapshot
2026-04-02,159915,创业板ETF,3,0.635,reconstructed_candidate_history_not_real_left_snapshot
2026-04-02,512010,医药ETF,4,0.58,reconstructed_candidate_history_not_real_left_snapshot
2026-04-02,510300,沪深300ETF,5,0.56,reconstructed_candidate_history_not_real_left_snapshot
2026-04-03,159915,创业板ETF,1,0.69,reconstructed_candidate_history_not_real_left_snapshot
2026-04-03,512800,银行ETF,2,0.6849999999999999,reconstructed_candidate_history_not_real_left_snapshot
2026-04-03,159992,创新药ETF,3,0.665,reconstructed_candidate_history_not_real_left_snapshot
2026-04-03,512010,医药ETF,4,0.5750000000000001,reconstructed_candidate_history_not_real_left_snapshot
2026-04-03,510300,沪深300ETF,5,0.575,reconstructed_candidate_history_not_real_left_snapshot
2026-04-07,159915,创业板ETF,1,0.71,reconstructed_candidate_history_not_real_left_snapshot
2026-04-07,159992,创新药ETF,2,0.6800000000000002,reconstructed_candidate_history_not_real_left_snapshot
2026-04-07,159949,创业板50ETF,3,0.605,reconstructed_candidate_history_not_real_left_snapshot
2026-04-07,512800,银行ETF,4,0.595,reconstructed_candidate_history_not_real_left_snapshot
2026-04-07,512010,医药ETF,5,0.5599999999999999,reconstructed_candidate_history_not_real_left_snapshot
2026-04-08,159915,创业板ETF,1,0.7062499999999999,reconstructed_candidate_history_not_real_left_snapshot
2026-04-08,159949,创业板50ETF,2,0.6541666666666667,reconstructed_candidate_history_not_real_left_snapshot
2026-04-08,515050,5GETF,3,0.6479166666666667,reconstructed_candidate_history_not_real_left_snapshot
2026-04-08,159967,创成长ETF,4,0.64375,reconstructed_candidate_history_not_real_left_snapshot
2026-04-08,159870,化工ETF,5,0.6270833333333332,reconstructed_candidate_history_not_real_left_snapshot
2026-04-09,159915,创业板ETF,1,0.69375,reconstructed_candidate_history_not_real_left_snapshot
2026-04-09,159967,创成长ETF,2,0.6666666666666666,reconstructed_candidate_history_not_real_left_snapshot
2026-04-09,515050,5GETF,3,0.6645833333333333,reconstructed_candidate_history_not_real_left_snapshot
2026-04-09,159949,创业板50ETF,4,0.64375,reconstructed_candidate_history_not_real_left_snapshot
2026-04-09,512800,银行ETF,5,0.6354166666666667,reconstructed_candidate_history_not_real_left_snapshot
2026-04-10,159915,创业板ETF,1,0.76875,reconstructed_candidate_history_not_real_left_snapshot
2026-04-10,159949,创业板50ETF,2,0.7104166666666667,reconstructed_candidate_history_not_real_left_snapshot
2026-04-10,159967,创成长ETF,3,0.6833333333333332,reconstructed_candidate_history_not_real_left_snapshot
2026-04-10,515050,5GETF,4,0.6687500000000001,reconstructed_candidate_history_not_real_left_snapshot
2026-04-10,159755,电池ETF,5,0.64375,reconstructed_candidate_history_not_real_left_snapshot
2026-04-13,159915,创业板ETF,1,0.7458333333333333,reconstructed_candidate_history_not_real_left_snapshot
2026-04-13,159949,创业板50ETF,2,0.7333333333333334,reconstructed_candidate_history_not_real_left_snapshot
2026-04-13,159755,电池ETF,3,0.69375,reconstructed_candidate_history_not_real_left_snapshot
2026-04-13,159967,创成长ETF,4,0.6770833333333333,reconstructed_candidate_history_not_real_left_snapshot
2026-04-13,515050,5GETF,5,0.6729166666666667,reconstructed_candidate_history_not_real_left_snapshot
2026-04-14,159915,创业板ETF,1,0.7625000000000001,reconstructed_candidate_history_not_real_left_snapshot
2026-04-14,159949,创业板50ETF,2,0.7520833333333333,reconstructed_candidate_history_not_real_left_snapshot
2026-04-14,159755,电池ETF,3,0.6770833333333334,reconstructed_candidate_history_not_real_left_snapshot
2026-04-14,515050,5GETF,4,0.6770833333333334,reconstructed_candidate_history_not_real_left_snapshot
2026-04-14,159967,创成长ETF,5,0.6749999999999999,reconstructed_candidate_history_not_real_left_snapshot
2026-04-15,159915,创业板ETF,1,0.75,reconstructed_candidate_history_not_real_left_snapshot
2026-04-15,159949,创业板50ETF,2,0.73125,reconstructed_candidate_history_not_real_left_snapshot
2026-04-15,159967,创成长ETF,3,0.6958333333333333,reconstructed_candidate_history_not_real_left_snapshot
2026-04-15,159755,电池ETF,4,0.6791666666666667,reconstructed_candidate_history_not_real_left_snapshot
2026-04-15,515050,5GETF,5,0.6666666666666666,reconstructed_candidate_history_not_real_left_snapshot
2026-04-16,159915,创业板ETF,1,0.7604166666666667,reconstructed_candidate_history_not_real_left_snapshot
2026-04-16,159949,创业板50ETF,2,0.75,reconstructed_candidate_history_not_real_left_snapshot
2026-04-16,159755,电池ETF,3,0.7145833333333332,reconstructed_candidate_history_not_real_left_snapshot
2026-04-16,159967,创成长ETF,4,0.6958333333333333,reconstructed_candidate_history_not_real_left_snapshot
2026-04-16,515050,5GETF,5,0.6729166666666666,reconstructed_candidate_history_not_real_left_snapshot
2026-04-17,159949,创业板50ETF,1,0.7479166666666667,reconstructed_candidate_history_not_real_left_snapshot
2026-04-17,159915,创业板ETF,2,0.7437499999999999,reconstructed_candidate_history_not_real_left_snapshot
2026-04-17,159967,创成长ETF,3,0.69375,reconstructed_candidate_history_not_real_left_snapshot
2026-04-17,159755,电池ETF,4,0.6916666666666667,reconstructed_candidate_history_not_real_left_snapshot
2026-04-17,515050,5GETF,5,0.6645833333333333,reconstructed_candidate_history_not_real_left_snapshot
2026-04-20,159949,创业板50ETF,1,0.7312500000000001,reconstructed_candidate_history_not_real_left_snapshot
2026-04-20,159915,创业板ETF,2,0.7229166666666667,reconstructed_candidate_history_not_real_left_snapshot
2026-04-20,515050,5GETF,3,0.6791666666666667,reconstructed_candidate_history_not_real_left_snapshot
2026-04-20,159967,创成长ETF,4,0.6770833333333333,reconstructed_candidate_history_not_real_left_snapshot
2026-04-20,159755,电池ETF,5,0.6520833333333333,reconstructed_candidate_history_not_real_left_snapshot
2026-04-21,159915,创业板ETF,1,0.7541666666666668,reconstructed_candidate_history_not_real_left_snapshot
2026-04-21,159949,创业板50ETF,2,0.7291666666666667,reconstructed_candidate_history_not_real_left_snapshot
2026-04-21,159967,创成长ETF,3,0.6791666666666667,reconstructed_candidate_history_not_real_left_snapshot
2026-04-21,515050,5GETF,4,0.6791666666666666,reconstructed_candidate_history_not_real_left_snapshot
2026-04-21,512100,中证1000ETF,5,0.6416666666666667,reconstructed_candidate_history_not_real_left_snapshot
2026-04-22,159915,创业板ETF,1,0.76875,reconstructed_candidate_history_not_real_left_snapshot
2026-04-22,159949,创业板50ETF,2,0.7375,reconstructed_candidate_history_not_real_left_snapshot
2026-04-22,515050,5GETF,3,0.6875,reconstructed_candidate_history_not_real_left_snapshot
2026-04-22,159967,创成长ETF,4,0.6708333333333333,reconstructed_candidate_history_not_real_left_snapshot
2026-04-22,159819,人工智能ETF,5,0.6645833333333334,reconstructed_candidate_history_not_real_left_snapshot
2026-04-23,159915,创业板ETF,1,0.7729166666666667,reconstructed_candidate_history_not_real_left_snapshot
2026-04-23,159949,创业板50ETF,2,0.7416666666666667,reconstructed_candidate_history_not_real_left_snapshot
2026-04-23,515050,5GETF,3,0.6895833333333333,reconstructed_candidate_history_not_real_left_snapshot
2026-04-23,159819,人工智能ETF,4,0.6708333333333333,reconstructed_candidate_history_not_real_left_snapshot
2026-04-23,159967,创成长ETF,5,0.66875,reconstructed_candidate_history_not_real_left_snapshot
2026-04-24,159915,创业板ETF,1,0.7270833333333333,reconstructed_candidate_history_not_real_left_snapshot
2026-04-24,159949,创业板50ETF,2,0.71875,reconstructed_candidate_history_not_real_left_snapshot
2026-04-24,515050,5GETF,3,0.7041666666666666,reconstructed_candidate_history_not_real_left_snapshot
2026-04-24,159967,创成长ETF,4,0.6729166666666666,reconstructed_candidate_history_not_real_left_snapshot
2026-04-24,159819,人工智能ETF,5,0.6333333333333334,reconstructed_candidate_history_not_real_left_snapshot
2026-04-27,159915,创业板ETF,1,0.7291666666666666,reconstructed_candidate_history_not_real_left_snapshot
2026-04-27,515050,5GETF,2,0.7083333333333334,reconstructed_candidate_history_not_real_left_snapshot
2026-04-27,159949,创业板50ETF,3,0.7000000000000002,reconstructed_candidate_history_not_real_left_snapshot
2026-04-27,159967,创成长ETF,4,0.6729166666666666,reconstructed_candidate_history_not_real_left_snapshot
2026-04-27,512480,半导体ETF,5,0.6479166666666667,reconstructed_candidate_history_not_real_left_snapshot
2026-04-28,159915,创业板ETF,1,0.7249999999999999,reconstructed_candidate_history_not_real_left_snapshot
2026-04-28,515050,5GETF,2,0.7083333333333334,reconstructed_candidate_history_not_real_left_snapshot
2026-04-28,159949,创业板50ETF,3,0.7041666666666668,reconstructed_candidate_history_not_real_left_snapshot
2026-04-28,159967,创成长ETF,4,0.6729166666666666,reconstructed_candidate_history_not_real_left_snapshot
2026-04-28,510300,沪深300ETF,5,0.6541666666666667,reconstructed_candidate_history_not_real_left_snapshot
2026-04-29,159915,创业板ETF,1,0.7249999999999999,reconstructed_candidate_history_not_real_left_snapshot
2026-04-29,515050,5GETF,2,0.70625,reconstructed_candidate_history_not_real_left_snapshot
2026-04-29,159949,创业板50ETF,3,0.7041666666666668,reconstructed_candidate_history_not_real_left_snapshot
2026-04-29,159967,创成长ETF,4,0.6854166666666666,reconstructed_candidate_history_not_real_left_snapshot
2026-04-29,512480,半导体ETF,5,0.6520833333333333,reconstructed_candidate_history_not_real_left_snapshot
2026-04-30,159949,创业板50ETF,1,0.70625,reconstructed_candidate_history_not_real_left_snapshot
2026-04-30,515050,5GETF,2,0.7000000000000001,reconstructed_candidate_history_not_real_left_snapshot
2026-04-30,159915,创业板ETF,3,0.6958333333333333,reconstructed_candidate_history_not_real_left_snapshot
2026-04-30,512480,半导体ETF,4,0.6875,reconstructed_candidate_history_not_real_left_snapshot
2026-04-30,159967,创成长ETF,5,0.6583333333333333,reconstructed_candidate_history_not_real_left_snapshot
2026-05-06,588000,科创50ETF,1,0.7041666666666666,reconstructed_candidate_history_not_real_left_snapshot
2026-05-06,159949,创业板50ETF,2,0.7,reconstructed_candidate_history_not_real_left_snapshot
2026-05-06,159915,创业板ETF,3,0.6958333333333333,reconstructed_candidate_history_not_real_left_snapshot
2026-05-06,512480,半导体ETF,4,0.69375,reconstructed_candidate_history_not_real_left_snapshot
2026-05-06,588080,科创板50ETF,5,0.6708333333333334,reconstructed_candidate_history_not_real_left_snapshot
2026-05-07,159915,创业板ETF,1,0.71875,reconstructed_candidate_history_not_real_left_snapshot
2026-05-07,512480,半导体ETF,2,0.7145833333333332,reconstructed_candidate_history_not_real_left_snapshot
2026-05-07,159949,创业板50ETF,3,0.7041666666666667,reconstructed_candidate_history_not_real_left_snapshot
2026-05-07,588000,科创50ETF,4,0.6979166666666667,reconstructed_candidate_history_not_real_left_snapshot
2026-05-07,515050,5GETF,5,0.6854166666666668,reconstructed_candidate_history_not_real_left_snapshot
2026-05-08,515050,5GETF,1,0.7104166666666667,reconstructed_candidate_history_not_real_left_snapshot
2026-05-08,159915,创业板ETF,2,0.7083333333333333,reconstructed_candidate_history_not_real_left_snapshot
2026-05-08,512480,半导体ETF,3,0.7,reconstructed_candidate_history_not_real_left_snapshot
2026-05-08,159949,创业板50ETF,4,0.6958333333333333,reconstructed_candidate_history_not_real_left_snapshot
2026-05-08,159819,人工智能ETF,5,0.675,reconstructed_candidate_history_not_real_left_snapshot
2026-05-11,512480,半导体ETF,1,0.7395833333333334,reconstructed_candidate_history_not_real_left_snapshot
2026-05-11,159915,创业板ETF,2,0.7125,reconstructed_candidate_history_not_real_left_snapshot
2026-05-11,588000,科创50ETF,3,0.7,reconstructed_candidate_history_not_real_left_snapshot
2026-05-11,159995,芯片ETF,4,0.6958333333333334,reconstructed_candidate_history_not_real_left_snapshot
2026-05-11,515050,5GETF,5,0.6958333333333334,reconstructed_candidate_history_not_real_left_snapshot
2026-05-12,512480,半导体ETF,1,0.7354166666666666,reconstructed_candidate_history_not_real_left_snapshot
2026-05-12,588000,科创50ETF,2,0.7083333333333334,reconstructed_candidate_history_not_real_left_snapshot
2026-05-12,515880,通信ETF,3,0.7041666666666667,reconstructed_candidate_history_not_real_left_snapshot
2026-05-12,515050,5GETF,4,0.6958333333333334,reconstructed_candidate_history_not_real_left_snapshot
2026-05-12,159995,芯片ETF,5,0.69375,reconstructed_candidate_history_not_real_left_snapshot
2026-05-13,512480,半导体ETF,1,0.7416666666666667,reconstructed_candidate_history_not_real_left_snapshot
2026-05-13,515880,通信ETF,2,0.7375000000000002,reconstructed_candidate_history_not_real_left_snapshot
2026-05-13,588000,科创50ETF,3,0.7125,reconstructed_candidate_history_not_real_left_snapshot
2026-05-13,159915,创业板ETF,4,0.7083333333333334,reconstructed_candidate_history_not_real_left_snapshot
2026-05-13,159995,芯片ETF,5,0.7083333333333333,reconstructed_candidate_history_not_real_left_snapshot
2026-05-14,515880,通信ETF,1,0.7562500000000001,reconstructed_candidate_history_not_real_left_snapshot
2026-05-14,512480,半导体ETF,2,0.75,reconstructed_candidate_history_not_real_left_snapshot
2026-05-14,159915,创业板ETF,3,0.7125,reconstructed_candidate_history_not_real_left_snapshot
2026-05-14,588000,科创50ETF,4,0.7020833333333334,reconstructed_candidate_history_not_real_left_snapshot
2026-05-14,159949,创业板50ETF,5,0.6979166666666666,reconstructed_candidate_history_not_real_left_snapshot
2026-05-15,515880,通信ETF,1,0.7541666666666668,reconstructed_candidate_history_not_real_left_snapshot
2026-05-15,512480,半导体ETF,2,0.7416666666666667,reconstructed_candidate_history_not_real_left_snapshot
2026-05-15,159915,创业板ETF,3,0.7229166666666667,reconstructed_candidate_history_not_real_left_snapshot
2026-05-15,159995,芯片ETF,4,0.7125,reconstructed_candidate_history_not_real_left_snapshot
2026-05-15,588000,科创50ETF,5,0.7104166666666667,reconstructed_candidate_history_not_real_left_snapshot
2026-05-18,515880,通信ETF,1,0.7541666666666668,reconstructed_candidate_history_not_real_left_snapshot
2026-05-18,512480,半导体ETF,2,0.7416666666666667,reconstructed_candidate_history_not_real_left_snapshot
2026-05-18,159915,创业板ETF,3,0.7125,reconstructed_candidate_history_not_real_left_snapshot
2026-05-18,159995,芯片ETF,4,0.7125,reconstructed_candidate_history_not_real_left_snapshot
2026-05-18,588000,科创50ETF,5,0.7083333333333334,reconstructed_candidate_history_not_real_left_snapshot
2026-05-19,512480,半导体ETF,1,0.7416666666666667,reconstructed_candidate_history_not_real_left_snapshot
2026-05-19,515880,通信ETF,2,0.7395833333333335,reconstructed_candidate_history_not_real_left_snapshot
2026-05-19,588000,科创50ETF,3,0.7333333333333333,reconstructed_candidate_history_not_real_left_snapshot
2026-05-19,159995,芯片ETF,4,0.7229166666666668,reconstructed_candidate_history_not_real_left_snapshot
2026-05-19,588080,科创板50ETF,5,0.6916666666666667,reconstructed_candidate_history_not_real_left_snapshot
2026-05-20,512480,半导体ETF,1,0.7395833333333334,reconstructed_candidate_history_not_real_left_snapshot
2026-05-20,515880,通信ETF,2,0.7375,reconstructed_candidate_history_not_real_left_snapshot
2026-05-20,588000,科创50ETF,3,0.7374999999999999,reconstructed_candidate_history_not_real_left_snapshot
2026-05-20,159995,芯片ETF,4,0.7229166666666668,reconstructed_candidate_history_not_real_left_snapshot
2026-05-20,159915,创业板ETF,5,0.7083333333333334,reconstructed_candidate_history_not_real_left_snapshot
2026-05-21,588000,科创50ETF,1,0.7354166666666666,reconstructed_candidate_history_not_real_left_snapshot
2026-05-21,512480,半导体ETF,2,0.7312500000000001,reconstructed_candidate_history_not_real_left_snapshot
2026-05-21,159995,芯片ETF,3,0.7291666666666667,reconstructed_candidate_history_not_real_left_snapshot
2026-05-21,515880,通信ETF,4,0.7291666666666667,reconstructed_candidate_history_not_real_left_snapshot
2026-05-21,159915,创业板ETF,5,0.70625,reconstructed_candidate_history_not_real_left_snapshot
2026-05-22,512480,半导体ETF,1,0.7312500000000001,reconstructed_candidate_history_not_real_left_snapshot
2026-05-22,159995,芯片ETF,2,0.7291666666666667,reconstructed_candidate_history_not_real_left_snapshot
2026-05-22,515880,通信ETF,3,0.71875,reconstructed_candidate_history_not_real_left_snapshot
2026-05-22,588000,科创50ETF,4,0.71875,reconstructed_candidate_history_not_real_left_snapshot
2026-05-22,159915,创业板ETF,5,0.6958333333333333,reconstructed_candidate_history_not_real_left_snapshot
2026-05-25,588000,科创50ETF,1,0.7416666666666666,reconstructed_candidate_history_not_real_left_snapshot
2026-05-25,512480,半导体ETF,2,0.7375,reconstructed_candidate_history_not_real_left_snapshot
2026-05-25,159995,芯片ETF,3,0.7291666666666667,reconstructed_candidate_history_not_real_left_snapshot
2026-05-25,515880,通信ETF,4,0.7229166666666667,reconstructed_candidate_history_not_real_left_snapshot
2026-05-25,159915,创业板ETF,5,0.7041666666666667,reconstructed_candidate_history_not_real_left_snapshot
2026-05-26,512480,半导体ETF,1,0.7374999999999999,reconstructed_candidate_history_not_real_left_snapshot
2026-05-26,159995,芯片ETF,2,0.7354166666666667,reconstructed_candidate_history_not_real_left_snapshot
2026-05-26,588000,科创50ETF,3,0.7312500000000001,reconstructed_candidate_history_not_real_left_snapshot
2026-05-26,515880,通信ETF,4,0.7229166666666667,reconstructed_candidate_history_not_real_left_snapshot
2026-05-26,159915,创业板ETF,5,0.6979166666666666,reconstructed_candidate_history_not_real_left_snapshot
2026-05-27,512480,半导体ETF,1,0.7375,reconstructed_candidate_history_not_real_left_snapshot
2026-05-27,159995,芯片ETF,2,0.7291666666666667,reconstructed_candidate_history_not_real_left_snapshot
2026-05-27,515880,通信ETF,3,0.725,reconstructed_candidate_history_not_real_left_snapshot
2026-05-27,588000,科创50ETF,4,0.725,reconstructed_candidate_history_not_real_left_snapshot
2026-05-27,159915,创业板ETF,5,0.7,reconstructed_candidate_history_not_real_left_snapshot
2026-05-28,512480,半导体ETF,1,0.7375,reconstructed_candidate_history_not_real_left_snapshot
2026-05-28,515880,通信ETF,2,0.7354166666666667,reconstructed_candidate_history_not_real_left_snapshot
2026-05-28,159995,芯片ETF,3,0.7291666666666667,reconstructed_candidate_history_not_real_left_snapshot
2026-05-28,588000,科创50ETF,4,0.7187500000000001,reconstructed_candidate_history_not_real_left_snapshot
2026-05-28,159967,创成长ETF,5,0.7166666666666667,reconstructed_candidate_history_not_real_left_snapshot
2026-05-29,515880,通信ETF,1,0.7520833333333333,reconstructed_candidate_history_not_real_left_snapshot
2026-05-29,512480,半导体ETF,2,0.7375,reconstructed_candidate_history_not_real_left_snapshot
2026-05-29,159995,芯片ETF,3,0.7291666666666667,reconstructed_candidate_history_not_real_left_snapshot
2026-05-29,159915,创业板ETF,4,0.7208333333333333,reconstructed_candidate_history_not_real_left_snapshot
2026-05-29,159967,创成长ETF,5,0.71875,reconstructed_candidate_history_not_real_left_snapshot
2026-06-01,515880,通信ETF,1,0.7604166666666666,reconstructed_candidate_history_not_real_left_snapshot
2026-06-01,512480,半导体ETF,2,0.7333333333333334,reconstructed_candidate_history_not_real_left_snapshot
2026-06-01,159995,芯片ETF,3,0.7291666666666667,reconstructed_candidate_history_not_real_left_snapshot
2026-06-01,159967,创成长ETF,4,0.7104166666666667,reconstructed_candidate_history_not_real_left_snapshot
2026-06-01,159915,创业板ETF,5,0.6958333333333333,reconstructed_candidate_history_not_real_left_snapshot
2026-06-02,515880,通信ETF,1,0.7854166666666667,reconstructed_candidate_history_not_real_left_snapshot
2026-06-02,159967,创成长ETF,2,0.7437499999999999,reconstructed_candidate_history_not_real_left_snapshot
2026-06-02,159949,创业板50ETF,3,0.7395833333333335,reconstructed_candidate_history_not_real_left_snapshot
2026-06-02,159915,创业板ETF,4,0.7291666666666666,reconstructed_candidate_history_not_real_left_snapshot
2026-06-02,512480,半导体ETF,5,0.71875,reconstructed_candidate_history_not_real_left_snapshot
2026-06-03,515880,通信ETF,1,0.7854166666666667,reconstructed_candidate_history_not_real_left_snapshot
2026-06-03,159949,创业板50ETF,2,0.74375,reconstructed_candidate_history_not_real_left_snapshot
2026-06-03,159967,创成长ETF,3,0.7437499999999999,reconstructed_candidate_history_not_real_left_snapshot
2026-06-03,159915,创业板ETF,4,0.7208333333333333,reconstructed_candidate_history_not_real_left_snapshot
2026-06-03,512480,半导体ETF,5,0.71875,reconstructed_candidate_history_not_real_left_snapshot
