replay_id,as_of_date,symbol,display_name,candidate_rank,left_score,model_name,tokenizer_name,device,lookback,pred_len,sample_count,last_close,pred_close_last,actual_close_last,pred_return_last,actual_return_last,return_error,abs_return_error,squared_return_error,pred_direction,actual_direction,direction_match,actual_close_min,actual_close_max,actual_range_pct,model_status,error_message
2025-03-10_588000_RECONSTRUCTED,2025-03-10,588000,科创50ETF,1,0.71,NeoQuasar/Kronos-small,NeoQuasar/Kronos-Tokenizer-base,cuda:0,120,24,1,1.163,1.182928204536438,1.064,0.0171351432800292,-0.0851246775580395,0.1022598208380688,0.1022598208380688,0.0104570709578339,UP,DOWN,False,0.97,1.158,0.1616509028374892,PASS,
2025-03-10_588080_RECONSTRUCTED,2025-03-10,588080,科创板50ETF,2,0.68,NeoQuasar/Kronos-small,NeoQuasar/Kronos-Tokenizer-base,cuda:0,120,24,1,1.119,1.0163142681121826,1.023,-0.0917655825614929,-0.0857908847184987,-0.0059746978429942,0.0059746978429942,3.5697014315079586e-05,DOWN,DOWN,True,0.939,1.112,0.1546023235031279,PASS,
2025-03-10_512480_RECONSTRUCTED,2025-03-10,512480,半导体ETF,3,0.6300000000000001,NeoQuasar/Kronos-small,NeoQuasar/Kronos-Tokenizer-base,cuda:0,120,24,1,1.141,1.0581821203231812,1.055,-0.0725836157798767,-0.0753724802804558,0.0027888645005791,0.0027888645005791,7.777765202590512e-06,DOWN,DOWN,True,0.944,1.132,0.1647677475898334,PASS,
2025-03-10_512760_RECONSTRUCTED,2025-03-10,512760,芯片ETF,4,0.6300000000000001,NeoQuasar/Kronos-small,NeoQuasar/Kronos-Tokenizer-base,cuda:0,120,24,1,0.632,0.6618304252624512,0.586,0.0471999645233154,-0.0727848101265823,0.1199847746498977,0.1199847746498977,0.0143963461477867,UP,DOWN,False,0.524,0.628,0.1645569620253164,PASS,
2025-03-10_512100_RECONSTRUCTED,2025-03-10,512100,中证1000ETF,5,0.5549999999999999,NeoQuasar/Kronos-small,NeoQuasar/Kronos-Tokenizer-base,cuda:0,120,24,1,2.565,2.51704216003418,2.333,-0.0186970233917236,-0.0904483430799218,0.0717513196881982,0.0717513196881982,0.005148251876998,DOWN,DOWN,True,2.178,2.604,0.1660818713450293,PASS,
2025-03-11_588000_RECONSTRUCTED,2025-03-11,588000,科创50ETF,1,0.6900000000000002,NeoQuasar/Kronos-small,NeoQuasar/Kronos-Tokenizer-base,cuda:0,120,24,1,1.158,1.0233010053634644,1.054,-0.1163203716278076,-0.0898100172711571,-0.0265103543566505,0.0265103543566505,0.0007027988881151,DOWN,DOWN,True,0.97,1.15,0.155440414507772,PASS,
2025-03-11_588080_RECONSTRUCTED,2025-03-11,588080,科创板50ETF,2,0.6300000000000001,NeoQuasar/Kronos-small,NeoQuasar/Kronos-Tokenizer-base,cuda:0,120,24,1,1.112,0.9070931673049928,1.014,-0.1842687129974365,-0.0881294964028778,-0.0961392165945587,0.0961392165945587,0.0092427489674154,DOWN,DOWN,True,0.939,1.105,0.1492805755395683,PASS,
2025-03-11_512480_RECONSTRUCTED,2025-03-11,512480,半导体ETF,3,0.5900000000000001,NeoQuasar/Kronos-small,NeoQuasar/Kronos-Tokenizer-base,cuda:0,120,24,1,1.132,1.127165913581848,1.042,-0.0042703747749328,-0.0795053003533567,0.0752349255784239,0.0752349255784239,0.0056602940267909,DOWN,DOWN,True,0.944,1.128,0.1625441696113073,PASS,
2025-03-11_512690_RECONSTRUCTED,2025-03-11,512690,酒ETF,4,0.565,NeoQuasar/Kronos-small,NeoQuasar/Kronos-Tokenizer-base,cuda:0,120,24,1,0.629,0.6197253465652466,0.612,-0.0147451162338256,-0.027027027027027,0.0122819107932014,0.0122819107932014,0.0001508453327321,DOWN,DOWN,True,0.594,0.652,0.0922098569157393,PASS,
2025-03-11_512760_RECONSTRUCTED,2025-03-11,512760,芯片ETF,5,0.55,NeoQuasar/Kronos-small,NeoQuasar/Kronos-Tokenizer-base,cuda:0,120,24,1,0.628,0.6204625368118286,0.578,-0.0120023488998413,-0.0796178343949045,0.0676154854950632,0.0676154854950632,0.0045718538787331,DOWN,DOWN,True,0.524,0.626,0.162420382165605,PASS,
2025-03-12_588000_RECONSTRUCTED,2025-03-12,588000,科创50ETF,1,0.6700000000000002,NeoQuasar/Kronos-small,NeoQuasar/Kronos-Tokenizer-base,cuda:0,120,24,1,1.15,0.9380120038986206,1.061,-0.1843373775482177,-0.077391304347826,-0.1069460732003917,0.1069460732003917,0.0114374625729835,DOWN,DOWN,True,0.97,1.146,0.1530434782608695,PASS,
2025-03-12_588080_RECONSTRUCTED,2025-03-12,588080,科创板50ETF,2,0.6100000000000001,NeoQuasar/Kronos-small,NeoQuasar/Kronos-Tokenizer-base,cuda:0,120,24,1,1.105,1.023104548454285,1.02,-0.0741135478019714,-0.0769230769230768,0.0028095291211054,0.0028095291211054,7.893453882339486e-06,DOWN,DOWN,True,0.939,1.101,0.146606334841629,PASS,
2025-03-12_512480_RECONSTRUCTED,2025-03-12,512480,半导体ETF,3,0.5700000000000001,NeoQuasar/Kronos-small,NeoQuasar/Kronos-Tokenizer-base,cuda:0,120,24,1,1.128,1.0992084741592407,1.049,-0.0255244374275207,-0.0700354609929078,0.044511023565387,0.044511023565387,0.0019812312188384,DOWN,DOWN,True,0.944,1.119,0.1551418439716312,PASS,
2025-03-12_512100_RECONSTRUCTED,2025-03-12,512100,中证1000ETF,4,0.57,NeoQuasar/Kronos-small,NeoQuasar/Kronos-Tokenizer-base,cuda:0,120,24,1,2.587,2.4171810150146484,2.294,-0.0656431913375854,-0.1132586006957866,0.0476154093582011,0.0476154093582011,0.002267227208349,DOWN,DOWN,True,2.178,2.604,0.1646695013529185,PASS,
2025-03-12_512690_RECONSTRUCTED,2025-03-12,512690,酒ETF,5,0.565,NeoQuasar/Kronos-small,NeoQuasar/Kronos-Tokenizer-base,cuda:0,120,24,1,0.624,0.6272117495536804,0.614,0.0051469802856445,-0.016025641025641,0.0211726213112856,0.0211726213112856,0.0004482798931911,UP,DOWN,False,0.594,0.652,0.092948717948718,PASS,
2025-03-13_588000_RECONSTRUCTED,2025-03-13,588000,科创50ETF,1,0.71,NeoQuasar/Kronos-small,NeoQuasar/Kronos-Tokenizer-base,cuda:0,120,24,1,1.126,1.1153839826583862,1.066,-0.0094281435012817,-0.053285968028419,0.0438578245271372,0.0438578245271372,0.0019235087722531,DOWN,DOWN,True,0.97,1.146,0.1563055062166962,PASS,
2025-03-13_588080_RECONSTRUCTED,2025-03-13,588080,科创板50ETF,2,0.6300000000000001,NeoQuasar/Kronos-small,NeoQuasar/Kronos-Tokenizer-base,cuda:0,120,24,1,1.081,0.9865683913230896,1.025,-0.0873557925224304,-0.0518038852913969,-0.0355519072310335,0.0355519072310335,0.001263938107764,DOWN,DOWN,True,0.939,1.101,0.1498612395929695,PASS,
2025-03-13_512100_RECONSTRUCTED,2025-03-13,512100,中证1000ETF,3,0.59,NeoQuasar/Kronos-small,NeoQuasar/Kronos-Tokenizer-base,cuda:0,120,24,1,2.547,2.172853946685791,2.295,-0.1468967199325561,-0.0989399293286219,-0.0479567906039342,0.0479567906039342,0.0022998537650295,DOWN,DOWN,True,2.178,2.604,0.1672555948174323,PASS,
2025-03-13_512660_RECONSTRUCTED,2025-03-13,512660,军工ETF,4,0.59,NeoQuasar/Kronos-small,NeoQuasar/Kronos-Tokenizer-base,cuda:0,120,24,1,1.093,1.038972020149231,1.001,-0.0494309663772583,-0.0841720036596523,0.034741037282394,0.034741037282394,0.0012069396714566,DOWN,DOWN,True,0.927,1.095,0.1537053979871911,PASS,
2025-03-13_512480_RECONSTRUCTED,2025-03-13,512480,半导体ETF,5,0.54,NeoQuasar/Kronos-small,NeoQuasar/Kronos-Tokenizer-base,cuda:0,120,24,1,1.095,1.1591976881027222,1.055,0.058627963066101,-0.0365296803652968,0.0951576434313978,0.0951576434313978,0.009054977103417,UP,DOWN,False,0.944,1.119,0.1598173515981735,PASS,
2025-03-14_588000_RECONSTRUCTED,2025-03-14,588000,科创50ETF,1,0.6900000000000002,NeoQuasar/Kronos-small,NeoQuasar/Kronos-Tokenizer-base,cuda:0,120,24,1,1.146,1.1574395895004272,1.059,0.0099821090698242,-0.075916230366492,0.0858983394363163,0.0858983394363163,0.0073785247179166,UP,DOWN,False,0.97,1.146,0.1535776614310645,PASS,
2025-03-14_588080_RECONSTRUCTED,2025-03-14,588080,科创板50ETF,2,0.6100000000000001,NeoQuasar/Kronos-small,NeoQuasar/Kronos-Tokenizer-base,cuda:0,120,24,1,1.101,0.9099079966545104,1.018,-0.1735621690750122,-0.0753860127157129,-0.0981761563592992,0.0981761563592992,0.0096385576774855,DOWN,DOWN,True,0.939,1.101,0.1471389645776567,PASS,
2025-03-14_512100_RECONSTRUCTED,2025-03-14,512100,中证1000ETF,3,0.555,NeoQuasar/Kronos-small,NeoQuasar/Kronos-Tokenizer-base,cuda:0,120,24,1,2.59,2.5223283767700195,2.291,-0.0261279940605163,-0.1154440154440153,0.089316021383499,0.089316021383499,0.0079773516757776,DOWN,DOWN,True,2.178,2.604,0.1644787644787645,PASS,
2025-03-14_512660_RECONSTRUCTED,2025-03-14,512660,军工ETF,4,0.55,NeoQuasar/Kronos-small,NeoQuasar/Kronos-Tokenizer-base,cuda:0,120,24,1,1.095,0.974259912967682,0.995,-0.1102649569511413,-0.091324200913242,-0.0189407560378993,0.0189407560378993,0.0003587522392872,DOWN,DOWN,True,0.927,1.091,0.1497716894977168,PASS,
2025-03-14_512690_RECONSTRUCTED,2025-03-14,512690,酒ETF,5,0.5449999999999999,NeoQuasar/Kronos-small,NeoQuasar/Kronos-Tokenizer-base,cuda:0,120,24,1,0.652,0.6259660720825195,0.614,-0.0399293303489685,-0.058282208588957,0.0183528782399885,0.0183528782399885,0.0003368281396918,DOWN,DOWN,True,0.594,0.652,0.088957055214724,PASS,
2025-03-17_588000_RECONSTRUCTED,2025-03-17,588000,科创50ETF,1,0.635,NeoQuasar/Kronos-small,NeoQuasar/Kronos-Tokenizer-base,cuda:0,120,24,1,1.14,1.15594220161438,1.07,0.0139844417572021,-0.0614035087719296,0.0753879505291318,0.0753879505291318,0.0056833430849828,UP,DOWN,False,0.97,1.146,0.1543859649122806,PASS,
2025-03-17_588080_RECONSTRUCTED,2025-03-17,588080,科创板50ETF,2,0.5850000000000001,NeoQuasar/Kronos-small,NeoQuasar/Kronos-Tokenizer-base,cuda:0,120,24,1,1.095,0.9140719771385192,1.028,-0.1652311086654663,-0.0611872146118721,-0.1040438940535941,0.1040438940535941,0.0108251318898355,DOWN,DOWN,True,0.939,1.101,0.147945205479452,PASS,
2025-03-17_512100_RECONSTRUCTED,2025-03-17,512100,中证1000ETF,3,0.5750000000000001,NeoQuasar/Kronos-small,NeoQuasar/Kronos-Tokenizer-base,cuda:0,120,24,1,2.593,2.556035280227661,2.339,-0.0142555832862854,-0.0979560354801388,0.0837004521938534,0.0837004521938534,0.0070057656974555,DOWN,DOWN,True,2.178,2.604,0.1642884689548785,PASS,
2025-03-17_512690_RECONSTRUCTED,2025-03-17,512690,酒ETF,4,0.5449999999999999,NeoQuasar/Kronos-small,NeoQuasar/Kronos-Tokenizer-base,cuda:0,120,24,1,0.652,0.6352090239524841,0.608,-0.0257530212402343,-0.0674846625766871,0.0417316413364527,0.0417316413364527,0.0017415298886343,DOWN,DOWN,True,0.594,0.646,0.0797546012269939,PASS,
2025-03-17_512480_RECONSTRUCTED,2025-03-17,512480,半导体ETF,5,0.54,NeoQuasar/Kronos-small,NeoQuasar/Kronos-Tokenizer-base,cuda:0,120,24,1,1.111,0.9112681746482848,1.055,-0.1797765493392944,-0.0504050405040504,-0.1293715088352439,0.1293715088352439,0.0167369872983076,DOWN,DOWN,True,0.944,1.119,0.1575157515751575,PASS,
2025-03-18_588000_RECONSTRUCTED,2025-03-18,588000,科创50ETF,1,0.655,NeoQuasar/Kronos-small,NeoQuasar/Kronos-Tokenizer-base,cuda:0,120,24,1,1.146,1.1490001678466797,1.066,0.0026179552078247,-0.069808027923211,0.0724259831310357,0.0724259831310357,0.005245523032497,UP,DOWN,False,0.97,1.131,0.1404886561954625,PASS,
2025-03-18_588080_RECONSTRUCTED,2025-03-18,588080,科创板50ETF,2,0.645,NeoQuasar/Kronos-small,NeoQuasar/Kronos-Tokenizer-base,cuda:0,120,24,1,1.101,0.915635585784912,1.026,-0.1683599948883056,-0.0681198910081744,-0.1002401038801312,0.1002401038801312,0.0100480784258995,DOWN,DOWN,True,0.939,1.088,0.1353315168029065,PASS,
2025-03-18_512100_RECONSTRUCTED,2025-03-18,512100,中证1000ETF,3,0.6,NeoQuasar/Kronos-small,NeoQuasar/Kronos-Tokenizer-base,cuda:0,120,24,1,2.604,2.361302137374878,2.339,-0.093201994895935,-0.1017665130568357,0.0085645181609006,0.0085645181609006,7.335097132839701e-05,DOWN,DOWN,True,2.178,2.586,0.1566820276497695,PASS,
2025-03-18_512480_RECONSTRUCTED,2025-03-18,512480,半导体ETF,4,0.56,NeoQuasar/Kronos-small,NeoQuasar/Kronos-Tokenizer-base,cuda:0,120,24,1,1.119,0.8933255672454834,1.053,-0.2016750574111938,-0.0589812332439678,-0.1426938241672259,0.1426938241672259,0.0203615274554672,DOWN,DOWN,True,0.944,1.105,0.1438784629133155,PASS,
2025-03-18_512660_RECONSTRUCTED,2025-03-18,512660,军工ETF,5,0.54,NeoQuasar/Kronos-small,NeoQuasar/Kronos-Tokenizer-base,cuda:0,120,24,1,1.088,1.0345232486724854,1.006,-0.0491514801979064,-0.0753676470588236,0.0262161668609171,0.0262161668609171,0.0006872874048794,DOWN,DOWN,True,0.927,1.082,0.1424632352941176,PASS,
2025-03-19_588000_RECONSTRUCTED,2025-03-19,588000,科创50ETF,1,0.6000000000000001,NeoQuasar/Kronos-small,NeoQuasar/Kronos-Tokenizer-base,cuda:0,120,24,1,1.131,1.1608872413635254,1.063,0.0264254808425903,-0.0601237842617153,0.0865492651043057,0.0865492651043057,0.0074907752900953,UP,DOWN,False,0.97,1.119,0.1317418213969938,PASS,
2025-03-19_512100_RECONSTRUCTED,2025-03-19,512100,中证1000ETF,2,0.5800000000000001,NeoQuasar/Kronos-small,NeoQuasar/Kronos-Tokenizer-base,cuda:0,120,24,1,2.586,2.444398880004883,2.353,-0.0547568202018737,-0.0901005413766433,0.0353437211747695,0.0353437211747695,0.0012491786264798,DOWN,DOWN,True,2.178,2.575,0.1535189481825213,PASS,
2025-03-19_510050_RECONSTRUCTED,2025-03-19,510050,上证50ETF,3,0.54,NeoQuasar/Kronos-small,NeoQuasar/Kronos-Tokenizer-base,cuda:0,120,24,1,2.729,2.678210496902466,2.628,-0.0186110734939575,-0.0370098937339684,0.0183988202400109,0.0183988202400109,0.0003385165862242,DOWN,DOWN,True,2.491,2.699,0.0762183950164894,PASS,
2025-03-19_588080_RECONSTRUCTED,2025-03-19,588080,科创板50ETF,4,0.54,NeoQuasar/Kronos-small,NeoQuasar/Kronos-Tokenizer-base,cuda:0,120,24,1,1.088,0.9063417315483092,1.022,-0.166965365409851,-0.0606617647058823,-0.1063036007039687,0.1063036007039687,0.0113004555226288,DOWN,DOWN,True,0.939,1.075,0.125,PASS,
2025-03-19_512690_RECONSTRUCTED,2025-03-19,512690,酒ETF,5,0.52,NeoQuasar/Kronos-small,NeoQuasar/Kronos-Tokenizer-base,cuda:0,120,24,1,0.641,0.6430097818374634,0.605,0.0031354427337646,-0.0561622464898596,0.0592976892236243,0.0592976892236243,0.0035162159472615,UP,DOWN,False,0.594,0.631,0.0577223088923557,PASS,
2025-03-20_512100_RECONSTRUCTED,2025-03-20,512100,中证1000ETF,1,0.6,NeoQuasar/Kronos-small,NeoQuasar/Kronos-Tokenizer-base,cuda:0,120,24,1,2.575,2.4313290119171143,2.33,-0.0557945966720581,-0.0951456310679611,0.039351034395903,0.039351034395903,0.0015485039080275,DOWN,DOWN,True,2.178,2.521,0.1332038834951456,PASS,
2025-03-20_159937_RECONSTRUCTED,2025-03-20,159937,黄金ETF,2,0.5850000000000001,NeoQuasar/Kronos-small,NeoQuasar/Kronos-Tokenizer-base,cuda:0,120,24,1,6.799,6.261488437652588,7.565,-0.0790573954582214,0.1126636270039711,-0.1917210224621925,0.1917210224621925,0.0367569504539485,DOWN,UP,False,6.759,7.967,0.1776731872334165,PASS,
2025-03-20_588080_RECONSTRUCTED,2025-03-20,588080,科创板50ETF,3,0.5750000000000001,NeoQuasar/Kronos-small,NeoQuasar/Kronos-Tokenizer-base,cuda:0,120,24,1,1.075,0.9518145322799684,1.012,-0.1145911812782287,-0.0586046511627906,-0.055986530115438,0.055986530115438,0.0031344915543668,DOWN,DOWN,True,0.939,1.057,0.1097674418604651,PASS,
2025-03-20_512660_RECONSTRUCTED,2025-03-20,512660,军工ETF,4,0.575,NeoQuasar/Kronos-small,NeoQuasar/Kronos-Tokenizer-base,cuda:0,120,24,1,1.082,1.1016768217086792,0.995,0.0181856155395507,-0.0804066543438077,0.0985922698833585,0.0985922698833585,0.009720435680753,UP,DOWN,False,0.927,1.077,0.1386321626617374,PASS,
2025-03-20_588000_RECONSTRUCTED,2025-03-20,588000,科创50ETF,5,0.55,NeoQuasar/Kronos-small,NeoQuasar/Kronos-Tokenizer-base,cuda:0,120,24,1,1.119,1.120582103729248,1.052,0.0014139413833618,-0.0598748882931188,0.0612888296764806,0.0612888296764806,0.0037563206431126,UP,DOWN,False,0.97,1.101,0.1170688114387846,PASS,
2025-03-21_159937_RECONSTRUCTED,2025-03-21,159937,黄金ETF,1,0.665,NeoQuasar/Kronos-small,NeoQuasar/Kronos-Tokenizer-base,cuda:0,120,24,1,6.761,6.090898036956787,7.519,-0.099112868309021,0.112113592663807,-0.211226460972828,0.211226460972828,0.0446166178151056,DOWN,UP,False,6.759,7.967,0.1786717941132967,PASS,
2025-03-21_512660_RECONSTRUCTED,2025-03-21,512660,军工ETF,2,0.575,NeoQuasar/Kronos-small,NeoQuasar/Kronos-Tokenizer-base,cuda:0,120,24,1,1.077,1.1134546995162964,0.998,0.0338484048843383,-0.0733519034354688,0.1072003083198072,0.1072003083198072,0.0114919061038617,UP,DOWN,False,0.927,1.059,0.1225626740947074,PASS,
2025-03-21_510050_RECONSTRUCTED,2025-03-21,510050,上证50ETF,3,0.5599999999999999,NeoQuasar/Kronos-small,NeoQuasar/Kronos-Tokenizer-base,cuda:0,120,24,1,2.654,2.723580837249756,2.63,0.0262173414230346,-0.0090429540316503,0.035260295454685,0.035260295454685,0.0012432884355516,UP,DOWN,False,2.491,2.672,0.0681989449886963,PASS,
2025-03-21_512800_RECONSTRUCTED,2025-03-21,512800,银行ETF,4,0.5550000000000002,NeoQuasar/Kronos-small,NeoQuasar/Kronos-Tokenizer-base,cuda:0,120,24,1,0.759,0.7213523983955383,0.773,-0.0496016144752502,0.0184453227931489,-0.0680469372683991,0.0680469372683991,0.0046303856716094,DOWN,UP,False,0.736,0.775,0.0513833992094862,PASS,
2025-03-21_512100_RECONSTRUCTED,2025-03-21,512100,中证1000ETF,5,0.5349999999999999,NeoQuasar/Kronos-small,NeoQuasar/Kronos-Tokenizer-base,cuda:0,120,24,1,2.521,2.297752618789673,2.335,-0.0885550379753112,-0.0737802459341531,-0.0147747920411581,0.0147747920411581,0.0002182944798594,DOWN,DOWN,True,2.178,2.501,0.1281237604125347,PASS,
2025-03-24_512800_RECONSTRUCTED,2025-03-24,512800,银行ETF,1,0.7150000000000001,NeoQuasar/Kronos-small,NeoQuasar/Kronos-Tokenizer-base,cuda:0,120,24,1,0.766,0.7563944458961487,0.779,-0.0125398635864257,0.016971279373368,-0.0295111429597938,0.0295111429597938,0.0008709075587933,DOWN,UP,False,0.736,0.779,0.056135770234987,PASS,
2025-03-24_159937_RECONSTRUCTED,2025-03-24,159937,黄金ETF,2,0.665,NeoQuasar/Kronos-small,NeoQuasar/Kronos-Tokenizer-base,cuda:0,120,24,1,6.768,5.884930610656738,7.456,-0.1304771900177002,0.1016548463356974,-0.2321320363533976,0.2321320363533976,0.0538852823015751,DOWN,UP,False,6.759,7.967,0.1784869976359337,PASS,
2025-03-24_510050_RECONSTRUCTED,2025-03-24,510050,上证50ETF,3,0.59,NeoQuasar/Kronos-small,NeoQuasar/Kronos-Tokenizer-base,cuda:0,120,24,1,2.672,2.722233772277832,2.631,0.018800139427185,-0.0153443113772456,0.0341444508044307,0.0341444508044307,0.0011658435207361,UP,DOWN,False,2.491,2.672,0.0677395209580838,PASS,
2025-03-24_510300_RECONSTRUCTED,2025-03-24,510300,沪深300ETF,4,0.535,NeoQuasar/Kronos-small,NeoQuasar/Kronos-Tokenizer-base,cuda:0,120,24,1,3.816,3.5894479751586914,3.665,-0.0593689680099487,-0.0395702306079663,-0.0197987374019823,0.0197987374019823,0.0003919900027126,DOWN,DOWN,True,3.484,3.818,0.0875262054507337,PASS,
2025-03-24_159996_RECONSTRUCTED,2025-03-24,159996,家电ETF,5,0.52,NeoQuasar/Kronos-small,NeoQuasar/Kronos-Tokenizer-base,cuda:0,120,24,1,1.426,1.33668851852417,1.291,-0.0626307725906372,-0.0946704067321178,0.0320396341414805,0.0320396341414805,0.0010265381559199,DOWN,DOWN,True,1.219,1.416,0.1381486676016829,PASS,
2025-03-25_512800_RECONSTRUCTED,2025-03-25,512800,银行ETF,1,0.6950000000000001,NeoQuasar/Kronos-small,NeoQuasar/Kronos-Tokenizer-base,cuda:0,120,24,1,0.77,0.7141183614730835,0.777,-0.0725735425949096,0.009090909090909,-0.0816644516858187,0.0816644516858187,0.0066690826691454,DOWN,UP,False,0.736,0.779,0.0558441558441558,PASS,
2025-03-25_510050_RECONSTRUCTED,2025-03-25,510050,上证50ETF,2,0.67,NeoQuasar/Kronos-small,NeoQuasar/Kronos-Tokenizer-base,cuda:0,120,24,1,2.672,2.553200483322144,2.626,-0.0444608926773071,-0.0172155688622756,-0.0272453238150315,0.0272453238150315,0.0007423076697859,DOWN,DOWN,True,2.491,2.67,0.0669910179640717,PASS,
2025-03-25_159937_RECONSTRUCTED,2025-03-25,159937,黄金ETF,3,0.665,NeoQuasar/Kronos-small,NeoQuasar/Kronos-Tokenizer-base,cuda:0,120,24,1,6.759,5.917543411254883,7.503,-0.124494194984436,0.1100754549489568,-0.2345696499333929,0.2345696499333929,0.0550229206698745,DOWN,UP,False,6.783,7.967,0.1751738422843614,PASS,
2025-03-25_510300_RECONSTRUCTED,2025-03-25,510300,沪深300ETF,4,0.5650000000000001,NeoQuasar/Kronos-small,NeoQuasar/Kronos-Tokenizer-base,cuda:0,120,24,1,3.818,3.597651481628418,3.658,-0.0577130913734436,-0.0419067574646412,-0.0158063339088023,0.0158063339088023,0.0002498401916365,DOWN,DOWN,True,3.484,3.816,0.0869565217391303,PASS,
2025-03-25_159996_RECONSTRUCTED,2025-03-25,159996,家电ETF,5,0.54,NeoQuasar/Kronos-small,NeoQuasar/Kronos-Tokenizer-base,cuda:0,120,24,1,1.414,1.409735918045044,1.296,-0.0030156373977661,-0.0834512022630833,0.0804355648653172,0.0804355648653172,0.0064698800952026,DOWN,DOWN,True,1.219,1.416,0.1393210749646392,PASS,
2025-03-26_159937_RECONSTRUCTED,2025-03-26,159937,黄金ETF,1,0.685,NeoQuasar/Kronos-small,NeoQuasar/Kronos-Tokenizer-base,cuda:0,120,24,1,6.783,6.089987277984619,7.457,-0.1021690368652343,0.0993660622143592,-0.2015350990795936,0.2015350990795936,0.0406163961610216,DOWN,UP,False,6.797,7.967,0.1724900486510393,PASS,
2025-03-26_512800_RECONSTRUCTED,2025-03-26,512800,银行ETF,2,0.645,NeoQuasar/Kronos-small,NeoQuasar/Kronos-Tokenizer-base,cuda:0,120,24,1,0.759,0.7016938328742981,0.76,-0.0755022168159484,0.0013175230566535,-0.076819739872602,0.076819739872602,0.0059012724340942,DOWN,UP,False,0.736,0.779,0.0566534914361001,PASS,
2025-03-26_510050_RECONSTRUCTED,2025-03-26,510050,上证50ETF,3,0.55,NeoQuasar/Kronos-small,NeoQuasar/Kronos-Tokenizer-base,cuda:0,120,24,1,2.656,2.520695447921753,2.613,-0.0509429574012756,-0.0161897590361446,-0.034753198365131,0.034753198365131,0.0012077847966061,DOWN,DOWN,True,2.491,2.67,0.0673945783132529,PASS,
2025-03-26_512690_RECONSTRUCTED,2025-03-26,512690,酒ETF,4,0.54,NeoQuasar/Kronos-small,NeoQuasar/Kronos-Tokenizer-base,cuda:0,120,24,1,0.623,0.6457895040512085,0.595,0.036580204963684,-0.0449438202247191,0.0815240251884031,0.0815240251884031,0.0066461666829193,UP,DOWN,False,0.594,0.629,0.0561797752808989,PASS,
2025-03-26_510500_RECONSTRUCTED,2025-03-26,510500,中证500ETF,5,0.53,NeoQuasar/Kronos-small,NeoQuasar/Kronos-Tokenizer-base,cuda:0,120,24,1,5.879,5.418824195861816,5.564,-0.0782745480537414,-0.0535805409083176,-0.0246940071454238,0.0246940071454238,0.0006097939888982,DOWN,DOWN,True,5.218,5.894,0.1149855417588025,PASS,
2025-03-27_159937_RECONSTRUCTED,2025-03-27,159937,黄金ETF,1,0.725,NeoQuasar/Kronos-small,NeoQuasar/Kronos-Tokenizer-base,cuda:0,120,24,1,6.797,5.986648082733154,7.597,-0.1192219853401184,0.1176989848462557,-0.2369209701863741,0.2369209701863741,0.0561315461140527,DOWN,UP,False,6.863,7.967,0.1624245990878327,PASS,
2025-03-27_512800_RECONSTRUCTED,2025-03-27,512800,银行ETF,2,0.625,NeoQuasar/Kronos-small,NeoQuasar/Kronos-Tokenizer-base,cuda:0,120,24,1,0.762,0.697180986404419,0.76,-0.0850643515586853,-0.0026246719160104,-0.0824396796426748,0.0824396796426748,0.0067963007795868,DOWN,DOWN,True,0.736,0.779,0.0564304461942257,PASS,
2025-03-27_159992_RECONSTRUCTED,2025-03-27,159992,创新药ETF,3,0.5950000000000002,NeoQuasar/Kronos-small,NeoQuasar/Kronos-Tokenizer-base,cuda:0,120,24,1,0.745,0.736612856388092,0.739,-0.0112579464912414,-0.0080536912751677,-0.0032042552160737,0.0032042552160737,1.0267251489735538e-05,DOWN,DOWN,True,0.686,0.771,0.1140939597315435,PASS,
2025-03-27_512690_RECONSTRUCTED,2025-03-27,512690,酒ETF,4,0.545,NeoQuasar/Kronos-small,NeoQuasar/Kronos-Tokenizer-base,cuda:0,120,24,1,0.629,0.590156078338623,0.597,-0.0617550611495971,-0.0508744038155802,-0.0108806573340168,0.0108806573340168,0.0001183887040202,DOWN,DOWN,True,0.594,0.625,0.0492845786963434,PASS,
2025-03-27_510050_RECONSTRUCTED,2025-03-27,510050,上证50ETF,5,0.51,NeoQuasar/Kronos-small,NeoQuasar/Kronos-Tokenizer-base,cuda:0,120,24,1,2.67,2.623764753341675,2.627,-0.0173165798187255,-0.0161048689138577,-0.0012117109048678,0.0012117109048678,1.4682433169756015e-06,DOWN,DOWN,True,2.491,2.658,0.0625468164794006,PASS,
2025-03-28_159937_RECONSTRUCTED,2025-03-28,159937,黄金ETF,1,0.725,NeoQuasar/Kronos-small,NeoQuasar/Kronos-Tokenizer-base,cuda:0,120,24,1,6.927,6.1022725105285645,7.657,-0.1190598607063293,0.1053847264327991,-0.2244445871391285,0.2244445871391285,0.0503753726960538,DOWN,UP,False,6.863,7.967,0.15937635339974,PASS,
2025-03-28_159992_RECONSTRUCTED,2025-03-28,159992,创新药ETF,2,0.64,NeoQuasar/Kronos-small,NeoQuasar/Kronos-Tokenizer-base,cuda:0,120,24,1,0.745,0.7003316879272461,0.729,-0.0599574446678161,-0.0214765100671141,-0.038480934600702,0.038480934600702,0.0014807823277435,DOWN,DOWN,True,0.686,0.771,0.1140939597315435,PASS,
2025-03-28_159996_RECONSTRUCTED,2025-03-28,159996,家电ETF,3,0.575,NeoQuasar/Kronos-small,NeoQuasar/Kronos-Tokenizer-base,cuda:0,120,24,1,1.405,1.4381247758865356,1.334,0.0235763788223266,-0.0505338078291814,0.0741101866515081,0.0741101866515081,0.0054923197655213,UP,DOWN,False,1.219,1.403,0.1309608540925266,PASS,
2025-03-28_510500_RECONSTRUCTED,2025-03-28,510500,中证500ETF,4,0.555,NeoQuasar/Kronos-small,NeoQuasar/Kronos-Tokenizer-base,cuda:0,120,24,1,5.847,5.5824055671691895,5.681,-0.045253038406372,-0.0283906276723105,-0.0168624107340614,0.0168624107340614,0.0002843408957641,DOWN,DOWN,True,5.218,5.831,0.1048400889344964,PASS,
2025-03-28_512690_RECONSTRUCTED,2025-03-28,512690,酒ETF,5,0.535,NeoQuasar/Kronos-small,NeoQuasar/Kronos-Tokenizer-base,cuda:0,120,24,1,0.623,0.6329739689826965,0.599,0.0160095691680908,-0.0385232744783307,0.0545328436464215,0.0545328436464215,0.002973831036165,UP,DOWN,False,0.594,0.625,0.0497592295345104,PASS,
2025-03-31_159937_RECONSTRUCTED,2025-03-31,159937,黄金ETF,1,0.725,NeoQuasar/Kronos-small,NeoQuasar/Kronos-Tokenizer-base,cuda:0,120,24,1,6.993,6.242336750030518,7.541,-0.1073449850082397,0.0783640783640784,-0.1857090633723181,0.1857090633723181,0.0344878562186236,DOWN,UP,False,6.863,7.967,0.1578721578721577,PASS,
2025-03-31_159992_RECONSTRUCTED,2025-03-31,159992,创新药ETF,2,0.6200000000000002,NeoQuasar/Kronos-small,NeoQuasar/Kronos-Tokenizer-base,cuda:0,120,24,1,0.74,0.7371599674224854,0.729,-0.0038378834724426,-0.0148648648648648,0.0110269813924221,0.0110269813924221,0.0001215943186288,DOWN,DOWN,True,0.686,0.771,0.1148648648648648,PASS,
2025-03-31_159996_RECONSTRUCTED,2025-03-31,159996,家电ETF,3,0.62,NeoQuasar/Kronos-small,NeoQuasar/Kronos-Tokenizer-base,cuda:0,120,24,1,1.403,1.3047086000442505,1.346,-0.070057988166809,-0.0406272273699215,-0.0294307607968875,0.0294307607968875,0.0008661696810836,DOWN,DOWN,True,1.219,1.397,0.126870990734141,PASS,
2025-03-31_512800_RECONSTRUCTED,2025-03-31,512800,银行ETF,4,0.5950000000000001,NeoQuasar/Kronos-small,NeoQuasar/Kronos-Tokenizer-base,cuda:0,120,24,1,0.762,0.7050986886024475,0.779,-0.0746736526489257,0.0223097112860892,-0.096983363935015,0.096983363935015,0.0094057728801515,DOWN,UP,False,0.736,0.779,0.0564304461942257,PASS,
2025-03-31_510050_RECONSTRUCTED,2025-03-31,510050,上证50ETF,5,0.57,NeoQuasar/Kronos-small,NeoQuasar/Kronos-Tokenizer-base,cuda:0,120,24,1,2.645,2.6778206825256348,2.662,0.0124086141586303,0.0064272211720226,0.0059813929866077,0.0059813929866077,3.577706206023995e-05,UP,UP,True,2.491,2.662,0.0646502835538751,PASS,
2025-04-01_159937_RECONSTRUCTED,2025-04-01,159937,黄金ETF,1,0.725,NeoQuasar/Kronos-small,NeoQuasar/Kronos-Tokenizer-base,cuda:0,120,24,1,7.049,6.114434719085693,7.517,-0.1325812339782714,0.0663923960845509,-0.1989736300628224,0.1989736300628224,0.0395905054603769,DOWN,UP,False,6.863,7.967,0.1566179599943253,PASS,
2025-04-01_159992_RECONSTRUCTED,2025-04-01,159992,创新药ETF,2,0.6250000000000001,NeoQuasar/Kronos-small,NeoQuasar/Kronos-Tokenizer-base,cuda:0,120,24,1,0.771,0.7296575903892517,0.731,-0.0536218285560607,-0.0518806744487678,-0.0017411541072929,0.0017411541072929,3.031617625343003e-06,DOWN,DOWN,True,0.686,0.764,0.1011673151750972,PASS,
2025-04-01_512010_RECONSTRUCTED,2025-04-01,512010,医药ETF,3,0.6100000000000001,NeoQuasar/Kronos-small,NeoQuasar/Kronos-Tokenizer-base,cuda:0,120,24,1,0.374,0.3464402556419372,0.358,-0.0736891627311706,-0.0427807486631016,-0.0309084140680689,0.0309084140680689,0.0009553300602032,DOWN,DOWN,True,0.342,0.369,0.0721925133689838,PASS,
2025-04-01_512800_RECONSTRUCTED,2025-04-01,512800,银行ETF,4,0.56,NeoQuasar/Kronos-small,NeoQuasar/Kronos-Tokenizer-base,cuda:0,120,24,1,0.758,0.7355756759643555,0.789,-0.0295835733413696,0.0408970976253297,-0.0704806709666994,0.0704806709666994,0.0049675249799161,DOWN,UP,False,0.736,0.789,0.0699208443271768,PASS,
2025-04-01_159996_RECONSTRUCTED,2025-04-01,159996,家电ETF,5,0.5199999999999999,NeoQuasar/Kronos-small,NeoQuasar/Kronos-Tokenizer-base,cuda:0,120,24,1,1.391,1.320051670074463,1.347,-0.0510053038597106,-0.0316319194823867,-0.0193733843773239,0.0193733843773239,0.0003753280222315,DOWN,DOWN,True,1.219,1.397,0.1279654924514737,PASS,
2025-04-02_159937_RECONSTRUCTED,2025-04-02,159937,黄金ETF,1,0.725,NeoQuasar/Kronos-small,NeoQuasar/Kronos-Tokenizer-base,cuda:0,120,24,1,7.028,6.269716262817383,7.362,-0.1078946590423584,0.0475241889584518,-0.1554188480008103,0.1554188480008103,0.0241550183138989,DOWN,UP,False,6.863,7.967,0.1570859419464996,PASS,
2025-04-02_159992_RECONSTRUCTED,2025-04-02,159992,创新药ETF,2,0.6250000000000001,NeoQuasar/Kronos-small,NeoQuasar/Kronos-Tokenizer-base,cuda:0,120,24,1,0.764,0.691665768623352,0.72,-0.0946782827377319,-0.0575916230366492,-0.0370866597010827,0.0370866597010827,0.0013754203277839,DOWN,DOWN,True,0.686,0.762,0.0994764397905758,PASS,
2025-04-02_512010_RECONSTRUCTED,2025-04-02,512010,医药ETF,3,0.56,NeoQuasar/Kronos-small,NeoQuasar/Kronos-Tokenizer-base,cuda:0,120,24,1,0.369,0.3826804161071777,0.357,0.037074327468872,-0.0325203252032521,0.0695946526721241,0.0695946526721241,0.0048434156805536,UP,DOWN,False,0.342,0.366,0.0650406504065039,PASS,
2025-04-02_512100_RECONSTRUCTED,2025-04-02,512100,中证1000ETF,4,0.5449999999999999,NeoQuasar/Kronos-small,NeoQuasar/Kronos-Tokenizer-base,cuda:0,120,24,1,2.47,2.5170977115631104,2.43,0.0190678834915161,-0.0161943319838057,0.0352622154753218,0.0352622154753218,0.001243423840228,UP,DOWN,False,2.178,2.441,0.1064777327935222,PASS,
2025-04-02_512800_RECONSTRUCTED,2025-04-02,512800,银行ETF,5,0.5449999999999999,NeoQuasar/Kronos-small,NeoQuasar/Kronos-Tokenizer-base,cuda:0,120,24,1,0.764,0.7138190269470215,0.791,-0.0656818747520446,0.0353403141361257,-0.1010221888881703,0.1010221888881703,0.0102054826477571,DOWN,UP,False,0.736,0.791,0.0719895287958115,PASS,
2025-04-03_159937_RECONSTRUCTED,2025-04-03,159937,黄金ETF,1,0.725,NeoQuasar/Kronos-small,NeoQuasar/Kronos-Tokenizer-base,cuda:0,120,24,1,7.082,6.04590368270874,7.317,-0.1462999582290649,0.0331827167466818,-0.1794826749757467,0.1794826749757467,0.0322140306164495,DOWN,UP,False,6.863,7.967,0.155888167184411,PASS,
2025-04-03_159992_RECONSTRUCTED,2025-04-03,159992,创新药ETF,2,0.6250000000000001,NeoQuasar/Kronos-small,NeoQuasar/Kronos-Tokenizer-base,cuda:0,120,24,1,0.762,0.7458698153495789,0.728,-0.0211682319641113,-0.0446194225721785,0.0234511906080672,0.0234511906080672,0.0005499583409359,DOWN,DOWN,True,0.686,0.739,0.0695538057742781,PASS,
2025-04-03_512800_RECONSTRUCTED,2025-04-03,512800,银行ETF,3,0.5950000000000001,NeoQuasar/Kronos-small,NeoQuasar/Kronos-Tokenizer-base,cuda:0,120,24,1,0.767,0.706544816493988,0.803,-0.0788203477859497,0.0469361147327249,-0.1257564625186746,0.1257564625186746,0.0158146878652108,DOWN,UP,False,0.736,0.803,0.0873533246414603,PASS,
2025-04-03_512100_RECONSTRUCTED,2025-04-03,512100,中证1000ETF,4,0.54,NeoQuasar/Kronos-small,NeoQuasar/Kronos-Tokenizer-base,cuda:0,120,24,1,2.441,2.161675214767456,2.421,-0.1144304871559143,-0.0081933633756656,-0.1062371237802486,0.1062371237802486,0.0112863264690998,DOWN,DOWN,True,2.178,2.43,0.103236378533388,PASS,
2025-04-03_510300_RECONSTRUCTED,2025-04-03,510300,沪深300ETF,5,0.515,NeoQuasar/Kronos-small,NeoQuasar/Kronos-Tokenizer-base,cuda:0,120,24,1,3.748,3.597947597503662,3.783,-0.0400353074073791,0.0093383137673423,-0.0493736211747215,0.0493736211747215,0.0024377544679049,DOWN,UP,False,3.484,3.783,0.0797758804695837,PASS,
2025-04-07_159937_RECONSTRUCTED,2025-04-07,159937,黄金ETF,1,0.735,NeoQuasar/Kronos-small,NeoQuasar/Kronos-Tokenizer-base,cuda:0,120,24,1,6.863,5.872824192047119,7.264,-0.1442773938179016,0.0584292583418328,-0.2027066521597345,0.2027066521597345,0.0410899868298075,DOWN,UP,False,6.905,7.967,0.1547428238379716,PASS,
2025-04-07_159928_RECONSTRUCTED,2025-04-07,159928,消费ETF,2,0.69,NeoQuasar/Kronos-small,NeoQuasar/Kronos-Tokenizer-base,cuda:0,120,24,1,0.8,0.7858752012252808,0.833,-0.0176560282707214,0.0412499999999997,-0.0589060282707212,0.0589060282707212,0.003469920166631,DOWN,UP,False,0.815,0.843,0.035,PASS,
2025-04-07_512800_RECONSTRUCTED,2025-04-07,512800,银行ETF,3,0.685,NeoQuasar/Kronos-small,NeoQuasar/Kronos-Tokenizer-base,cuda:0,120,24,1,0.743,0.7591566443443298,0.81,0.0217452049255371,0.0901749663526245,-0.0684297614270874,0.0684297614270874,0.0046826322489681,UP,UP,True,0.736,0.81,0.0995962314939435,PASS,
2025-04-07_512690_RECONSTRUCTED,2025-04-07,512690,酒ETF,4,0.65,NeoQuasar/Kronos-small,NeoQuasar/Kronos-Tokenizer-base,cuda:0,120,24,1,0.594,0.5843266844749451,0.613,-0.0162850022315979,0.031986531986532,-0.0482715342181299,0.0482715342181299,0.002330141015772,DOWN,UP,False,0.595,0.625,0.0505050505050505,PASS,
2025-04-07_510050_RECONSTRUCTED,2025-04-07,510050,上证50ETF,5,0.565,NeoQuasar/Kronos-small,NeoQuasar/Kronos-Tokenizer-base,cuda:0,120,24,1,2.491,2.662927627563477,2.737,0.0690195560455322,0.0987555198715375,-0.0297359638260052,0.0297359638260052,0.0008842275446614,UP,UP,True,2.548,2.737,0.0758731433159373,PASS,
2025-04-08_159937_RECONSTRUCTED,2025-04-08,159937,黄金ETF,1,0.735,NeoQuasar/Kronos-small,NeoQuasar/Kronos-Tokenizer-base,cuda:0,120,24,1,6.905,6.326889991760254,7.057,-0.0837234258651733,0.0220130340333091,-0.1057364598984824,0.1057364598984824,0.0111801989518633,DOWN,UP,False,6.982,7.967,0.1426502534395364,PASS,
2025-04-08_159928_RECONSTRUCTED,2025-04-08,159928,消费ETF,2,0.715,NeoQuasar/Kronos-small,NeoQuasar/Kronos-Tokenizer-base,cuda:0,120,24,1,0.83,0.7997480034828186,0.831,-0.0364481806755065,0.0012048192771083,-0.0376529999526149,0.0376529999526149,0.0014177484054316,DOWN,UP,False,0.815,0.843,0.0337349397590361,PASS,
2025-04-08_512690_RECONSTRUCTED,2025-04-08,512690,酒ETF,3,0.7000000000000001,NeoQuasar/Kronos-small,NeoQuasar/Kronos-Tokenizer-base,cuda:0,120,24,1,0.614,0.6371806263923645,0.606,0.0377534627914428,-0.013029315960912,0.0507827787523549,0.0507827787523549,0.0025788906178106,UP,DOWN,False,0.595,0.625,0.0488599348534202,PASS,
2025-04-08_510050_RECONSTRUCTED,2025-04-08,510050,上证50ETF,4,0.65,NeoQuasar/Kronos-small,NeoQuasar/Kronos-Tokenizer-base,cuda:0,120,24,1,2.548,2.635249614715576,2.723,0.0342423915863037,0.0686813186813186,-0.0344389270950149,0.0344389270950149,0.0011860396994557,UP,UP,True,2.568,2.737,0.0663265306122449,PASS,
2025-04-08_512800_RECONSTRUCTED,2025-04-08,512800,银行ETF,5,0.6200000000000001,NeoQuasar/Kronos-small,NeoQuasar/Kronos-Tokenizer-base,cuda:0,120,24,1,0.743,0.743821382522583,0.808,0.0011055469512939,0.0874831763122476,-0.0863776293609537,0.0863776293609537,0.0074610948540182,UP,UP,True,0.736,0.81,0.0995962314939435,PASS,
2025-04-09_159937_RECONSTRUCTED,2025-04-09,159937,黄金ETF,1,0.735,NeoQuasar/Kronos-small,NeoQuasar/Kronos-Tokenizer-base,cuda:0,120,24,1,6.982,6.19688081741333,7.163,-0.112449049949646,0.0259238040676024,-0.1383728540172484,0.1383728540172484,0.0191470467288787,DOWN,UP,False,7.057,7.967,0.1303351475221998,PASS,
2025-04-09_512690_RECONSTRUCTED,2025-04-09,512690,酒ETF,2,0.715,NeoQuasar/Kronos-small,NeoQuasar/Kronos-Tokenizer-base,cuda:0,120,24,1,0.622,0.6378334760665894,0.599,0.0254558324813842,-0.0369774919614148,0.0624333244427991,0.0624333244427991,0.0038979200009798,UP,DOWN,False,0.595,0.625,0.0482315112540193,PASS,
2025-04-09_159928_RECONSTRUCTED,2025-04-09,159928,消费ETF,3,0.705,NeoQuasar/Kronos-small,NeoQuasar/Kronos-Tokenizer-base,cuda:0,120,24,1,0.842,0.8292303085327148,0.823,-0.0151659250259399,-0.0225653206650832,0.0073993956391432,0.0073993956391432,5.475105582457243e-05,DOWN,DOWN,True,0.815,0.843,0.0332541567695962,PASS,
2025-04-09_510050_RECONSTRUCTED,2025-04-09,510050,上证50ETF,4,0.6050000000000001,NeoQuasar/Kronos-small,NeoQuasar/Kronos-Tokenizer-base,cuda:0,120,24,1,2.568,2.565319776535034,2.698,-0.0010437369346618,0.0506230529595015,-0.0516667898941634,0.0516667898941634,0.0026694571779676,DOWN,UP,False,2.592,2.737,0.0564641744548286,PASS,
2025-04-09_512800_RECONSTRUCTED,2025-04-09,512800,银行ETF,5,0.545,NeoQuasar/Kronos-small,NeoQuasar/Kronos-Tokenizer-base,cuda:0,120,24,1,0.736,0.6952660083770752,0.801,-0.0553451180458068,0.0883152173913044,-0.1436603354371113,0.1436603354371113,0.0206382919779033,DOWN,UP,False,0.742,0.81,0.0923913043478261,PASS,
2025-04-10_159937_RECONSTRUCTED,2025-04-10,159937,黄金ETF,1,0.74,NeoQuasar/Kronos-small,NeoQuasar/Kronos-Tokenizer-base,cuda:0,120,24,1,7.134,6.217222690582275,7.212,-0.1285081505775451,0.0109335576114379,-0.1394417081889831,0.1394417081889831,0.0194439899826615,DOWN,UP,False,7.057,7.967,0.1275581721334453,PASS,
2025-04-10_159928_RECONSTRUCTED,2025-04-10,159928,消费ETF,2,0.715,NeoQuasar/Kronos-small,NeoQuasar/Kronos-Tokenizer-base,cuda:0,120,24,1,0.843,0.8626828789710999,0.818,0.0233485698699951,-0.029655990510083,0.0530045603800781,0.0530045603800781,0.0028094834210853,UP,DOWN,False,0.815,0.838,0.0272835112692764,PASS,
2025-04-10_512690_RECONSTRUCTED,2025-04-10,512690,酒ETF,3,0.715,NeoQuasar/Kronos-small,NeoQuasar/Kronos-Tokenizer-base,cuda:0,120,24,1,0.625,0.6331107020378113,0.592,0.012977123260498,-0.0528,0.0657771232604981,0.0657771232604981,0.0043266299444267,UP,DOWN,False,0.592,0.62,0.0448,PASS,
2025-04-10_510050_RECONSTRUCTED,2025-04-10,510050,上证50ETF,4,0.555,NeoQuasar/Kronos-small,NeoQuasar/Kronos-Tokenizer-base,cuda:0,120,24,1,2.592,2.559742212295532,2.689,-0.0124451518058776,0.0374228395061728,-0.0498679913120505,0.0498679913120505,0.0024868165574987,DOWN,UP,False,2.597,2.737,0.0540123456790123,PASS,
2025-04-10_159992_RECONSTRUCTED,2025-04-10,159992,创新药ETF,5,0.545,NeoQuasar/Kronos-small,NeoQuasar/Kronos-Tokenizer-base,cuda:0,120,24,1,0.706,0.691655695438385,0.739,-0.0203176736831665,0.046742209631728,-0.0670598833148945,0.0670598833148945,0.0044970279502072,DOWN,UP,False,0.708,0.739,0.0439093484419263,PASS,
2025-04-11_159937_RECONSTRUCTED,2025-04-11,159937,黄金ETF,1,0.74,NeoQuasar/Kronos-small,NeoQuasar/Kronos-Tokenizer-base,cuda:0,120,24,1,7.258,6.141706943511963,7.196,-0.1538017392158508,-0.0085422981537613,-0.1452594410620894,0.1452594410620894,0.0211003052176706,DOWN,DOWN,True,7.057,7.967,0.1253788922568199,PASS,
2025-04-11_159928_RECONSTRUCTED,2025-04-11,159928,消费ETF,2,0.67,NeoQuasar/Kronos-small,NeoQuasar/Kronos-Tokenizer-base,cuda:0,120,24,1,0.834,0.8296153545379639,0.824,-0.0052573680877685,-0.0119904076738609,0.0067330395860923,0.0067330395860923,4.533382206788722e-05,DOWN,DOWN,True,0.815,0.838,0.0275779376498801,PASS,
2025-04-11_512690_RECONSTRUCTED,2025-04-11,512690,酒ETF,3,0.6649999999999999,NeoQuasar/Kronos-small,NeoQuasar/Kronos-Tokenizer-base,cuda:0,120,24,1,0.618,0.6279610991477966,0.593,0.0161182880401611,-0.0404530744336569,0.0565713624738181,0.0565713624738181,0.0032003190521441,UP,DOWN,False,0.592,0.62,0.0453074433656958,PASS,
2025-04-11_159992_RECONSTRUCTED,2025-04-11,159992,创新药ETF,4,0.6100000000000001,NeoQuasar/Kronos-small,NeoQuasar/Kronos-Tokenizer-base,cuda:0,120,24,1,0.712,0.7332332730293274,0.756,0.0298219919204711,0.0617977528089888,-0.0319757608885176,0.0319757608885176,0.0010224492843996,UP,UP,True,0.708,0.756,0.0674157303370787,PASS,
2025-04-11_512480_RECONSTRUCTED,2025-04-11,512480,半导体ETF,5,0.585,NeoQuasar/Kronos-small,NeoQuasar/Kronos-Tokenizer-base,cuda:0,120,24,1,1.055,1.0221974849700928,1.032,-0.0310924053192138,-0.0218009478672984,-0.0092914574519153,0.0092914574519153,8.633118158075416e-05,DOWN,DOWN,True,1.023,1.078,0.0521327014218011,PASS,
2025-04-14_159937_RECONSTRUCTED,2025-04-14,159937,黄金ETF,1,0.75,NeoQuasar/Kronos-small,NeoQuasar/Kronos-Tokenizer-base,cuda:0,120,24,1,7.316,6.400422096252441,7.424,-0.1251473426818847,0.0147621651175506,-0.1399095077994354,0.1399095077994354,0.0195746703726802,DOWN,UP,False,7.057,7.967,0.1243849097867686,PASS,
2025-04-14_159928_RECONSTRUCTED,2025-04-14,159928,消费ETF,2,0.6450000000000001,NeoQuasar/Kronos-small,NeoQuasar/Kronos-Tokenizer-base,cuda:0,120,24,1,0.83,0.8385120630264282,0.826,0.0102555751800537,-0.0048192771084337,0.0150748522884874,0.0150748522884874,0.0002272511715197,UP,DOWN,False,0.815,0.838,0.027710843373494,PASS,
2025-04-14_159992_RECONSTRUCTED,2025-04-14,159992,创新药ETF,3,0.635,NeoQuasar/Kronos-small,NeoQuasar/Kronos-Tokenizer-base,cuda:0,120,24,1,0.721,0.6952217817306519,0.766,-0.0357534289360046,0.0624133148404992,-0.0981667437765039,0.0981667437765039,0.0096367095836817,DOWN,UP,False,0.708,0.766,0.0804438280166436,PASS,
2025-04-14_512480_RECONSTRUCTED,2025-04-14,512480,半导体ETF,4,0.5900000000000001,NeoQuasar/Kronos-small,NeoQuasar/Kronos-Tokenizer-base,cuda:0,120,24,1,1.055,0.9879595637321472,1.022,-0.0635454058647155,-0.0312796208530804,-0.0322657850116351,0.0322657850116351,0.001041080882417,DOWN,DOWN,True,1.022,1.078,0.0530805687203791,PASS,
2025-04-14_510050_RECONSTRUCTED,2025-04-14,510050,上证50ETF,5,0.5750000000000001,NeoQuasar/Kronos-small,NeoQuasar/Kronos-Tokenizer-base,cuda:0,120,24,1,2.605,2.573897361755371,2.713,-0.0119395852088928,0.0414587332053744,-0.0533983184142672,0.0533983184142672,0.0028513804094714,DOWN,UP,False,2.611,2.737,0.0483685220729366,PASS,
2025-04-15_159937_RECONSTRUCTED,2025-04-15,159937,黄金ETF,1,0.77,NeoQuasar/Kronos-small,NeoQuasar/Kronos-Tokenizer-base,cuda:0,120,24,1,7.312,6.065999031066895,7.435,-0.1704049110412597,0.0168216630196935,-0.1872265740609533,0.1872265740609533,0.0350537900346016,DOWN,UP,False,7.057,7.967,0.1244529540481399,PASS,
2025-04-15_159928_RECONSTRUCTED,2025-04-15,159928,消费ETF,2,0.665,NeoQuasar/Kronos-small,NeoQuasar/Kronos-Tokenizer-base,cuda:0,120,24,1,0.831,0.8387032747268677,0.822,0.0092699527740478,-0.0108303249097473,0.0201002776837951,0.0201002776837951,0.0004040211629656,UP,DOWN,False,0.815,0.838,0.0276774969915764,PASS,
2025-04-15_159992_RECONSTRUCTED,2025-04-15,159992,创新药ETF,3,0.615,NeoQuasar/Kronos-small,NeoQuasar/Kronos-Tokenizer-base,cuda:0,120,24,1,0.717,0.7049898505210876,0.765,-0.0167505741119384,0.0669456066945606,-0.0836961808064991,0.0836961808064991,0.0070050506815941,DOWN,UP,False,0.708,0.766,0.0808926080892608,PASS,
2025-04-15_512690_RECONSTRUCTED,2025-04-15,512690,酒ETF,4,0.5999999999999999,NeoQuasar/Kronos-small,NeoQuasar/Kronos-Tokenizer-base,cuda:0,120,24,1,0.612,0.5915568470954895,0.591,-0.0334038138389587,-0.034313725490196,0.0009099116512373,0.0009099116512373,8.279392130574396e-07,DOWN,DOWN,True,0.591,0.62,0.0473856209150327,PASS,
2025-04-15_510050_RECONSTRUCTED,2025-04-15,510050,上证50ETF,5,0.5750000000000001,NeoQuasar/Kronos-small,NeoQuasar/Kronos-Tokenizer-base,cuda:0,120,24,1,2.611,2.554892301559448,2.716,-0.0214889645576477,0.0402144772117962,-0.0617034417694439,0.0617034417694439,0.0038073147261951,DOWN,UP,False,2.613,2.737,0.047491382612026,PASS,
2025-04-16_159937_RECONSTRUCTED,2025-04-16,159937,黄金ETF,1,0.7899999999999999,NeoQuasar/Kronos-small,NeoQuasar/Kronos-Tokenizer-base,cuda:0,120,24,1,7.487,6.146893501281738,7.436,-0.1789911389350891,-0.0068118071323627,-0.1721793318027263,0.1721793318027263,0.0296457223000333,DOWN,DOWN,True,7.057,7.967,0.1215440096166688,PASS,
2025-04-16_159928_RECONSTRUCTED,2025-04-16,159928,消费ETF,2,0.6750000000000002,NeoQuasar/Kronos-small,NeoQuasar/Kronos-Tokenizer-base,cuda:0,120,24,1,0.834,0.8450685739517212,0.818,0.013271689414978,-0.0191846522781774,0.0324563416931554,0.0324563416931554,0.0010534141161028,UP,DOWN,False,0.815,0.838,0.0275779376498801,PASS,
2025-04-16_510050_RECONSTRUCTED,2025-04-16,510050,上证50ETF,3,0.64,NeoQuasar/Kronos-small,NeoQuasar/Kronos-Tokenizer-base,cuda:0,120,24,1,2.635,2.582224130630493,2.695,-0.0200287699699401,0.0227703984819733,-0.0427991684519135,0.0427991684519135,0.0018317688201752,DOWN,UP,False,2.613,2.737,0.0470588235294118,PASS,
2025-04-16_512800_RECONSTRUCTED,2025-04-16,512800,银行ETF,4,0.625,NeoQuasar/Kronos-small,NeoQuasar/Kronos-Tokenizer-base,cuda:0,120,24,1,0.766,0.7169250845909119,0.805,-0.0640664100646972,0.0509138381201044,-0.1149802481848016,0.1149802481848016,0.0132204574726385,DOWN,UP,False,0.76,0.813,0.0691906005221931,PASS,
2025-04-16_512690_RECONSTRUCTED,2025-04-16,512690,酒ETF,5,0.58,NeoQuasar/Kronos-small,NeoQuasar/Kronos-Tokenizer-base,cuda:0,120,24,1,0.614,0.5814588069915771,0.587,-0.0529987215995788,-0.0439739413680781,-0.0090247802315006,0.0090247802315006,8.144665822688514e-05,DOWN,DOWN,True,0.587,0.62,0.0537459283387622,PASS,
2025-04-17_159937_RECONSTRUCTED,2025-04-17,159937,黄金ETF,1,0.7899999999999999,NeoQuasar/Kronos-small,NeoQuasar/Kronos-Tokenizer-base,cuda:0,120,24,1,7.557,6.187876224517822,7.418,-0.1811729669570922,-0.0183935424110096,-0.1627794245460826,0.1627794245460826,0.0264971410555538,DOWN,DOWN,True,7.057,7.967,0.120418155352653,PASS,
2025-04-17_159928_RECONSTRUCTED,2025-04-17,159928,消费ETF,2,0.7100000000000001,NeoQuasar/Kronos-small,NeoQuasar/Kronos-Tokenizer-base,cuda:0,120,24,1,0.838,0.8252590894699097,0.816,-0.0152039527893066,-0.026252983293556,0.0110490305042494,0.0110490305042494,0.0001220810750838,DOWN,DOWN,True,0.815,0.833,0.0214797136038186,PASS,
2025-04-17_512690_RECONSTRUCTED,2025-04-17,512690,酒ETF,3,0.6650000000000001,NeoQuasar/Kronos-small,NeoQuasar/Kronos-Tokenizer-base,cuda:0,120,24,1,0.62,0.6238157749176025,0.582,0.0061544179916381,-0.0612903225806452,0.0674447405722834,0.0674447405722834,0.0045487930308626,UP,DOWN,False,0.582,0.614,0.0516129032258065,PASS,
2025-04-17_512800_RECONSTRUCTED,2025-04-17,512800,银行ETF,4,0.65,NeoQuasar/Kronos-small,NeoQuasar/Kronos-Tokenizer-base,cuda:0,120,24,1,0.767,0.7060381174087524,0.799,-0.0794809460639953,0.0417209908735332,-0.1212019369375285,0.1212019369375285,0.0146899095174086,DOWN,UP,False,0.76,0.813,0.0691003911342893,PASS,
2025-04-17_510050_RECONSTRUCTED,2025-04-17,510050,上证50ETF,5,0.6350000000000001,NeoQuasar/Kronos-small,NeoQuasar/Kronos-Tokenizer-base,cuda:0,120,24,1,2.638,2.6436240673065186,2.684,0.0021319389343261,0.017437452615618,-0.0153055136812918,0.0153055136812918,0.0002342587490482,UP,UP,True,2.613,2.737,0.0470053070507961,PASS,
2025-04-18_159937_RECONSTRUCTED,2025-04-18,159937,黄金ETF,1,0.7899999999999999,NeoQuasar/Kronos-small,NeoQuasar/Kronos-Tokenizer-base,cuda:0,120,24,1,7.573,6.279871463775635,7.35,-0.1707550883293151,-0.0294467186055725,-0.1413083697237426,0.1413083697237426,0.0199680553539819,DOWN,DOWN,True,7.057,7.967,0.1201637396012147,PASS,
2025-04-18_159928_RECONSTRUCTED,2025-04-18,159928,消费ETF,2,0.7100000000000001,NeoQuasar/Kronos-small,NeoQuasar/Kronos-Tokenizer-base,cuda:0,120,24,1,0.832,0.8050212860107422,0.816,-0.0324263572692871,-0.0192307692307692,-0.0131955880385178,0.0131955880385178,0.0001741235436822,DOWN,DOWN,True,0.815,0.833,0.0216346153846154,PASS,
2025-04-18_510050_RECONSTRUCTED,2025-04-18,510050,上证50ETF,3,0.67,NeoQuasar/Kronos-small,NeoQuasar/Kronos-Tokenizer-base,cuda:0,120,24,1,2.64,2.678239345550537,2.67,0.0144845247268676,0.0113636363636362,0.0031208883632314,0.0031208883632314,9.739944175753375e-06,UP,UP,True,2.613,2.737,0.046969696969697,PASS,
2025-04-18_512800_RECONSTRUCTED,2025-04-18,512800,银行ETF,4,0.65,NeoQuasar/Kronos-small,NeoQuasar/Kronos-Tokenizer-base,cuda:0,120,24,1,0.774,0.7389118671417236,0.804,-0.0453335046768188,0.0387596899224806,-0.0840931945992995,0.0840931945992995,0.0070716653779156,DOWN,UP,False,0.76,0.813,0.0684754521963823,PASS,
2025-04-18_512690_RECONSTRUCTED,2025-04-18,512690,酒ETF,5,0.6150000000000001,NeoQuasar/Kronos-small,NeoQuasar/Kronos-Tokenizer-base,cuda:0,120,24,1,0.614,0.642440676689148,0.584,0.0463203191757202,-0.0488599348534202,0.0951802540291404,0.0951802540291404,0.0090592807570517,UP,DOWN,False,0.582,0.613,0.0504885993485342,PASS,
2025-04-21_159937_RECONSTRUCTED,2025-04-21,159937,黄金ETF,1,0.7899999999999999,NeoQuasar/Kronos-small,NeoQuasar/Kronos-Tokenizer-base,cuda:0,120,24,1,7.715,6.177313804626465,7.362,-0.1993112564086914,-0.0457550226830848,-0.1535562337256065,0.1535562337256065,0.0235795169159931,DOWN,DOWN,True,7.057,7.967,0.1179520414776408,PASS,
2025-04-21_159928_RECONSTRUCTED,2025-04-21,159928,消费ETF,2,0.6649999999999999,NeoQuasar/Kronos-small,NeoQuasar/Kronos-Tokenizer-base,cuda:0,120,24,1,0.827,0.7746846079826355,0.82,-0.0632592439651489,-0.0084643288996372,-0.0547949150655117,0.0547949150655117,0.0030024827170366,DOWN,DOWN,True,0.815,0.833,0.0217654171704957,PASS,
2025-04-21_510050_RECONSTRUCTED,2025-04-21,510050,上证50ETF,3,0.6150000000000001,NeoQuasar/Kronos-small,NeoQuasar/Kronos-Tokenizer-base,cuda:0,120,24,1,2.631,2.7039883136749268,2.667,0.0277416706085205,0.0136830102622576,0.0140586603462629,0.0140586603462629,0.0001976459307315,UP,UP,True,2.613,2.737,0.0471303686811098,PASS,
2025-04-21_512480_RECONSTRUCTED,2025-04-21,512480,半导体ETF,4,0.6150000000000001,NeoQuasar/Kronos-small,NeoQuasar/Kronos-Tokenizer-base,cuda:0,120,24,1,1.055,1.0848805904388428,0.99,0.0283229351043701,-0.0616113744075829,0.089934309511953,0.089934309511953,0.0080881800273917,UP,DOWN,False,0.99,1.078,0.0834123222748816,PASS,
2025-04-21_159992_RECONSTRUCTED,2025-04-21,159992,创新药ETF,5,0.595,NeoQuasar/Kronos-small,NeoQuasar/Kronos-Tokenizer-base,cuda:0,120,24,1,0.719,0.6942098140716553,0.76,-0.0344786643981933,0.0570236439499305,-0.0915023083481239,0.0915023083481239,0.0083726724330351,DOWN,UP,False,0.72,0.766,0.0639777468706537,PASS,
2025-04-22_159937_RECONSTRUCTED,2025-04-22,159937,黄金ETF,1,0.7999999999999999,NeoQuasar/Kronos-small,NeoQuasar/Kronos-Tokenizer-base,cuda:0,120,24,1,7.967,6.120822906494141,7.286,-0.2317280173301696,-0.0854775950797037,-0.1462504222504659,0.1462504222504659,0.0213891860084395,DOWN,DOWN,True,7.057,7.657,0.0753106564578887,PASS,
2025-04-22_159928_RECONSTRUCTED,2025-04-22,159928,消费ETF,2,0.695,NeoQuasar/Kronos-small,NeoQuasar/Kronos-Tokenizer-base,cuda:0,120,24,1,0.829,0.7959192395210266,0.82,-0.0399044156074523,-0.0108564535585042,-0.0290479620489481,0.0290479620489481,0.0008437840991971,DOWN,DOWN,True,0.815,0.833,0.0217129071170084,PASS,
2025-04-22_510050_RECONSTRUCTED,2025-04-22,510050,上证50ETF,3,0.6200000000000001,NeoQuasar/Kronos-small,NeoQuasar/Kronos-Tokenizer-base,cuda:0,120,24,1,2.636,2.656463384628296,2.674,0.0077630281448364,0.0144157814871015,-0.0066527533422651,0.0066527533422651,4.425912703301968e-05,UP,UP,True,2.613,2.737,0.047040971168437,PASS,
2025-04-22_159992_RECONSTRUCTED,2025-04-22,159992,创新药ETF,4,0.6100000000000001,NeoQuasar/Kronos-small,NeoQuasar/Kronos-Tokenizer-base,cuda:0,120,24,1,0.729,0.7044042348861694,0.786,-0.0337390303611755,0.0781893004115226,-0.1119283307726981,0.1119283307726981,0.0125279512295625,DOWN,UP,False,0.72,0.786,0.0905349794238684,PASS,
2025-04-22_512800_RECONSTRUCTED,2025-04-22,512800,银行ETF,5,0.5850000000000001,NeoQuasar/Kronos-small,NeoQuasar/Kronos-Tokenizer-base,cuda:0,120,24,1,0.771,0.7001133561134338,0.802,-0.0919411778450012,0.0402075226977951,-0.1321487005427963,0.1321487005427963,0.0174632790551496,DOWN,UP,False,0.76,0.813,0.0687418936446173,PASS,
2025-04-23_159937_RECONSTRUCTED,2025-04-23,159937,黄金ETF,1,0.7949999999999999,NeoQuasar/Kronos-small,NeoQuasar/Kronos-Tokenizer-base,cuda:0,120,24,1,7.49,6.388492107391357,7.355,-0.1470637917518615,-0.0180240320427236,-0.1290397597091379,0.1290397597091379,0.016651259585792,DOWN,DOWN,True,7.057,7.657,0.0801068090787716,PASS,
2025-04-23_159928_RECONSTRUCTED,2025-04-23,159928,消费ETF,2,0.7,NeoQuasar/Kronos-small,NeoQuasar/Kronos-Tokenizer-base,cuda:0,120,24,1,0.823,0.7816240787506104,0.82,-0.0502745509147644,-0.0036452004860267,-0.0466293504287376,0.0466293504287376,0.002174296321406,DOWN,DOWN,True,0.815,0.833,0.0218712029161604,PASS,
2025-04-23_510050_RECONSTRUCTED,2025-04-23,510050,上证50ETF,3,0.615,NeoQuasar/Kronos-small,NeoQuasar/Kronos-Tokenizer-base,cuda:0,120,24,1,2.628,2.651309013366699,2.669,0.0088695287704467,0.015601217656012,-0.0067316888855653,0.0067316888855653,4.531563525204341e-05,UP,UP,True,2.613,2.737,0.0471841704718417,PASS,
2025-04-23_159992_RECONSTRUCTED,2025-04-23,159992,创新药ETF,4,0.6050000000000001,NeoQuasar/Kronos-small,NeoQuasar/Kronos-Tokenizer-base,cuda:0,120,24,1,0.722,0.7137432098388672,0.791,-0.0114359855651855,0.0955678670360111,-0.1070038526011967,0.1070038526011967,0.0114498244714986,DOWN,UP,False,0.72,0.791,0.0983379501385042,PASS,
2025-04-23_512480_RECONSTRUCTED,2025-04-23,512480,半导体ETF,5,0.6,NeoQuasar/Kronos-small,NeoQuasar/Kronos-Tokenizer-base,cuda:0,120,24,1,1.053,1.0545202493667605,0.996,0.0014437437057495,-0.0541310541310541,0.0555747978368036,0.0555747978368036,0.0030885581546015,UP,DOWN,False,0.99,1.078,0.0835707502374169,PASS,
2025-04-24_159937_RECONSTRUCTED,2025-04-24,159937,黄金ETF,1,0.7949999999999999,NeoQuasar/Kronos-small,NeoQuasar/Kronos-Tokenizer-base,cuda:0,120,24,1,7.565,6.452104091644287,7.465,-0.147111177444458,-0.0132187706543291,-0.1338924067901288,0.1338924067901288,0.0179271765960533,DOWN,DOWN,True,7.057,7.657,0.0793126239259748,PASS,
2025-04-24_510050_RECONSTRUCTED,2025-04-24,510050,上证50ETF,2,0.7000000000000001,NeoQuasar/Kronos-small,NeoQuasar/Kronos-Tokenizer-base,cuda:0,120,24,1,2.635,2.52884840965271,2.668,-0.0402852296829223,0.0125237191650855,-0.0528089488480079,0.0528089488480079,0.0027887850784315,DOWN,UP,False,2.613,2.737,0.0470588235294118,PASS,
2025-04-24_512800_RECONSTRUCTED,2025-04-24,512800,银行ETF,3,0.685,NeoQuasar/Kronos-small,NeoQuasar/Kronos-Tokenizer-base,cuda:0,120,24,1,0.775,0.7088990211486816,0.822,-0.085291564464569,0.0606451612903224,-0.1459367257548915,0.1459367257548915,0.0212975279240584,DOWN,UP,False,0.76,0.822,0.0799999999999999,PASS,
2025-04-24_159928_RECONSTRUCTED,2025-04-24,159928,消费ETF,4,0.645,NeoQuasar/Kronos-small,NeoQuasar/Kronos-Tokenizer-base,cuda:0,120,24,1,0.822,0.8186741471290588,0.823,-0.004046082496643,0.0012165450121655,-0.0052626275088085,0.0052626275088085,2.76952482964687e-05,DOWN,UP,False,0.815,0.833,0.0218978102189781,PASS,
2025-04-24_159992_RECONSTRUCTED,2025-04-24,159992,创新药ETF,5,0.6050000000000001,NeoQuasar/Kronos-small,NeoQuasar/Kronos-Tokenizer-base,cuda:0,120,24,1,0.728,0.7124192714691162,0.799,-0.0214020609855651,0.0975274725274726,-0.1189295335130378,0.1189295335130378,0.0141442339416287,DOWN,UP,False,0.72,0.799,0.1085164835164836,PASS,
2025-04-25_159937_RECONSTRUCTED,2025-04-25,159937,黄金ETF,1,0.7949999999999999,NeoQuasar/Kronos-small,NeoQuasar/Kronos-Tokenizer-base,cuda:0,120,24,1,7.519,6.119804859161377,7.461,-0.1860879063606262,-0.0077137917276233,-0.1783741146330029,0.1783741146330029,0.0318173247711076,DOWN,DOWN,True,7.057,7.657,0.0797978454581725,PASS,
2025-04-25_510050_RECONSTRUCTED,2025-04-25,510050,上证50ETF,2,0.72,NeoQuasar/Kronos-small,NeoQuasar/Kronos-Tokenizer-base,cuda:0,120,24,1,2.63,2.7126705646514893,2.675,0.0314335823059082,0.0171102661596957,0.0143233161462124,0.0143233161462124,0.0002051573854243,UP,UP,True,2.613,2.737,0.047148288973384,PASS,
2025-04-25_512800_RECONSTRUCTED,2025-04-25,512800,银行ETF,3,0.7000000000000001,NeoQuasar/Kronos-small,NeoQuasar/Kronos-Tokenizer-base,cuda:0,120,24,1,0.773,0.7220244407653809,0.823,-0.0659450888633728,0.0646830530401034,-0.1306281419034762,0.1306281419034762,0.0170637114571547,DOWN,UP,False,0.76,0.823,0.0815006468305303,PASS,
2025-04-25_159928_RECONSTRUCTED,2025-04-25,159928,消费ETF,4,0.6800000000000002,NeoQuasar/Kronos-small,NeoQuasar/Kronos-Tokenizer-base,cuda:0,120,24,1,0.82,0.8272674083709717,0.824,0.0088627338409423,0.0048780487804878,0.0039846850604545,0.0039846850604545,1.587771503100987e-05,UP,UP,True,0.815,0.833,0.0219512195121951,PASS,
2025-04-25_588000_RECONSTRUCTED,2025-04-25,588000,科创50ETF,5,0.5449999999999999,NeoQuasar/Kronos-small,NeoQuasar/Kronos-Tokenizer-base,cuda:0,120,24,1,1.054,1.107758402824402,1.04,0.0510041713714599,-0.0132827324478178,0.0642869038192778,0.0642869038192778,0.004132806002669,UP,DOWN,False,1.023,1.081,0.0550284629981025,PASS,
2025-04-28_159937_RECONSTRUCTED,2025-04-28,159937,黄金ETF,1,0.8049999999999999,NeoQuasar/Kronos-small,NeoQuasar/Kronos-Tokenizer-base,cuda:0,120,24,1,7.456,6.528575897216797,7.47,-0.1243862509727478,0.0018776824034334,-0.1262639333761812,0.1262639333761812,0.0159425808716247,DOWN,UP,False,7.057,7.657,0.0804721030042917,PASS,
2025-04-28_510050_RECONSTRUCTED,2025-04-28,510050,上证50ETF,2,0.7050000000000001,NeoQuasar/Kronos-small,NeoQuasar/Kronos-Tokenizer-base,cuda:0,120,24,1,2.631,2.656484603881836,2.674,0.0096862316131591,0.01634359559103,-0.0066573639778708,0.0066573639778708,4.4320495133852615e-05,UP,UP,True,2.613,2.737,0.0471303686811098,PASS,
2025-04-28_159928_RECONSTRUCTED,2025-04-28,159928,消费ETF,3,0.6800000000000002,NeoQuasar/Kronos-small,NeoQuasar/Kronos-Tokenizer-base,cuda:0,120,24,1,0.817,0.7780715227127075,0.82,-0.047648012638092,0.0036719706242349,-0.051319983262327,0.051319983262327,0.0026337406820455,DOWN,UP,False,0.815,0.833,0.02203182374541,PASS,
2025-04-28_512800_RECONSTRUCTED,2025-04-28,512800,银行ETF,4,0.67,NeoQuasar/Kronos-small,NeoQuasar/Kronos-Tokenizer-base,cuda:0,120,24,1,0.779,0.7311848402023315,0.817,-0.0613801479339599,0.0487804878048778,-0.1101606357388378,0.1101606357388378,0.0121353656663849,DOWN,UP,False,0.76,0.823,0.0808729139922977,PASS,
2025-04-28_588000_RECONSTRUCTED,2025-04-28,588000,科创50ETF,5,0.585,NeoQuasar/Kronos-small,NeoQuasar/Kronos-Tokenizer-base,cuda:0,120,24,1,1.051,1.0108200311660769,1.051,-0.0382302403450012,0.0,-0.0382302403450012,0.0382302403450012,0.0014615512768365,DOWN,FLAT,False,1.023,1.081,0.0551855375832541,PASS,
2025-04-29_159937_RECONSTRUCTED,2025-04-29,159937,黄金ETF,1,0.8049999999999999,NeoQuasar/Kronos-small,NeoQuasar/Kronos-Tokenizer-base,cuda:0,120,24,1,7.503,6.21974515914917,7.466,-0.1710321903228759,-0.0049313607890176,-0.1661008295338583,0.1661008295338583,0.0275894855718358,DOWN,DOWN,True,7.057,7.657,0.079968012794882,PASS,
2025-04-29_159928_RECONSTRUCTED,2025-04-29,159928,消费ETF,2,0.6800000000000002,NeoQuasar/Kronos-small,NeoQuasar/Kronos-Tokenizer-base,cuda:0,120,24,1,0.815,0.7939863801002502,0.819,-0.0257835984230041,0.0049079754601226,-0.0306915738831268,0.0306915738831268,0.0009419727074234,DOWN,UP,False,0.816,0.833,0.0208588957055214,PASS,
2025-04-29_512800_RECONSTRUCTED,2025-04-29,512800,银行ETF,3,0.67,NeoQuasar/Kronos-small,NeoQuasar/Kronos-Tokenizer-base,cuda:0,120,24,1,0.777,0.713639497756958,0.819,-0.0815450549125671,0.0540540540540539,-0.135599108966621,0.135599108966621,0.0183871183525415,DOWN,UP,False,0.76,0.823,0.081081081081081,PASS,
2025-04-29_510050_RECONSTRUCTED,2025-04-29,510050,上证50ETF,4,0.635,NeoQuasar/Kronos-small,NeoQuasar/Kronos-Tokenizer-base,cuda:0,120,24,1,2.626,2.568636894226074,2.676,-0.0218442678451538,0.019040365575019,-0.0408846334201729,0.0408846334201729,0.0016715532499019,DOWN,UP,False,2.613,2.737,0.0472201066260472,PASS,
2025-04-29_512480_RECONSTRUCTED,2025-04-29,512480,半导体ETF,5,0.56,NeoQuasar/Kronos-small,NeoQuasar/Kronos-Tokenizer-base,cuda:0,120,24,1,1.047,0.9807020425796508,1.027,-0.0633218884468078,-0.0191021967526265,-0.0442196916941812,0.0442196916941812,0.0019553811335284,DOWN,DOWN,True,0.99,1.078,0.0840496657115569,PASS,
2025-04-30_159937_RECONSTRUCTED,2025-04-30,159937,黄金ETF,1,0.8049999999999999,NeoQuasar/Kronos-small,NeoQuasar/Kronos-Tokenizer-base,cuda:0,120,24,1,7.457,6.449286460876465,7.386,-0.1351365447044372,-0.0095212551964596,-0.1256152895079776,0.1256152895079776,0.015779200958173,DOWN,DOWN,True,7.057,7.657,0.0804613115193777,PASS,
2025-04-30_512480_RECONSTRUCTED,2025-04-30,512480,半导体ETF,2,0.645,NeoQuasar/Kronos-small,NeoQuasar/Kronos-Tokenizer-base,cuda:0,120,24,1,1.06,1.0324701070785522,1.029,-0.0259715318679809,-0.029245283018868,0.0032737511508871,0.0032737511508871,1.0717446597934792e-05,DOWN,DOWN,True,0.99,1.078,0.0830188679245283,PASS,
2025-04-30_159928_RECONSTRUCTED,2025-04-30,159928,消费ETF,3,0.615,NeoQuasar/Kronos-small,NeoQuasar/Kronos-Tokenizer-base,cuda:0,120,24,1,0.817,0.8219552040100098,0.823,0.0060651302337646,0.0073439412484699,-0.0012788110147052,0.0012788110147052,1.6353576113315563e-06,UP,UP,True,0.816,0.833,0.0208078335373317,PASS,
2025-04-30_510050_RECONSTRUCTED,2025-04-30,510050,上证50ETF,4,0.6050000000000001,NeoQuasar/Kronos-small,NeoQuasar/Kronos-Tokenizer-base,cuda:0,120,24,1,2.613,2.5712199211120605,2.676,-0.0159893035888671,0.0241102181400689,-0.0400995217289361,0.0400995217289361,0.0016079716428894,DOWN,UP,False,2.627,2.737,0.0420972062763108,PASS,
2025-04-30_512760_RECONSTRUCTED,2025-04-30,512760,芯片ETF,5,0.5950000000000001,NeoQuasar/Kronos-small,NeoQuasar/Kronos-Tokenizer-base,cuda:0,120,24,1,0.588,0.5797877907752991,0.569,-0.0139663219451904,-0.032312925170068,0.0183466032248775,0.0183466032248775,0.000336597849891,DOWN,DOWN,True,0.55,0.596,0.0782312925170066,PASS,
2025-05-06_159937_RECONSTRUCTED,2025-05-06,159937,黄金ETF,1,0.8049999999999999,NeoQuasar/Kronos-small,NeoQuasar/Kronos-Tokenizer-base,cuda:0,120,24,1,7.597,6.070516109466553,7.397,-0.2009324431419372,-0.0263261813873897,-0.1746062617545475,0.1746062617545475,0.0304873466438975,DOWN,DOWN,True,7.057,7.657,0.0789785441621692,PASS,
2025-05-06_159928_RECONSTRUCTED,2025-05-06,159928,消费ETF,2,0.6800000000000002,NeoQuasar/Kronos-small,NeoQuasar/Kronos-Tokenizer-base,cuda:0,120,24,1,0.819,0.8276651501655579,0.816,0.0105801820755004,-0.0036630036630036,0.0142431857385041,0.0142431857385041,0.0002028683399815,UP,DOWN,False,0.816,0.833,0.0207570207570207,PASS,
2025-05-06_512480_RECONSTRUCTED,2025-05-06,512480,半导体ETF,3,0.635,NeoQuasar/Kronos-small,NeoQuasar/Kronos-Tokenizer-base,cuda:0,120,24,1,1.078,0.935029149055481,1.007,-0.1326259970664978,-0.0658627087198517,-0.066763288346646,0.066763288346646,0.0044573366708574,DOWN,DOWN,True,0.99,1.072,0.0760667903525047,PASS,
2025-05-06_588000_RECONSTRUCTED,2025-05-06,588000,科创50ETF,4,0.62,NeoQuasar/Kronos-small,NeoQuasar/Kronos-Tokenizer-base,cuda:0,120,24,1,1.078,1.0020012855529783,1.032,-0.0704997181892395,-0.0426716141001856,-0.0278281040890538,0.0278281040890538,0.0007744033771912,DOWN,DOWN,True,1.023,1.081,0.0538033395176252,PASS,
2025-05-06_510050_RECONSTRUCTED,2025-05-06,510050,上证50ETF,5,0.6,NeoQuasar/Kronos-small,NeoQuasar/Kronos-Tokenizer-base,cuda:0,120,24,1,2.627,2.6105451583862305,2.662,-0.006263792514801,0.0133231823372668,-0.0195869748520678,0.0195869748520678,0.0003836495838555,DOWN,UP,False,2.651,2.737,0.0327369623144272,PASS,
2025-05-07_159937_RECONSTRUCTED,2025-05-07,159937,黄金ETF,1,0.8049999999999999,NeoQuasar/Kronos-small,NeoQuasar/Kronos-Tokenizer-base,cuda:0,120,24,1,7.657,6.300272941589356,7.414,-0.1771878004074096,-0.0317356667101998,-0.1454521336972097,0.1454521336972097,0.0211563231970709,DOWN,DOWN,True,7.057,7.541,0.063210134517435,PASS,
2025-05-07_510050_RECONSTRUCTED,2025-05-07,510050,上证50ETF,2,0.64,NeoQuasar/Kronos-small,NeoQuasar/Kronos-Tokenizer-base,cuda:0,120,24,1,2.651,2.581611633300781,2.682,-0.0261744260787963,0.0116937004903809,-0.0378681265691773,0.0378681265691773,0.0014339950098592,DOWN,UP,False,2.662,2.737,0.028291210863825,PASS,
2025-05-07_512660_RECONSTRUCTED,2025-05-07,512660,军工ETF,3,0.595,NeoQuasar/Kronos-small,NeoQuasar/Kronos-Tokenizer-base,cuda:0,120,24,1,1.051,1.0886366367340088,1.049,0.0358103513717651,-0.0019029495718363,0.0377133009436014,0.0377133009436014,0.0014222930680626,UP,DOWN,False,1.026,1.096,0.0666032350142721,PASS,
2025-05-07_159928_RECONSTRUCTED,2025-05-07,159928,消费ETF,4,0.5849999999999999,NeoQuasar/Kronos-small,NeoQuasar/Kronos-Tokenizer-base,cuda:0,120,24,1,0.82,0.8298555016517639,0.823,0.0120189189910888,0.0036585365853658,0.008360382405723,0.008360382405723,6.989599396992287e-05,UP,UP,True,0.816,0.833,0.0207317073170731,PASS,
2025-05-07_588000_RECONSTRUCTED,2025-05-07,588000,科创50ETF,5,0.5750000000000001,NeoQuasar/Kronos-small,NeoQuasar/Kronos-Tokenizer-base,cuda:0,120,24,1,1.081,1.0770297050476074,1.031,-0.0036727786064147,-0.0462534690101757,0.042580690403761,0.042580690403761,0.0018131151952609,DOWN,DOWN,True,1.023,1.077,0.0499537465309898,PASS,
2025-05-08_512660_RECONSTRUCTED,2025-05-08,512660,军工ETF,1,0.62,NeoQuasar/Kronos-small,NeoQuasar/Kronos-Tokenizer-base,cuda:0,120,24,1,1.072,0.96772038936615,1.041,-0.0972757935523986,-0.0289179104477613,-0.0683578831046373,0.0683578831046373,0.0046728001825472,DOWN,DOWN,True,1.026,1.096,0.0652985074626866,PASS,
2025-05-08_159937_RECONSTRUCTED,2025-05-08,159937,黄金ETF,2,0.56,NeoQuasar/Kronos-small,NeoQuasar/Kronos-Tokenizer-base,cuda:0,120,24,1,7.541,6.514002799987793,7.486,-0.1361884474754333,-0.0072934624055165,-0.1288949850699168,0.1288949850699168,0.016613917176174,DOWN,DOWN,True,7.057,7.517,0.0609998673915926,PASS,
2025-05-08_512480_RECONSTRUCTED,2025-05-08,512480,半导体ETF,3,0.54,NeoQuasar/Kronos-small,NeoQuasar/Kronos-Tokenizer-base,cuda:0,120,24,1,1.068,0.9842012524604796,0.997,-0.0784631967544555,-0.0664794007490637,-0.0119837960053917,0.0119837960053917,0.0001436113666988,DOWN,DOWN,True,0.99,1.05,0.0561797752808989,PASS,
2025-05-08_588000_RECONSTRUCTED,2025-05-08,588000,科创50ETF,4,0.5250000000000001,NeoQuasar/Kronos-small,NeoQuasar/Kronos-Tokenizer-base,cuda:0,120,24,1,1.077,1.1079550981521606,1.027,0.0287419557571411,-0.0464252553389044,0.0751672110960455,0.0751672110960455,0.0056501096239574,UP,DOWN,False,1.023,1.065,0.0389972144846797,PASS,
2025-05-08_159915_RECONSTRUCTED,2025-05-08,159915,创业板ETF,5,0.515,NeoQuasar/Kronos-small,NeoQuasar/Kronos-Tokenizer-base,cuda:0,120,24,1,2.001,1.9104102849960327,2.04,-0.0452721714973449,0.0194902548725637,-0.0647624263699087,0.0647624263699087,0.0041941718693178,DOWN,UP,False,1.959,2.054,0.0474762618690653,PASS,
2025-05-09_159937_RECONSTRUCTED,2025-05-09,159937,黄金ETF,1,0.5800000000000001,NeoQuasar/Kronos-small,NeoQuasar/Kronos-Tokenizer-base,cuda:0,120,24,1,7.517,6.641315460205078,7.572,-0.1164938807487487,0.0073167487029399,-0.1238106294516887,0.1238106294516887,0.0153290719652233,DOWN,UP,False,7.057,7.572,0.0685113742184381,PASS,
2025-05-09_512660_RECONSTRUCTED,2025-05-09,512660,军工ETF,2,0.5800000000000001,NeoQuasar/Kronos-small,NeoQuasar/Kronos-Tokenizer-base,cuda:0,120,24,1,1.047,1.0820565223693848,1.056,0.0334827899932861,0.0085959885386821,0.0248868014546039,0.0248868014546039,0.0006193528866408,UP,UP,True,1.026,1.096,0.066857688634193,PASS,
2025-05-09_512100_RECONSTRUCTED,2025-05-09,512100,中证1000ETF,3,0.5550000000000002,NeoQuasar/Kronos-small,NeoQuasar/Kronos-Tokenizer-base,cuda:0,120,24,1,2.396,2.432948589324951,2.418,0.0154210329055786,0.0091819699499167,0.0062390629556619,0.0062390629556619,3.8925906564712606e-05,UP,UP,True,2.361,2.457,0.0400667779632719,PASS,
2025-05-09_510300_RECONSTRUCTED,2025-05-09,510300,沪深300ETF,4,0.51,NeoQuasar/Kronos-small,NeoQuasar/Kronos-Tokenizer-base,cuda:0,120,24,1,3.734,3.673210620880127,3.769,-0.0162799358367919,0.0093733261917514,-0.0256532620285434,0.0256532620285434,0.0006580898527051,DOWN,UP,False,3.731,3.834,0.0275843599357258,PASS,
2025-05-09_510500_RECONSTRUCTED,2025-05-09,510500,中证500ETF,5,0.4700000000000001,NeoQuasar/Kronos-small,NeoQuasar/Kronos-Tokenizer-base,cuda:0,120,24,1,5.658,5.500260353088379,5.714,-0.0278790593147277,0.0098974902792505,-0.0377765495939783,0.0377765495939783,0.0014270676992263,DOWN,UP,False,5.585,5.763,0.0314598798161894,PASS,
2025-05-12_510300_RECONSTRUCTED,2025-05-12,510300,沪深300ETF,1,0.605,NeoQuasar/Kronos-small,NeoQuasar/Kronos-Tokenizer-base,cuda:0,120,24,1,3.779,3.86916708946228,3.779,0.0238599777221679,0.0,0.0238599777221679,0.0238599777221679,0.0005692985369023,UP,FLAT,False,3.731,3.834,0.0272558878010056,PASS,
2025-05-12_512660_RECONSTRUCTED,2025-05-12,512660,军工ETF,2,0.5800000000000001,NeoQuasar/Kronos-small,NeoQuasar/Kronos-Tokenizer-base,cuda:0,120,24,1,1.096,1.0625098943710327,1.056,-0.0305566191673278,-0.0364963503649635,0.0059397311976356,0.0059397311976356,3.52804067001667e-05,DOWN,DOWN,True,1.026,1.063,0.0337591240875911,PASS,
2025-05-12_512100_RECONSTRUCTED,2025-05-12,512100,中证1000ETF,3,0.5400000000000001,NeoQuasar/Kronos-small,NeoQuasar/Kronos-Tokenizer-base,cuda:0,120,24,1,2.43,2.462955474853516,2.432,0.0135618448257446,0.0008230452674895,0.012738799558255,0.012738799558255,0.0001622770141853,UP,UP,True,2.361,2.457,0.039506172839506,PASS,
2025-05-12_159937_RECONSTRUCTED,2025-05-12,159937,黄金ETF,4,0.53,NeoQuasar/Kronos-small,NeoQuasar/Kronos-Tokenizer-base,cuda:0,120,24,1,7.362,6.8914570808410645,7.548,-0.0639150738716125,0.0252648736756315,-0.0891799475472441,0.0891799475472441,0.0079530630445292,DOWN,UP,False,7.057,7.572,0.0699538168975821,PASS,
2025-05-12_512800_RECONSTRUCTED,2025-05-12,512800,银行ETF,5,0.53,NeoQuasar/Kronos-small,NeoQuasar/Kronos-Tokenizer-base,cuda:0,120,24,1,0.791,0.7302021384239197,0.835,-0.0768620371818542,0.0556257901390644,-0.1324878273209186,0.1324878273209186,0.0175530243882175,DOWN,UP,False,0.798,0.835,0.0467762326169404,PASS,
2025-05-13_510300_RECONSTRUCTED,2025-05-13,510300,沪深300ETF,1,0.635,NeoQuasar/Kronos-small,NeoQuasar/Kronos-Tokenizer-base,cuda:0,120,24,1,3.783,3.778507709503174,3.778,-0.0011875033378601,-0.0013217023526301,0.00013419901477,0.00013419901477,1.800937556525896e-08,DOWN,DOWN,True,3.731,3.834,0.0272270684641819,PASS,
2025-05-13_512800_RECONSTRUCTED,2025-05-13,512800,银行ETF,2,0.615,NeoQuasar/Kronos-small,NeoQuasar/Kronos-Tokenizer-base,cuda:0,120,24,1,0.803,0.7277495265007019,0.833,-0.0937116146087646,0.0373599003735989,-0.1310715149823635,0.1310715149823635,0.0171797420397719,DOWN,UP,False,0.798,0.835,0.046077210460772,PASS,
2025-05-13_510050_RECONSTRUCTED,2025-05-13,510050,上证50ETF,3,0.585,NeoQuasar/Kronos-small,NeoQuasar/Kronos-Tokenizer-base,cuda:0,120,24,1,2.689,2.60321044921875,2.673,-0.031903862953186,-0.0059501673484566,-0.0259536956047293,0.0259536956047293,0.0006735943155429,DOWN,DOWN,True,2.662,2.737,0.0278914094458907,PASS,
2025-05-13_512100_RECONSTRUCTED,2025-05-13,512100,中证1000ETF,4,0.5400000000000001,NeoQuasar/Kronos-small,NeoQuasar/Kronos-Tokenizer-base,cuda:0,120,24,1,2.421,2.4621477127075195,2.429,0.016996145248413,0.003304419661297,0.013691725587116,0.013691725587116,0.0001874633495528,UP,UP,True,2.361,2.457,0.0396530359355636,PASS,
2025-05-13_159915_RECONSTRUCTED,2025-05-13,159915,创业板ETF,5,0.52,NeoQuasar/Kronos-small,NeoQuasar/Kronos-Tokenizer-base,cuda:0,120,24,1,2.03,1.9636509418487549,2.028,-0.0326842665672302,-0.0009852216748766,-0.0316990448923535,0.0316990448923535,0.0010048294470874,DOWN,DOWN,True,1.959,2.054,0.0467980295566501,PASS,
2025-05-14_512800_RECONSTRUCTED,2025-05-14,512800,银行ETF,1,0.665,NeoQuasar/Kronos-small,NeoQuasar/Kronos-Tokenizer-base,cuda:0,120,24,1,0.81,0.7318850159645081,0.842,-0.0964382290840148,0.039506172839506,-0.1359444019235209,0.1359444019235209,0.0184808804143438,DOWN,UP,False,0.798,0.842,0.0543209876543209,PASS,
2025-05-14_510300_RECONSTRUCTED,2025-05-14,510300,沪深300ETF,2,0.6549999999999999,NeoQuasar/Kronos-small,NeoQuasar/Kronos-Tokenizer-base,cuda:0,120,24,1,3.834,3.834022283554077,3.781,5.841255187988281e-06,-0.0138236828377673,0.0138295240929553,0.0138295240929553,0.0001912557366376,UP,DOWN,False,3.731,3.808,0.0200834637454355,PASS,
2025-05-14_510050_RECONSTRUCTED,2025-05-14,510050,上证50ETF,3,0.635,NeoQuasar/Kronos-small,NeoQuasar/Kronos-Tokenizer-base,cuda:0,120,24,1,2.737,2.6542201042175293,2.67,-0.030244767665863,-0.0244793569601754,-0.0057654107056875,0.0057654107056875,3.323996060525708e-05,DOWN,DOWN,True,2.662,2.723,0.0222871757398611,PASS,
2025-05-14_159915_RECONSTRUCTED,2025-05-14,159915,创业板ETF,4,0.5000000000000001,NeoQuasar/Kronos-small,NeoQuasar/Kronos-Tokenizer-base,cuda:0,120,24,1,2.054,1.9779542684555047,2.034,-0.0370231866836547,-0.0097370983446932,-0.0272860883389615,0.0272860883389615,0.0007445306168416,DOWN,DOWN,True,1.959,2.04,0.0394352482960077,PASS,
2025-05-14_512100_RECONSTRUCTED,2025-05-14,512100,中证1000ETF,5,0.465,NeoQuasar/Kronos-small,NeoQuasar/Kronos-Tokenizer-base,cuda:0,120,24,1,2.427,2.305349111557007,2.426,-0.0501239895820617,-0.0004120313143798,-0.0497119582676819,0.0497119582676819,0.0024712787948077,DOWN,DOWN,True,2.361,2.457,0.0395550061804695,PASS,
2025-05-15_510050_RECONSTRUCTED,2025-05-15,510050,上证50ETF,1,0.69,NeoQuasar/Kronos-small,NeoQuasar/Kronos-Tokenizer-base,cuda:0,120,24,1,2.723,2.601951360702514,2.653,-0.0444541573524475,-0.0257069408740359,-0.0187472164784116,0.0187472164784116,0.0003514581256884,DOWN,DOWN,True,2.653,2.716,0.0231362467866324,PASS,
2025-05-15_512800_RECONSTRUCTED,2025-05-15,512800,银行ETF,2,0.67,NeoQuasar/Kronos-small,NeoQuasar/Kronos-Tokenizer-base,cuda:0,120,24,1,0.808,0.7405956387519836,0.841,-0.0834212899208068,0.0408415841584157,-0.1242628740792226,0.1242628740792226,0.0154412618744287,DOWN,UP,False,0.798,0.842,0.0544554455445543,PASS,
2025-05-15_510300_RECONSTRUCTED,2025-05-15,510300,沪深300ETF,3,0.63,NeoQuasar/Kronos-small,NeoQuasar/Kronos-Tokenizer-base,cuda:0,120,24,1,3.8,3.7378101348876953,3.75,-0.0163657665252685,-0.013157894736842,-0.0032078717884265,0.0032078717884265,1.0290441410982755e-05,DOWN,DOWN,True,3.731,3.808,0.0202631578947368,PASS,
2025-05-15_512010_RECONSTRUCTED,2025-05-15,512010,医药ETF,4,0.49,NeoQuasar/Kronos-small,NeoQuasar/Kronos-Tokenizer-base,cuda:0,120,24,1,0.363,0.3756641447544098,0.361,0.0348874330520629,-0.0055096418732782,0.0403970749253412,0.0403970749253412,0.0016319236625236,UP,DOWN,False,0.361,0.383,0.0606060606060606,PASS,
2025-05-15_159996_RECONSTRUCTED,2025-05-15,159996,家电ETF,5,0.4649999999999999,NeoQuasar/Kronos-small,NeoQuasar/Kronos-Tokenizer-base,cuda:0,120,24,1,1.351,1.3027223348617554,1.3,-0.0357347130775451,-0.0377498149518874,0.0020151018743422,0.0020151018743422,4.060635563977788e-06,DOWN,DOWN,True,1.3,1.379,0.0584752035529237,PASS,
2025-05-16_510050_RECONSTRUCTED,2025-05-16,510050,上证50ETF,1,0.6499999999999999,NeoQuasar/Kronos-small,NeoQuasar/Kronos-Tokenizer-base,cuda:0,120,24,1,2.698,2.6197962760925293,2.669,-0.0289857983589172,-0.0107487027427723,-0.0182370956161448,0.0182370956161448,0.0003325916565124,DOWN,DOWN,True,2.653,2.716,0.0233506300963677,PASS,
2025-05-16_510300_RECONSTRUCTED,2025-05-16,510300,沪深300ETF,2,0.625,NeoQuasar/Kronos-small,NeoQuasar/Kronos-Tokenizer-base,cuda:0,120,24,1,3.778,3.8431341648101807,3.755,0.0172404050827026,-0.006087877183695,0.0233282822663977,0.0233282822663977,0.0005442087535007,UP,DOWN,False,3.731,3.808,0.0203811540497617,PASS,
2025-05-16_512800_RECONSTRUCTED,2025-05-16,512800,银行ETF,3,0.6199999999999999,NeoQuasar/Kronos-small,NeoQuasar/Kronos-Tokenizer-base,cuda:0,120,24,1,0.801,0.7239668965339661,0.85,-0.0961711406707763,0.0611735330836453,-0.1573446737544217,0.1573446737544217,0.0247573463588854,DOWN,UP,False,0.798,0.85,0.0649188514357052,PASS,
2025-05-16_512010_RECONSTRUCTED,2025-05-16,512010,医药ETF,4,0.545,NeoQuasar/Kronos-small,NeoQuasar/Kronos-Tokenizer-base,cuda:0,120,24,1,0.363,0.3643216490745544,0.363,0.0036408901214599,0.0,0.0036408901214599,0.0036408901214599,1.3256080876544727e-05,UP,FLAT,False,0.361,0.383,0.0606060606060606,PASS,
2025-05-16_159915_RECONSTRUCTED,2025-05-16,159915,创业板ETF,5,0.485,NeoQuasar/Kronos-small,NeoQuasar/Kronos-Tokenizer-base,cuda:0,120,24,1,2.008,1.9295692443847656,1.988,-0.0390591025352478,-0.0099601593625497,-0.029098943172698,0.029098943172698,0.0008467484937679,DOWN,DOWN,True,1.959,2.04,0.0403386454183266,PASS,
2025-05-19_512100_RECONSTRUCTED,2025-05-19,512100,中证1000ETF,1,0.595,NeoQuasar/Kronos-small,NeoQuasar/Kronos-Tokenizer-base,cuda:0,120,24,1,2.402,2.416912794113159,2.407,0.0062085390090942,0.0020815986677769,0.0041269403413173,0.0041269403413173,1.703163658079241e-05,UP,UP,True,2.361,2.457,0.0399666944213154,PASS,
2025-05-19_510300_RECONSTRUCTED,2025-05-19,510300,沪深300ETF,2,0.5499999999999999,NeoQuasar/Kronos-small,NeoQuasar/Kronos-Tokenizer-base,cuda:0,120,24,1,3.772,3.78195858001709,3.768,0.0026401281356811,-0.0010604453870625,0.0037005735227436,0.0037005735227436,1.369424439723147e-05,UP,DOWN,False,3.731,3.808,0.0204135737009543,PASS,
2025-05-19_512660_RECONSTRUCTED,2025-05-19,512660,军工ETF,3,0.545,NeoQuasar/Kronos-small,NeoQuasar/Kronos-Tokenizer-base,cuda:0,120,24,1,1.047,0.963694393634796,1.051,-0.0795660614967346,0.0038204393505252,-0.0833865008472598,0.0833865008472598,0.00695330852355,DOWN,UP,False,1.026,1.062,0.0343839541547278,PASS,
2025-05-19_512010_RECONSTRUCTED,2025-05-19,512010,医药ETF,4,0.54,NeoQuasar/Kronos-small,NeoQuasar/Kronos-Tokenizer-base,cuda:0,120,24,1,0.363,0.3540332615375519,0.363,-0.0247017741203308,0.0,-0.0247017741203308,0.0247017741203308,0.0006101776446918,DOWN,FLAT,False,0.361,0.383,0.0606060606060606,PASS,
2025-05-19_510050_RECONSTRUCTED,2025-05-19,510050,上证50ETF,5,0.535,NeoQuasar/Kronos-small,NeoQuasar/Kronos-Tokenizer-base,cuda:0,120,24,1,2.689,2.637392282485962,2.682,-0.019192099571228,-0.0026031982149498,-0.0165889013562782,0.0165889013562782,0.0002751916482083,DOWN,DOWN,True,2.653,2.716,0.0234287839345482,PASS,
2025-05-20_159992_RECONSTRUCTED,2025-05-20,159992,创新药ETF,1,0.605,NeoQuasar/Kronos-small,NeoQuasar/Kronos-Tokenizer-base,cuda:0,120,24,1,0.756,0.7280080914497375,0.791,-0.0370262861251831,0.0462962962962962,-0.0833225824214793,0.0833225824214793,0.0069426527413842,DOWN,UP,False,0.754,0.837,0.1097883597883597,PASS,
2025-05-20_512010_RECONSTRUCTED,2025-05-20,512010,医药ETF,2,0.57,NeoQuasar/Kronos-small,NeoQuasar/Kronos-Tokenizer-base,cuda:0,120,24,1,0.368,0.3481442630290985,0.365,-0.0539557933807373,-0.0081521739130434,-0.0458036194676938,0.0458036194676938,0.0020979715563413,DOWN,DOWN,True,0.361,0.383,0.0597826086956522,PASS,
2025-05-20_510300_RECONSTRUCTED,2025-05-20,510300,沪深300ETF,3,0.5549999999999999,NeoQuasar/Kronos-small,NeoQuasar/Kronos-Tokenizer-base,cuda:0,120,24,1,3.792,3.648153305053711,3.813,-0.0379342436790466,0.0055379746835444,-0.043472218362591,0.043472218362591,0.0018898337693648,DOWN,UP,False,3.731,3.813,0.0216244725738397,PASS,
2025-05-20_512800_RECONSTRUCTED,2025-05-20,512800,银行ETF,4,0.5449999999999999,NeoQuasar/Kronos-small,NeoQuasar/Kronos-Tokenizer-base,cuda:0,120,24,1,0.801,0.7245781421661377,0.863,-0.0954080820083618,0.0774032459425717,-0.1728113279509335,0.1728113279509335,0.0298637550681651,DOWN,UP,False,0.799,0.863,0.079900124843945,PASS,
2025-05-20_159996_RECONSTRUCTED,2025-05-20,159996,家电ETF,5,0.53,NeoQuasar/Kronos-small,NeoQuasar/Kronos-Tokenizer-base,cuda:0,120,24,1,1.379,1.3547749519348145,1.315,-0.0175670981407165,-0.0464104423495287,0.0288433442088121,0.0288433442088121,0.000831938505148,DOWN,DOWN,True,1.289,1.373,0.0609137055837563,PASS,
2025-05-21_159992_RECONSTRUCTED,2025-05-21,159992,创新药ETF,1,0.6,NeoQuasar/Kronos-small,NeoQuasar/Kronos-Tokenizer-base,cuda:0,120,24,1,0.766,0.7309452891349792,0.794,-0.0457633137702941,0.0365535248041775,-0.0823168385744717,0.0823168385744717,0.0067760619128956,DOWN,UP,False,0.754,0.837,0.1083550913838119,PASS,
2025-05-21_510300_RECONSTRUCTED,2025-05-21,510300,沪深300ETF,2,0.5850000000000001,NeoQuasar/Kronos-small,NeoQuasar/Kronos-Tokenizer-base,cuda:0,120,24,1,3.808,3.80776309967041,3.878,-6.222724914550781e-05,0.0183823529411766,-0.0184445801903221,0.0184445801903221,0.0003402025383972,DOWN,UP,False,3.731,3.878,0.0386029411764706,PASS,
2025-05-21_512010_RECONSTRUCTED,2025-05-21,512010,医药ETF,3,0.575,NeoQuasar/Kronos-small,NeoQuasar/Kronos-Tokenizer-base,cuda:0,120,24,1,0.371,0.3627271354198456,0.369,-0.0222988128662109,-0.0053908355795148,-0.0169079772866961,0.0169079772866961,0.0002858796959274,DOWN,DOWN,True,0.361,0.383,0.0592991913746631,PASS,
2025-05-21_510050_RECONSTRUCTED,2025-05-21,510050,上证50ETF,4,0.55,NeoQuasar/Kronos-small,NeoQuasar/Kronos-Tokenizer-base,cuda:0,120,24,1,2.713,2.580615758895874,2.752,-0.0487962961196899,0.0143752303722815,-0.0631715264919714,0.0631715264919714,0.0039906417593258,DOWN,UP,False,2.653,2.752,0.0364909694065609,PASS,
2025-05-21_512800_RECONSTRUCTED,2025-05-21,512800,银行ETF,5,0.5299999999999999,NeoQuasar/Kronos-small,NeoQuasar/Kronos-Tokenizer-base,cuda:0,120,24,1,0.806,0.7312394380569458,0.872,-0.0927550196647644,0.0818858560794044,-0.1746408757441688,0.1746408757441688,0.0304994354806902,DOWN,UP,False,0.799,0.872,0.0905707196029776,PASS,
2025-05-22_512800_RECONSTRUCTED,2025-05-22,512800,银行ETF,1,0.6449999999999999,NeoQuasar/Kronos-small,NeoQuasar/Kronos-Tokenizer-base,cuda:0,120,24,1,0.813,0.7228116989135742,0.881,-0.1109327673912048,0.083640836408364,-0.1945736037995689,0.1945736037995689,0.0378588872955516,DOWN,UP,False,0.799,0.881,0.100861008610086,PASS,
2025-05-22_510050_RECONSTRUCTED,2025-05-22,510050,上证50ETF,2,0.63,NeoQuasar/Kronos-small,NeoQuasar/Kronos-Tokenizer-base,cuda:0,120,24,1,2.716,2.6247854232788086,2.746,-0.033584177494049,0.0110456553755522,-0.0446298328696013,0.0446298328696013,0.0019918219819685,DOWN,UP,False,2.653,2.752,0.0364506627393224,PASS,
2025-05-22_510300_RECONSTRUCTED,2025-05-22,510300,沪深300ETF,3,0.63,NeoQuasar/Kronos-small,NeoQuasar/Kronos-Tokenizer-base,cuda:0,120,24,1,3.806,3.65273666381836,3.863,-0.0402688980102539,0.014976353126642,-0.0552452511368959,0.0552452511368959,0.0030520377731787,DOWN,UP,False,3.731,3.878,0.0386232264844982,PASS,
2025-05-22_159992_RECONSTRUCTED,2025-05-22,159992,创新药ETF,4,0.5650000000000002,NeoQuasar/Kronos-small,NeoQuasar/Kronos-Tokenizer-base,cuda:0,120,24,1,0.765,0.7001760601997375,0.781,-0.0847371816635131,0.0209150326797384,-0.1056522143432516,0.1056522143432516,0.0111623903956323,DOWN,UP,False,0.754,0.837,0.1084967320261437,PASS,
2025-05-22_512010_RECONSTRUCTED,2025-05-22,512010,医药ETF,5,0.54,NeoQuasar/Kronos-small,NeoQuasar/Kronos-Tokenizer-base,cuda:0,120,24,1,0.369,0.3673382699489593,0.366,-0.004503309726715,-0.008130081300813,0.0036267715740979,0.0036267715740979,1.3153472050685027e-05,DOWN,DOWN,True,0.361,0.383,0.0596205962059621,PASS,
2025-05-23_510300_RECONSTRUCTED,2025-05-23,510300,沪深300ETF,1,0.625,NeoQuasar/Kronos-small,NeoQuasar/Kronos-Tokenizer-base,cuda:0,120,24,1,3.777,3.62320327758789,3.84,-0.0407192707061767,0.0166799046862589,-0.0573991753924356,0.0573991753924356,0.0032946653357315,DOWN,UP,False,3.731,3.878,0.0389197776012709,PASS,
2025-05-23_512010_RECONSTRUCTED,2025-05-23,512010,医药ETF,2,0.615,NeoQuasar/Kronos-small,NeoQuasar/Kronos-Tokenizer-base,cuda:0,120,24,1,0.37,0.3536012470722198,0.365,-0.0443209409713745,-0.0135135135135134,-0.030807427457861,0.030807427457861,0.0009490975865713,DOWN,DOWN,True,0.361,0.383,0.0594594594594595,PASS,
2025-05-23_510050_RECONSTRUCTED,2025-05-23,510050,上证50ETF,3,0.61,NeoQuasar/Kronos-small,NeoQuasar/Kronos-Tokenizer-base,cuda:0,120,24,1,2.695,2.661534786224365,2.715,-0.0124174952507019,0.007421150278293,-0.0198386455289949,0.0198386455289949,0.0003935718564251,DOWN,UP,False,2.653,2.752,0.0367346938775509,PASS,
2025-05-23_159992_RECONSTRUCTED,2025-05-23,159992,创新药ETF,4,0.5900000000000001,NeoQuasar/Kronos-small,NeoQuasar/Kronos-Tokenizer-base,cuda:0,120,24,1,0.766,0.7308224439620972,0.782,-0.0459236502647399,0.0208877284595301,-0.0668113787242701,0.0668113787242701,0.0044637603270378,DOWN,UP,False,0.754,0.837,0.1083550913838119,PASS,
2025-05-23_512800_RECONSTRUCTED,2025-05-23,512800,银行ETF,5,0.5799999999999998,NeoQuasar/Kronos-small,NeoQuasar/Kronos-Tokenizer-base,cuda:0,120,24,1,0.805,0.730096161365509,0.857,-0.0930482745170593,0.0645962732919254,-0.1576445478089847,0.1576445478089847,0.0248518034538992,DOWN,UP,False,0.799,0.881,0.101863354037267,PASS,
2025-05-26_159992_RECONSTRUCTED,2025-05-26,159992,创新药ETF,1,0.665,NeoQuasar/Kronos-small,NeoQuasar/Kronos-Tokenizer-base,cuda:0,120,24,1,0.754,0.7216646075248718,0.792,-0.0428851246833801,0.050397877984085,-0.0932830026674651,0.0932830026674651,0.0087017185866583,DOWN,UP,False,0.76,0.837,0.1021220159151193,PASS,
2025-05-26_512800_RECONSTRUCTED,2025-05-26,512800,银行ETF,2,0.6649999999999999,NeoQuasar/Kronos-small,NeoQuasar/Kronos-Tokenizer-base,cuda:0,120,24,1,0.799,0.7348984479904175,0.856,-0.080227255821228,0.0713391739674591,-0.1515664297886871,0.1515664297886871,0.022972382638889,DOWN,UP,False,0.802,0.881,0.0988735919899874,PASS,
2025-05-26_510050_RECONSTRUCTED,2025-05-26,510050,上证50ETF,3,0.615,NeoQuasar/Kronos-small,NeoQuasar/Kronos-Tokenizer-base,cuda:0,120,24,1,2.684,2.6629559993743896,2.727,-0.0078405141830444,0.01602086438152,-0.0238613785645644,0.0238613785645644,0.0005693653870014,DOWN,UP,False,2.653,2.752,0.0368852459016392,PASS,
2025-05-26_510300_RECONSTRUCTED,2025-05-26,510300,沪深300ETF,4,0.61,NeoQuasar/Kronos-small,NeoQuasar/Kronos-Tokenizer-base,cuda:0,120,24,1,3.756,3.666865348815918,3.859,-0.0237312912940979,0.0274227902023429,-0.0511540814964408,0.0511540814964408,0.0026167400537445,DOWN,UP,False,3.731,3.878,0.0391373801916933,PASS,
2025-05-26_512010_RECONSTRUCTED,2025-05-26,512010,医药ETF,5,0.585,NeoQuasar/Kronos-small,NeoQuasar/Kronos-Tokenizer-base,cuda:0,120,24,1,0.365,0.3443059623241424,0.368,-0.0566959977149963,0.0082191780821918,-0.0649151757971882,0.0649151757971882,0.0042139800487798,DOWN,UP,False,0.361,0.383,0.0602739726027397,PASS,
2025-05-27_159992_RECONSTRUCTED,2025-05-27,159992,创新药ETF,1,0.665,NeoQuasar/Kronos-small,NeoQuasar/Kronos-Tokenizer-base,cuda:0,120,24,1,0.765,0.7304283380508423,0.809,-0.0451917052268981,0.057516339869281,-0.1027080450961792,0.1027080450961792,0.0105489425274787,DOWN,UP,False,0.76,0.837,0.1006535947712417,PASS,
2025-05-27_512010_RECONSTRUCTED,2025-05-27,512010,医药ETF,2,0.625,NeoQuasar/Kronos-small,NeoQuasar/Kronos-Tokenizer-base,cuda:0,120,24,1,0.367,0.3634287714958191,0.37,-0.0097308754920959,0.0081743869209809,-0.0179052624130768,0.0179052624130768,0.0003205984220811,DOWN,UP,False,0.361,0.383,0.0599455040871935,PASS,
2025-05-27_510300_RECONSTRUCTED,2025-05-27,510300,沪深300ETF,3,0.61,NeoQuasar/Kronos-small,NeoQuasar/Kronos-Tokenizer-base,cuda:0,120,24,1,3.735,3.857830047607422,3.865,0.032886266708374,0.0348058902275769,-0.0019196235192029,0.0019196235192029,3.68495445547708e-06,UP,UP,True,3.731,3.878,0.0393574297188755,PASS,
2025-05-27_512800_RECONSTRUCTED,2025-05-27,512800,银行ETF,4,0.6049999999999999,NeoQuasar/Kronos-small,NeoQuasar/Kronos-Tokenizer-base,cuda:0,120,24,1,0.804,0.7346897125244141,0.869,-0.0862068533897399,0.0808457711442784,-0.1670526245340184,0.1670526245340184,0.0279065793637037,DOWN,UP,False,0.802,0.881,0.0982587064676616,PASS,
2025-05-27_510050_RECONSTRUCTED,2025-05-27,510050,上证50ETF,5,0.595,NeoQuasar/Kronos-small,NeoQuasar/Kronos-Tokenizer-base,cuda:0,120,24,1,2.67,2.6953186988830566,2.73,0.0094826221466064,0.0224719101123596,-0.0129892879657531,0.0129892879657531,0.0001687216018572,UP,UP,True,2.653,2.752,0.0370786516853931,PASS,
2025-05-28_159992_RECONSTRUCTED,2025-05-28,159992,创新药ETF,1,0.665,NeoQuasar/Kronos-small,NeoQuasar/Kronos-Tokenizer-base,cuda:0,120,24,1,0.76,0.7149579524993896,0.796,-0.0592658519744873,0.0473684210526317,-0.106634273027119,0.106634273027119,0.0113708681840221,DOWN,UP,False,0.775,0.837,0.0815789473684209,PASS,
2025-05-28_512800_RECONSTRUCTED,2025-05-28,512800,银行ETF,2,0.6649999999999999,NeoQuasar/Kronos-small,NeoQuasar/Kronos-Tokenizer-base,cuda:0,120,24,1,0.803,0.721632182598114,0.873,-0.1013297438621521,0.0871731008717309,-0.188502844733883,0.188502844733883,0.0355333224727664,DOWN,UP,False,0.802,0.881,0.0983810709838106,PASS,
2025-05-28_512010_RECONSTRUCTED,2025-05-28,512010,医药ETF,3,0.645,NeoQuasar/Kronos-small,NeoQuasar/Kronos-Tokenizer-base,cuda:0,120,24,1,0.367,0.3411598801612854,0.368,-0.0704090595245361,0.0027247956403269,-0.073133855164863,0.073133855164863,0.0053485607712751,DOWN,UP,False,0.361,0.383,0.0599455040871935,PASS,
2025-05-28_510050_RECONSTRUCTED,2025-05-28,510050,上证50ETF,4,0.635,NeoQuasar/Kronos-small,NeoQuasar/Kronos-Tokenizer-base,cuda:0,120,24,1,2.667,2.698822259902954,2.736,0.0119317770004272,0.0258717660292464,-0.0139399890288192,0.0139399890288192,0.0001943232941235,UP,UP,True,2.653,2.752,0.0371203599550055,PASS,
2025-05-28_510300_RECONSTRUCTED,2025-05-28,510300,沪深300ETF,5,0.63,NeoQuasar/Kronos-small,NeoQuasar/Kronos-Tokenizer-base,cuda:0,120,24,1,3.731,3.869897603988648,3.869,0.037227988243103,0.0369874028410615,0.0002405854020415,0.0002405854020415,5.788133567548297e-08,UP,UP,True,3.746,3.878,0.03537925489145,PASS,
2025-05-29_512010_RECONSTRUCTED,2025-05-29,512010,医药ETF,1,0.675,NeoQuasar/Kronos-small,NeoQuasar/Kronos-Tokenizer-base,cuda:0,120,24,1,0.372,0.3463463187217712,0.37,-0.068961501121521,-0.0053763440860215,-0.0635851570354995,0.0635851570354995,0.0040430721952291,DOWN,DOWN,True,0.361,0.383,0.0591397849462366,PASS,
2025-05-29_159992_RECONSTRUCTED,2025-05-29,159992,创新药ETF,2,0.6600000000000001,NeoQuasar/Kronos-small,NeoQuasar/Kronos-Tokenizer-base,cuda:0,120,24,1,0.786,0.7025914192199707,0.813,-0.1061177849769592,0.0343511450381677,-0.1404689300151269,0.1404689300151269,0.0197315202995946,DOWN,UP,False,0.775,0.837,0.0788804071246818,PASS,
2025-05-29_512660_RECONSTRUCTED,2025-05-29,512660,军工ETF,3,0.6100000000000001,NeoQuasar/Kronos-small,NeoQuasar/Kronos-Tokenizer-base,cuda:0,120,24,1,1.047,1.0591886043548584,1.124,0.0116413831710815,0.0735434574976123,-0.0619020743265308,0.0619020743265308,0.0038318668059273,UP,UP,True,1.034,1.147,0.10792741165234,PASS,
2025-05-29_510300_RECONSTRUCTED,2025-05-29,510300,沪深300ETF,4,0.6,NeoQuasar/Kronos-small,NeoQuasar/Kronos-Tokenizer-base,cuda:0,120,24,1,3.755,3.7603373527526855,3.892,0.0014213323593139,0.0364846870838881,-0.0350633547245742,0.0350633547245742,0.0012294388445413,UP,UP,True,3.746,3.892,0.0388814913448734,PASS,
2025-05-29_510050_RECONSTRUCTED,2025-05-29,510050,上证50ETF,5,0.55,NeoQuasar/Kronos-small,NeoQuasar/Kronos-Tokenizer-base,cuda:0,120,24,1,2.674,2.660528421401977,2.74,-0.0050380229949951,0.0246821241585639,-0.029720147153559,0.029720147153559,0.0008832871468292,DOWN,UP,False,2.653,2.752,0.0370231862378458,PASS,
2025-05-30_512010_RECONSTRUCTED,2025-05-30,512010,医药ETF,1,0.675,NeoQuasar/Kronos-small,NeoQuasar/Kronos-Tokenizer-base,cuda:0,120,24,1,0.373,0.3682869374752044,0.371,-0.0126355290412902,-0.0053619302949061,-0.0072735987463841,0.0072735987463841,5.290523872340055e-05,DOWN,DOWN,True,0.361,0.383,0.0589812332439678,PASS,
2025-05-30_159992_RECONSTRUCTED,2025-05-30,159992,创新药ETF,2,0.6600000000000001,NeoQuasar/Kronos-small,NeoQuasar/Kronos-Tokenizer-base,cuda:0,120,24,1,0.791,0.6986530423164368,0.819,-0.1167471408843994,0.0353982300884954,-0.1521453709728948,0.1521453709728948,0.0231482139084797,DOWN,UP,False,0.775,0.837,0.0783817951959544,PASS,
2025-05-30_512800_RECONSTRUCTED,2025-05-30,512800,银行ETF,3,0.63,NeoQuasar/Kronos-small,NeoQuasar/Kronos-Tokenizer-base,cuda:0,120,24,1,0.808,0.7487362623214722,0.889,-0.0733462572097778,0.1002475247524752,-0.173593781962253,0.173593781962253,0.0301348011359582,DOWN,UP,False,0.817,0.889,0.0891089108910891,PASS,
2025-05-30_510300_RECONSTRUCTED,2025-05-30,510300,沪深300ETF,4,0.62,NeoQuasar/Kronos-small,NeoQuasar/Kronos-Tokenizer-base,cuda:0,120,24,1,3.748,3.705233812332153,3.909,-0.0114103555679321,0.0429562433297758,-0.054366598897708,0.054366598897708,0.0029557270757042,DOWN,UP,False,3.746,3.909,0.0434898612593382,PASS,
2025-05-30_512660_RECONSTRUCTED,2025-05-30,512660,军工ETF,5,0.6100000000000001,NeoQuasar/Kronos-small,NeoQuasar/Kronos-Tokenizer-base,cuda:0,120,24,1,1.048,1.0534676313400269,1.116,0.0052171945571899,0.0648854961832061,-0.0596683016260162,0.0596683016260162,0.0035603062189332,UP,UP,True,1.034,1.147,0.107824427480916,PASS,
2025-06-03_512800_RECONSTRUCTED,2025-06-03,512800,银行ETF,1,0.695,NeoQuasar/Kronos-small,NeoQuasar/Kronos-Tokenizer-base,cuda:0,120,24,1,0.822,0.738585889339447,0.894,-0.101477026939392,0.0875912408759125,-0.1890682678153046,0.1890682678153046,0.0357468098946797,DOWN,UP,False,0.817,0.894,0.0936739659367397,PASS,
2025-06-03_159992_RECONSTRUCTED,2025-06-03,159992,创新药ETF,2,0.6600000000000001,NeoQuasar/Kronos-small,NeoQuasar/Kronos-Tokenizer-base,cuda:0,120,24,1,0.799,0.6970424652099609,0.802,-0.127606451511383,0.0037546933667083,-0.1313611448780913,0.1313611448780913,0.0172557503836829,DOWN,UP,False,0.775,0.837,0.0775969962453065,PASS,
2025-06-03_512010_RECONSTRUCTED,2025-06-03,512010,医药ETF,3,0.66,NeoQuasar/Kronos-small,NeoQuasar/Kronos-Tokenizer-base,cuda:0,120,24,1,0.375,0.3579588532447815,0.367,-0.045443058013916,-0.0213333333333333,-0.0241097246805827,0.0241097246805827,0.0005812788241734,DOWN,DOWN,True,0.361,0.383,0.0586666666666667,PASS,
2025-06-03_510300_RECONSTRUCTED,2025-06-03,510300,沪深300ETF,4,0.655,NeoQuasar/Kronos-small,NeoQuasar/Kronos-Tokenizer-base,cuda:0,120,24,1,3.746,3.777907133102417,3.891,0.0085176229476928,0.0387079551521623,-0.0301903322044694,0.0301903322044694,0.0009114561586162,UP,UP,True,3.75,3.909,0.0424452749599572,PASS,
2025-06-03_510050_RECONSTRUCTED,2025-06-03,510050,上证50ETF,5,0.625,NeoQuasar/Kronos-small,NeoQuasar/Kronos-Tokenizer-base,cuda:0,120,24,1,2.668,2.562073230743408,2.748,-0.0397026538848876,0.0299850074962519,-0.0696876613811396,0.0696876613811396,0.0048563701487723,DOWN,UP,False,2.653,2.756,0.0386056971514241,PASS,
2025-06-04_512800_RECONSTRUCTED,2025-06-04,512800,银行ETF,1,0.705,NeoQuasar/Kronos-small,NeoQuasar/Kronos-Tokenizer-base,cuda:0,120,24,1,0.823,0.7396068572998047,0.891,-0.1013282537460327,0.0826245443499393,-0.1839527980959721,0.1839527980959721,0.0338386319273374,DOWN,UP,False,0.817,0.894,0.0935601458080195,PASS,
2025-06-04_510300_RECONSTRUCTED,2025-06-04,510300,沪深300ETF,2,0.665,NeoQuasar/Kronos-small,NeoQuasar/Kronos-Tokenizer-base,cuda:0,120,24,1,3.763,3.779363632202149,3.925,0.0043485164642333,0.0430507573744352,-0.0387022409102018,0.0387022409102018,0.0014978634514712,UP,UP,True,3.75,3.925,0.0465054477810257,PASS,
2025-06-04_159992_RECONSTRUCTED,2025-06-04,159992,创新药ETF,3,0.655,NeoQuasar/Kronos-small,NeoQuasar/Kronos-Tokenizer-base,cuda:0,120,24,1,0.811,0.7204827666282654,0.804,-0.1116118431091308,-0.0086313193588163,-0.1029805237503145,0.1029805237503145,0.010604988271889,DOWN,DOWN,True,0.775,0.837,0.0764488286066583,PASS,
2025-06-04_512010_RECONSTRUCTED,2025-06-04,512010,医药ETF,4,0.655,NeoQuasar/Kronos-small,NeoQuasar/Kronos-Tokenizer-base,cuda:0,120,24,1,0.379,0.3516240417957306,0.369,-0.0722321271896362,-0.0263852242744063,-0.0458469029152298,0.0458469029152298,0.0021019385069185,DOWN,DOWN,True,0.361,0.383,0.0580474934036939,PASS,
2025-06-04_510050_RECONSTRUCTED,2025-06-04,510050,上证50ETF,5,0.64,NeoQuasar/Kronos-small,NeoQuasar/Kronos-Tokenizer-base,cuda:0,120,24,1,2.675,2.6211066246032715,2.765,-0.0201470255851745,0.0336448598130842,-0.0537918853982588,0.0537918853982588,0.0028935669346994,DOWN,UP,False,2.653,2.765,0.0418691588785047,PASS,
2025-06-05_512800_RECONSTRUCTED,2025-06-05,512800,银行ETF,1,0.705,NeoQuasar/Kronos-small,NeoQuasar/Kronos-Tokenizer-base,cuda:0,120,24,1,0.817,0.7505868673324585,0.895,-0.081288993358612,0.0954712362301102,-0.1767602295887222,0.1767602295887222,0.0312441787642578,DOWN,UP,False,0.819,0.895,0.0930232558139535,PASS,
2025-06-05_512010_RECONSTRUCTED,2025-06-05,512010,医药ETF,2,0.6649999999999999,NeoQuasar/Kronos-small,NeoQuasar/Kronos-Tokenizer-base,cuda:0,120,24,1,0.376,0.3551405966281891,0.374,-0.0554770827293396,-0.0053191489361702,-0.0501579337931693,0.0501579337931693,0.0025158183223999,DOWN,DOWN,True,0.361,0.383,0.0585106382978723,PASS,
2025-06-05_510300_RECONSTRUCTED,2025-06-05,510300,沪深300ETF,3,0.66,NeoQuasar/Kronos-small,NeoQuasar/Kronos-Tokenizer-base,cuda:0,120,24,1,3.773,3.821938753128052,3.922,0.0129708051681518,0.0394911211237742,-0.0265203159556224,0.0265203159556224,0.000703327158386,UP,UP,True,3.75,3.925,0.046382189239332,PASS,
2025-06-05_159992_RECONSTRUCTED,2025-06-05,159992,创新药ETF,4,0.655,NeoQuasar/Kronos-small,NeoQuasar/Kronos-Tokenizer-base,cuda:0,120,24,1,0.8,0.7063078284263611,0.809,-0.1171151995658874,0.0112499999999999,-0.1283651995658874,0.1283651995658874,0.0164776244595901,DOWN,UP,False,0.775,0.837,0.0774999999999999,PASS,
2025-06-05_510050_RECONSTRUCTED,2025-06-05,510050,上证50ETF,5,0.625,NeoQuasar/Kronos-small,NeoQuasar/Kronos-Tokenizer-base,cuda:0,120,24,1,2.674,2.690824270248413,2.762,0.0062917470932006,0.0329094988780853,-0.0266177517848846,0.0266177517848846,0.0007085047100817,UP,UP,True,2.653,2.765,0.0418848167539267,PASS,
2025-06-06_510300_RECONSTRUCTED,2025-06-06,510300,沪深300ETF,1,0.735,NeoQuasar/Kronos-small,NeoQuasar/Kronos-Tokenizer-base,cuda:0,120,24,1,3.775,3.827737331390381,3.942,0.013970136642456,0.0442384105960265,-0.0302682739535704,0.0302682739535704,0.0009161684081283,UP,UP,True,3.75,3.942,0.0508609271523179,PASS,
2025-06-06_512800_RECONSTRUCTED,2025-06-06,512800,银行ETF,2,0.705,NeoQuasar/Kronos-small,NeoQuasar/Kronos-Tokenizer-base,cuda:0,120,24,1,0.819,0.7499415278434753,0.906,-0.0843204855918884,0.1062271062271063,-0.1905475918189947,0.1905475918189947,0.0363083847480182,DOWN,UP,False,0.822,0.906,0.1025641025641026,PASS,
2025-06-06_512010_RECONSTRUCTED,2025-06-06,512010,医药ETF,3,0.6549999999999999,NeoQuasar/Kronos-small,NeoQuasar/Kronos-Tokenizer-base,cuda:0,120,24,1,0.373,0.3556270897388458,0.375,-0.0465761423110961,0.0053619302949061,-0.0519380726060023,0.0519380726060023,0.0026975633860263,DOWN,UP,False,0.361,0.383,0.0589812332439678,PASS,
2025-06-06_159992_RECONSTRUCTED,2025-06-06,159992,创新药ETF,4,0.6500000000000001,NeoQuasar/Kronos-small,NeoQuasar/Kronos-Tokenizer-base,cuda:0,120,24,1,0.795,0.7155060768127441,0.814,-0.0999923944473266,0.0238993710691821,-0.1238917655165088,0.1238917655165088,0.0153491695627976,DOWN,UP,False,0.775,0.837,0.0779874213836477,PASS,
2025-06-06_510050_RECONSTRUCTED,2025-06-06,510050,上证50ETF,5,0.645,NeoQuasar/Kronos-small,NeoQuasar/Kronos-Tokenizer-base,cuda:0,120,24,1,2.676,2.5792582035064697,2.778,-0.0361517071723938,0.0381165919282511,-0.0742682991006449,0.0742682991006449,0.0055157802513028,DOWN,UP,False,2.653,2.778,0.046711509715994,PASS,
2025-06-09_512800_RECONSTRUCTED,2025-06-09,512800,银行ETF,1,0.6900000000000001,NeoQuasar/Kronos-small,NeoQuasar/Kronos-Tokenizer-base,cuda:0,120,24,1,0.822,0.7239841222763062,0.888,-0.1192407608032226,0.0802919708029197,-0.1995327316061423,0.1995327316061423,0.0398133109822088,DOWN,UP,False,0.825,0.906,0.0985401459854015,PASS,
2025-06-09_512010_RECONSTRUCTED,2025-06-09,512010,医药ETF,2,0.67,NeoQuasar/Kronos-small,NeoQuasar/Kronos-Tokenizer-base,cuda:0,120,24,1,0.378,0.3641116321086883,0.381,-0.0367416739463806,0.0079365079365079,-0.0446781818828885,0.0446781818828885,0.0019961399363604,DOWN,UP,False,0.361,0.383,0.0582010582010582,PASS,
2025-06-09_159992_RECONSTRUCTED,2025-06-09,159992,创新药ETF,3,0.665,NeoQuasar/Kronos-small,NeoQuasar/Kronos-Tokenizer-base,cuda:0,120,24,1,0.815,0.7168801426887512,0.828,-0.1203924417495727,0.0159509202453986,-0.1363433619949714,0.1363433619949714,0.0185895123600918,DOWN,UP,False,0.775,0.837,0.0760736196319017,PASS,
2025-06-09_510300_RECONSTRUCTED,2025-06-09,510300,沪深300ETF,4,0.6150000000000001,NeoQuasar/Kronos-small,NeoQuasar/Kronos-Tokenizer-base,cuda:0,120,24,1,3.784,3.8212292194366455,3.956,0.009838581085205,0.0454545454545454,-0.0356159643693403,0.0356159643693403,0.0012684969179581,UP,UP,True,3.75,3.956,0.0544397463002114,PASS,
2025-06-09_512880_RECONSTRUCTED,2025-06-09,512880,证券ETF,5,0.5900000000000001,NeoQuasar/Kronos-small,NeoQuasar/Kronos-Tokenizer-base,cuda:0,120,24,1,1.084,1.0672675371170044,1.181,-0.0154358148574829,0.0894833948339484,-0.1049192096914313,0.1049192096914313,0.0110080405622745,DOWN,UP,False,1.059,1.181,0.1125461254612547,PASS,
2025-06-10_512010_RECONSTRUCTED,2025-06-10,512010,医药ETF,1,0.6849999999999999,NeoQuasar/Kronos-small,NeoQuasar/Kronos-Tokenizer-base,cuda:0,120,24,1,0.379,0.3478941023349762,0.38,-0.0820736289024353,0.0026385224274405,-0.0847121513298758,0.0847121513298758,0.0071761485829357,DOWN,UP,False,0.361,0.383,0.0580474934036939,PASS,
2025-06-10_512800_RECONSTRUCTED,2025-06-10,512800,银行ETF,2,0.67,NeoQuasar/Kronos-small,NeoQuasar/Kronos-Tokenizer-base,cuda:0,120,24,1,0.826,0.7893984317779541,0.895,-0.0443118214607238,0.0835351089588378,-0.1278469304195617,0.1278469304195617,0.0163448376177042,DOWN,UP,False,0.825,0.906,0.0980629539951574,PASS,
2025-06-10_159992_RECONSTRUCTED,2025-06-10,159992,创新药ETF,3,0.66,NeoQuasar/Kronos-small,NeoQuasar/Kronos-Tokenizer-base,cuda:0,120,24,1,0.821,0.6844149231910706,0.834,-0.1663642525672912,0.0158343483556637,-0.182198600922955,0.182198600922955,0.0331963301782822,DOWN,UP,False,0.775,0.837,0.0755176613885504,PASS,
2025-06-10_510300_RECONSTRUCTED,2025-06-10,510300,沪深300ETF,4,0.6599999999999999,NeoQuasar/Kronos-small,NeoQuasar/Kronos-Tokenizer-base,cuda:0,120,24,1,3.761,3.6867148876190186,3.955,-0.0197514295578002,0.0515820260568997,-0.0713334556147,0.0713334556147,0.0050884618899343,DOWN,UP,False,3.75,3.956,0.0547726668439244,PASS,
2025-06-10_159937_RECONSTRUCTED,2025-06-10,159937,黄金ETF,5,0.655,NeoQuasar/Kronos-small,NeoQuasar/Kronos-Tokenizer-base,cuda:0,120,24,1,7.397,7.054854869842529,7.432,-0.0462545752525329,0.0047316479653913,-0.0509862232179243,0.0509862232179243,0.002599594958028,DOWN,UP,False,7.304,7.572,0.036230904420711,PASS,
2025-06-11_512010_RECONSTRUCTED,2025-06-11,512010,医药ETF,1,0.69,NeoQuasar/Kronos-small,NeoQuasar/Kronos-Tokenizer-base,cuda:0,120,24,1,0.378,0.3525718152523041,0.381,-0.067270278930664,0.0079365079365079,-0.0752067868671719,0.0752067868671719,0.0056560607908842,DOWN,UP,False,0.361,0.383,0.0582010582010582,PASS,
2025-06-11_512800_RECONSTRUCTED,2025-06-11,512800,银行ETF,2,0.675,NeoQuasar/Kronos-small,NeoQuasar/Kronos-Tokenizer-base,cuda:0,120,24,1,0.829,0.7380110025405884,0.886,-0.1097575426101684,0.0687575392038601,-0.1785150818140286,0.1785150818140286,0.0318676344350693,DOWN,UP,False,0.825,0.906,0.097708082026538,PASS,
2025-06-11_159992_RECONSTRUCTED,2025-06-11,159992,创新药ETF,3,0.66,NeoQuasar/Kronos-small,NeoQuasar/Kronos-Tokenizer-base,cuda:0,120,24,1,0.814,0.7019631266593933,0.842,-0.1376374363899231,0.0343980343980343,-0.1720354707879574,0.1720354707879574,0.0295962032092341,DOWN,UP,False,0.775,0.842,0.0823095823095822,PASS,
2025-06-11_510300_RECONSTRUCTED,2025-06-11,510300,沪深300ETF,4,0.6399999999999999,NeoQuasar/Kronos-small,NeoQuasar/Kronos-Tokenizer-base,cuda:0,120,24,1,3.793,3.781343698501587,3.955,-0.0030730962753295,0.0427102557342473,-0.0457833520095769,0.0457833520095769,0.0020961153212328,DOWN,UP,False,3.75,3.956,0.0543105721065119,PASS,
2025-06-11_159937_RECONSTRUCTED,2025-06-11,159937,黄金ETF,5,0.635,NeoQuasar/Kronos-small,NeoQuasar/Kronos-Tokenizer-base,cuda:0,120,24,1,7.414,6.855655670166016,7.422,-0.0753094553947448,0.0010790396547073,-0.0763884950494522,0.0763884950494522,0.0058352021759201,DOWN,UP,False,7.304,7.572,0.0361478284326948,PASS,
2025-06-12_512010_RECONSTRUCTED,2025-06-12,512010,医药ETF,1,0.6849999999999999,NeoQuasar/Kronos-small,NeoQuasar/Kronos-Tokenizer-base,cuda:0,120,24,1,0.383,0.3493452072143554,0.381,-0.0878714919090271,-0.0052219321148825,-0.0826495597941445,0.0826495597941445,0.0068309497341658,DOWN,DOWN,True,0.361,0.381,0.0522193211488251,PASS,
2025-06-12_159992_RECONSTRUCTED,2025-06-12,159992,创新药ETF,2,0.68,NeoQuasar/Kronos-small,NeoQuasar/Kronos-Tokenizer-base,cuda:0,120,24,1,0.837,0.7186635136604309,0.85,-0.1413817405700683,0.0155316606929509,-0.1569134012630193,0.1569134012630193,0.0246218154959293,DOWN,UP,False,0.775,0.85,0.089605734767025,PASS,
2025-06-12_159937_RECONSTRUCTED,2025-06-12,159937,黄金ETF,3,0.67,NeoQuasar/Kronos-small,NeoQuasar/Kronos-Tokenizer-base,cuda:0,120,24,1,7.486,6.338017463684082,7.393,-0.1533505916595459,-0.0124231899545819,-0.1409274017049639,0.1409274017049639,0.0198605325513122,DOWN,DOWN,True,7.304,7.572,0.0358001602992251,PASS,
2025-06-12_510300_RECONSTRUCTED,2025-06-12,510300,沪深300ETF,4,0.6599999999999999,NeoQuasar/Kronos-small,NeoQuasar/Kronos-Tokenizer-base,cuda:0,120,24,1,3.795,3.796057939529419,3.946,0.0002787113189697,0.0397891963109355,-0.0395104849919658,0.0395104849919658,0.0015610784243003,UP,UP,True,3.75,3.956,0.0542819499341238,PASS,
2025-06-12_512800_RECONSTRUCTED,2025-06-12,512800,银行ETF,5,0.6450000000000001,NeoQuasar/Kronos-small,NeoQuasar/Kronos-Tokenizer-base,cuda:0,120,24,1,0.832,0.7497847080230713,0.882,-0.0988164544105529,0.0600961538461539,-0.1589126082567069,0.1589126082567069,0.0252532170629496,DOWN,UP,False,0.825,0.906,0.0973557692307693,PASS,
2025-06-13_159937_RECONSTRUCTED,2025-06-13,159937,黄金ETF,1,0.7249999999999999,NeoQuasar/Kronos-small,NeoQuasar/Kronos-Tokenizer-base,cuda:0,120,24,1,7.572,6.7261962890625,7.386,-0.111701488494873,-0.0245641838351822,-0.0871373046596908,0.0871373046596908,0.0075929098633557,DOWN,DOWN,True,7.304,7.548,0.0322239830956153,PASS,
2025-06-13_159992_RECONSTRUCTED,2025-06-13,159992,创新药ETF,2,0.655,NeoQuasar/Kronos-small,NeoQuasar/Kronos-Tokenizer-base,cuda:0,120,24,1,0.818,0.6888992786407471,0.87,-0.1578248739242553,0.0635696821515892,-0.2213945560758445,0.2213945560758445,0.0490155494600202,DOWN,UP,False,0.775,0.87,0.1161369193154034,PASS,
2025-06-13_512800_RECONSTRUCTED,2025-06-13,512800,银行ETF,3,0.6450000000000001,NeoQuasar/Kronos-small,NeoQuasar/Kronos-Tokenizer-base,cuda:0,120,24,1,0.825,0.7392880916595459,0.879,-0.1038932204246521,0.0654545454545454,-0.1693477658791975,0.1693477658791975,0.0286786658082755,DOWN,UP,False,0.833,0.906,0.0884848484848485,PASS,
2025-06-13_512010_RECONSTRUCTED,2025-06-13,512010,医药ETF,4,0.635,NeoQuasar/Kronos-small,NeoQuasar/Kronos-Tokenizer-base,cuda:0,120,24,1,0.377,0.3527130484580993,0.387,-0.0644216537475586,0.026525198938992,-0.0909468526865506,0.0909468526865506,0.0082713300135891,DOWN,UP,False,0.361,0.387,0.0689655172413793,PASS,
2025-06-13_510300_RECONSTRUCTED,2025-06-13,510300,沪深300ETF,5,0.615,NeoQuasar/Kronos-small,NeoQuasar/Kronos-Tokenizer-base,cuda:0,120,24,1,3.769,3.8453469276428223,3.979,0.0202565193176269,0.0557176970018571,-0.0354611776842301,0.0354611776842301,0.0012574951227525,UP,UP,True,3.75,3.979,0.0607588219686919,PASS,
2025-06-16_159937_RECONSTRUCTED,2025-06-16,159937,黄金ETF,1,0.73,NeoQuasar/Kronos-small,NeoQuasar/Kronos-Tokenizer-base,cuda:0,120,24,1,7.548,7.165188312530518,7.389,-0.0507169365882873,-0.0210651828298886,-0.0296517537583986,0.0296517537583986,0.0008792265009487,DOWN,DOWN,True,7.304,7.491,0.0247747747747746,PASS,
2025-06-16_512800_RECONSTRUCTED,2025-06-16,512800,银行ETF,2,0.6650000000000001,NeoQuasar/Kronos-small,NeoQuasar/Kronos-Tokenizer-base,cuda:0,120,24,1,0.835,0.7598465085029602,0.883,-0.0900041460990905,0.0574850299401197,-0.1474891760392103,0.1474891760392103,0.0217530570487251,DOWN,UP,False,0.833,0.906,0.0874251497005988,PASS,
2025-06-16_159992_RECONSTRUCTED,2025-06-16,159992,创新药ETF,3,0.655,NeoQuasar/Kronos-small,NeoQuasar/Kronos-Tokenizer-base,cuda:0,120,24,1,0.816,0.7159501910209656,0.879,-0.1226100325584411,0.0772058823529413,-0.1998159149113825,0.1998159149113825,0.0399263998518728,DOWN,UP,False,0.775,0.879,0.1274509803921568,PASS,
2025-06-16_512010_RECONSTRUCTED,2025-06-16,512010,医药ETF,4,0.625,NeoQuasar/Kronos-small,NeoQuasar/Kronos-Tokenizer-base,cuda:0,120,24,1,0.374,0.3661118447780609,0.391,-0.021091341972351,0.0454545454545454,-0.0665458874268964,0.0665458874268964,0.0044283551334331,DOWN,UP,False,0.361,0.391,0.0802139037433155,PASS,
2025-06-16_510300_RECONSTRUCTED,2025-06-16,510300,沪深300ETF,5,0.615,NeoQuasar/Kronos-small,NeoQuasar/Kronos-Tokenizer-base,cuda:0,120,24,1,3.779,3.844572305679321,4.009,0.017351746559143,0.0608626620799155,-0.0435109155207724,0.0435109155207724,0.0018931997694557,UP,UP,True,3.75,4.009,0.068536649907383,PASS,
2025-06-17_159937_RECONSTRUCTED,2025-06-17,159937,黄金ETF,1,0.7100000000000001,NeoQuasar/Kronos-small,NeoQuasar/Kronos-Tokenizer-base,cuda:0,120,24,1,7.487,6.910958290100098,7.432,-0.0769389271736145,-0.0073460665152931,-0.0695928606583213,0.0695928606583213,0.0048431662546085,DOWN,DOWN,True,7.304,7.491,0.0249766261519967,PASS,
2025-06-17_512800_RECONSTRUCTED,2025-06-17,512800,银行ETF,2,0.7000000000000001,NeoQuasar/Kronos-small,NeoQuasar/Kronos-Tokenizer-base,cuda:0,120,24,1,0.833,0.7326588034629822,0.88,-0.120457649230957,0.056422569027611,-0.176880218258568,0.176880218258568,0.0312866116111986,DOWN,UP,False,0.841,0.906,0.078031212484994,PASS,
2025-06-17_159992_RECONSTRUCTED,2025-06-17,159992,创新药ETF,3,0.65,NeoQuasar/Kronos-small,NeoQuasar/Kronos-Tokenizer-base,cuda:0,120,24,1,0.792,0.7352373600006104,0.872,-0.0716699957847595,0.101010101010101,-0.1726800967948605,0.1726800967948605,0.0298184158290823,DOWN,UP,False,0.775,0.879,0.1313131313131312,PASS,
2025-06-17_512880_RECONSTRUCTED,2025-06-17,512880,证券ETF,4,0.6300000000000001,NeoQuasar/Kronos-small,NeoQuasar/Kronos-Tokenizer-base,cuda:0,120,24,1,1.095,1.142361760139465,1.187,0.0432527065277099,0.0840182648401828,-0.0407655583124728,0.0407655583124728,0.0016618307445276,UP,UP,True,1.059,1.187,0.1168949771689498,PASS,
2025-06-17_510300_RECONSTRUCTED,2025-06-17,510300,沪深300ETF,5,0.615,NeoQuasar/Kronos-small,NeoQuasar/Kronos-Tokenizer-base,cuda:0,120,24,1,3.778,3.771195411682129,4.034,-0.0018011331558227,0.0677607199576495,-0.0695618531134723,0.0695618531134723,0.0048388514085802,DOWN,UP,False,3.75,4.034,0.0751720487030174,PASS,
2025-06-18_512800_RECONSTRUCTED,2025-06-18,512800,银行ETF,1,0.7150000000000001,NeoQuasar/Kronos-small,NeoQuasar/Kronos-Tokenizer-base,cuda:0,120,24,1,0.842,0.7590956091880798,0.867,-0.0984612703323364,0.0296912114014251,-0.1281524817337616,0.1281524817337616,0.016423058574522,DOWN,UP,False,0.841,0.906,0.0771971496437055,PASS,
2025-06-18_159937_RECONSTRUCTED,2025-06-18,159937,黄金ETF,2,0.7100000000000001,NeoQuasar/Kronos-small,NeoQuasar/Kronos-Tokenizer-base,cuda:0,120,24,1,7.491,7.113990306854248,7.462,-0.0503283739089965,-0.0038713122413562,-0.0464570616676403,0.0464570616676403,0.0021582585787909,DOWN,DOWN,True,7.304,7.462,0.0210919770391135,PASS,
2025-06-18_510300_RECONSTRUCTED,2025-06-18,510300,沪深300ETF,3,0.6200000000000001,NeoQuasar/Kronos-small,NeoQuasar/Kronos-Tokenizer-base,cuda:0,120,24,1,3.781,3.81038498878479,4.078,0.0077717304229736,0.0785506479767257,-0.0707789175537521,0.0707789175537521,0.0050096551700808,UP,UP,True,3.75,4.078,0.0867495371594817,PASS,
2025-06-18_159992_RECONSTRUCTED,2025-06-18,159992,创新药ETF,4,0.62,NeoQuasar/Kronos-small,NeoQuasar/Kronos-Tokenizer-base,cuda:0,120,24,1,0.788,0.6730231642723083,0.874,-0.1459096670150756,0.1091370558375635,-0.2550467228526392,0.2550467228526392,0.0650488308378709,DOWN,UP,False,0.775,0.879,0.131979695431472,PASS,
2025-06-18_512660_RECONSTRUCTED,2025-06-18,512660,军工ETF,5,0.615,NeoQuasar/Kronos-small,NeoQuasar/Kronos-Tokenizer-base,cuda:0,120,24,1,1.062,1.0425829887390137,1.168,-0.0182834863662719,0.0998116760828624,-0.1180951624491344,0.1180951624491344,0.0139464673938874,DOWN,UP,False,1.034,1.168,0.1261770244821091,PASS,
2025-06-19_159937_RECONSTRUCTED,2025-06-19,159937,黄金ETF,1,0.75,NeoQuasar/Kronos-small,NeoQuasar/Kronos-Tokenizer-base,cuda:0,120,24,1,7.451,7.202381134033203,7.535,-0.0333672165870666,0.0112736545430143,-0.0446408711300809,0.0446408711300809,0.0019928073752524,DOWN,UP,False,7.304,7.535,0.0310025499932894,PASS,
2025-06-19_512800_RECONSTRUCTED,2025-06-19,512800,银行ETF,2,0.7100000000000001,NeoQuasar/Kronos-small,NeoQuasar/Kronos-Tokenizer-base,cuda:0,120,24,1,0.841,0.7712190747261047,0.872,-0.0829737782478332,0.036860879904875,-0.1198346581527083,0.1198346581527083,0.0143603452945764,DOWN,UP,False,0.85,0.906,0.0665873959571938,PASS,
2025-06-19_510300_RECONSTRUCTED,2025-06-19,510300,沪深300ETF,3,0.655,NeoQuasar/Kronos-small,NeoQuasar/Kronos-Tokenizer-base,cuda:0,120,24,1,3.75,3.833099126815796,4.076,0.0221598148345947,0.0869333333333333,-0.0647735184987385,0.0647735184987385,0.0041956086987064,UP,UP,True,3.755,4.078,0.0861333333333334,PASS,
2025-06-19_159992_RECONSTRUCTED,2025-06-19,159992,创新药ETF,4,0.62,NeoQuasar/Kronos-small,NeoQuasar/Kronos-Tokenizer-base,cuda:0,120,24,1,0.775,0.728471040725708,0.871,-0.0600373148918151,0.1238709677419354,-0.1839082826337505,0.1839082826337505,0.0338222564212954,DOWN,UP,False,0.775,0.879,0.1341935483870967,PASS,
2025-06-19_510050_RECONSTRUCTED,2025-06-19,510050,上证50ETF,5,0.615,NeoQuasar/Kronos-small,NeoQuasar/Kronos-Tokenizer-base,cuda:0,120,24,1,2.653,2.670293092727661,2.841,0.0065182447433471,0.0708631737655485,-0.0643449290222013,0.0643449290222013,0.0041402698908721,UP,UP,True,2.669,2.841,0.0648322653599699,PASS,
2025-06-20_512800_RECONSTRUCTED,2025-06-20,512800,银行ETF,1,0.725,NeoQuasar/Kronos-small,NeoQuasar/Kronos-Tokenizer-base,cuda:0,120,24,1,0.85,0.7511311173439026,0.859,-0.1163163781166076,0.0105882352941175,-0.1269046134107252,0.1269046134107252,0.0161047809049256,DOWN,UP,False,0.856,0.906,0.0588235294117647,PASS,
2025-06-20_159937_RECONSTRUCTED,2025-06-20,159937,黄金ETF,2,0.715,NeoQuasar/Kronos-small,NeoQuasar/Kronos-Tokenizer-base,cuda:0,120,24,1,7.422,7.377218246459961,7.411,-0.0060336589813232,-0.0014820803018054,-0.0045515786795178,0.0045515786795178,2.0716868475841287e-05,DOWN,DOWN,True,7.304,7.535,0.0311236863379142,PASS,
2025-06-20_510300_RECONSTRUCTED,2025-06-20,510300,沪深300ETF,3,0.675,NeoQuasar/Kronos-small,NeoQuasar/Kronos-Tokenizer-base,cuda:0,120,24,1,3.755,3.851084232330322,4.102,0.0255882740020751,0.0924101198402131,-0.066821845838138,0.066821845838138,0.0044651590812158,UP,UP,True,3.768,4.102,0.0889480692410121,PASS,
2025-06-20_510500_RECONSTRUCTED,2025-06-20,510500,中证500ETF,4,0.6200000000000001,NeoQuasar/Kronos-small,NeoQuasar/Kronos-Tokenizer-base,cuda:0,120,24,1,5.617,5.910504817962647,6.301,0.0522528886795043,0.121773188534805,-0.0695202998553006,0.0695202998553006,0.0048330720919709,UP,UP,True,5.65,6.301,0.1158981662809328,PASS,
2025-06-20_159992_RECONSTRUCTED,2025-06-20,159992,创新药ETF,5,0.62,NeoQuasar/Kronos-small,NeoQuasar/Kronos-Tokenizer-base,cuda:0,120,24,1,0.775,0.7443839907646179,0.895,-0.0395045280456543,0.1548387096774193,-0.1943432377230736,0.1943432377230736,0.0377692940486871,DOWN,UP,False,0.781,0.895,0.1470967741935483,PASS,
2025-06-23_512800_RECONSTRUCTED,2025-06-23,512800,银行ETF,1,0.7399999999999999,NeoQuasar/Kronos-small,NeoQuasar/Kronos-Tokenizer-base,cuda:0,120,24,1,0.861,0.7510138750076294,0.858,-0.1277422904968261,-0.0034843205574912,-0.1242579699393349,0.1242579699393349,0.0154400430934446,DOWN,DOWN,True,0.856,0.906,0.0580720092915215,PASS,
2025-06-23_512880_RECONSTRUCTED,2025-06-23,512880,证券ETF,2,0.645,NeoQuasar/Kronos-small,NeoQuasar/Kronos-Tokenizer-base,cuda:0,120,24,1,1.072,1.1415842771530151,1.227,0.0649106502532959,0.1445895522388061,-0.0796789019855102,0.0796789019855102,0.0063487274216165,UP,UP,True,1.099,1.232,0.1240671641791044,PASS,
2025-06-23_159937_RECONSTRUCTED,2025-06-23,159937,黄金ETF,3,0.6299999999999999,NeoQuasar/Kronos-small,NeoQuasar/Kronos-Tokenizer-base,cuda:0,120,24,1,7.45,7.4931321144104,7.395,0.0057895183563232,-0.0073825503355705,0.0131720686918938,0.0131720686918938,0.0001735033936239,UP,DOWN,False,7.304,7.535,0.0310067114093959,PASS,
2025-06-23_510300_RECONSTRUCTED,2025-06-23,510300,沪深300ETF,4,0.6000000000000001,NeoQuasar/Kronos-small,NeoQuasar/Kronos-Tokenizer-base,cuda:0,120,24,1,3.768,3.7729971408844,4.08,0.0013262033462524,0.0828025477707006,-0.0814763444244481,0.0814763444244481,0.0066383947007713,UP,UP,True,3.813,4.102,0.0766985138004246,PASS,
2025-06-23_510050_RECONSTRUCTED,2025-06-23,510050,上证50ETF,5,0.5950000000000001,NeoQuasar/Kronos-small,NeoQuasar/Kronos-Tokenizer-base,cuda:0,120,24,1,2.682,2.638751983642578,2.836,-0.0161252617835998,0.0574198359433257,-0.0735450977269256,0.0735450977269256,0.005408881399663,DOWN,UP,False,2.712,2.853,0.052572706935123,PASS,
2025-06-24_512800_RECONSTRUCTED,2025-06-24,512800,银行ETF,1,0.7549999999999999,NeoQuasar/Kronos-small,NeoQuasar/Kronos-Tokenizer-base,cuda:0,120,24,1,0.863,0.7709277868270874,0.86,-0.1066884994506836,-0.0034762456546929,-0.1032122537959906,0.1032122537959906,0.0106527693336479,DOWN,DOWN,True,0.856,0.906,0.0579374275782155,PASS,
2025-06-24_512880_RECONSTRUCTED,2025-06-24,512880,证券ETF,2,0.645,NeoQuasar/Kronos-small,NeoQuasar/Kronos-Tokenizer-base,cuda:0,120,24,1,1.099,1.0273112058639526,1.238,-0.065230906009674,0.1264786169244767,-0.1917095229341507,0.1917095229341507,0.0367525411836396,DOWN,UP,False,1.124,1.238,0.1037306642402182,PASS,
2025-06-24_510050_RECONSTRUCTED,2025-06-24,510050,上证50ETF,3,0.63,NeoQuasar/Kronos-small,NeoQuasar/Kronos-Tokenizer-base,cuda:0,120,24,1,2.712,2.6950817108154297,2.849,-0.0062382817268371,0.0505162241887906,-0.0567545059156278,0.0567545059156278,0.003221073941727,DOWN,UP,False,2.715,2.853,0.0508849557522125,PASS,
2025-06-24_510300_RECONSTRUCTED,2025-06-24,510300,沪深300ETF,4,0.6200000000000001,NeoQuasar/Kronos-small,NeoQuasar/Kronos-Tokenizer-base,cuda:0,120,24,1,3.813,3.788082838058472,4.091,-0.0065347552299499,0.0729084710201941,-0.0794432262501441,0.0794432262501441,0.0063112261970315,DOWN,UP,False,3.84,4.102,0.0687123000262261,PASS,
2025-06-24_159992_RECONSTRUCTED,2025-06-24,159992,创新药ETF,5,0.6050000000000001,NeoQuasar/Kronos-small,NeoQuasar/Kronos-Tokenizer-base,cuda:0,120,24,1,0.791,0.7027068138122559,0.912,-0.1116222143173217,0.1529709228824272,-0.264593137199749,0.264593137199749,0.0700095282532051,DOWN,UP,False,0.781,0.912,0.1656131479140328,PASS,
2025-06-25_512800_RECONSTRUCTED,2025-06-25,512800,银行ETF,1,0.745,NeoQuasar/Kronos-small,NeoQuasar/Kronos-Tokenizer-base,cuda:0,120,24,1,0.872,0.7496621608734131,0.849,-0.1402956843376159,-0.0263761467889908,-0.1139195375486251,0.1139195375486251,0.0129776610352926,DOWN,DOWN,True,0.849,0.906,0.0653669724770642,PASS,
2025-06-25_512880_RECONSTRUCTED,2025-06-25,512880,证券ETF,2,0.7150000000000001,NeoQuasar/Kronos-small,NeoQuasar/Kronos-Tokenizer-base,cuda:0,120,24,1,1.158,1.126745343208313,1.243,-0.0269901752471923,0.0734024179620036,-0.100392593209196,0.100392593209196,0.0100786727712671,DOWN,UP,False,1.124,1.243,0.1027633851468048,PASS,
2025-06-25_510300_RECONSTRUCTED,2025-06-25,510300,沪深300ETF,3,0.605,NeoQuasar/Kronos-small,NeoQuasar/Kronos-Tokenizer-base,cuda:0,120,24,1,3.878,3.8127167224884033,4.112,-0.0168342590332031,0.0603403816400205,-0.0771746406732236,0.0771746406732236,0.0059559251630411,DOWN,UP,False,3.84,4.112,0.0701392470345539,PASS,
2025-06-25_159915_RECONSTRUCTED,2025-06-25,159915,创业板ETF,4,0.6000000000000001,NeoQuasar/Kronos-small,NeoQuasar/Kronos-Tokenizer-base,cuda:0,120,24,1,2.109,2.1638100147247314,2.383,0.0259886980056762,0.1299193930772877,-0.1039306950716114,0.1039306950716114,0.0108015893780682,UP,UP,True,2.093,2.383,0.1375059269796112,PASS,
2025-06-25_512660_RECONSTRUCTED,2025-06-25,512660,军工ETF,5,0.5700000000000001,NeoQuasar/Kronos-small,NeoQuasar/Kronos-Tokenizer-base,cuda:0,120,24,1,1.091,0.9987143278121948,1.205,-0.0845881104469299,0.1044912923923007,-0.1890794028392306,0.1890794028392306,0.03575102057804,DOWN,UP,False,1.091,1.205,0.1044912923923007,PASS,
2025-06-26_512800_RECONSTRUCTED,2025-06-26,512800,银行ETF,1,0.745,NeoQuasar/Kronos-small,NeoQuasar/Kronos-Tokenizer-base,cuda:0,120,24,1,0.881,0.7588368058204651,0.854,-0.1386642456054687,-0.0306469920544836,-0.1080172535509851,0.1080172535509851,0.0116677270646978,DOWN,DOWN,True,0.849,0.906,0.0646992054483542,PASS,
2025-06-26_512880_RECONSTRUCTED,2025-06-26,512880,证券ETF,2,0.685,NeoQuasar/Kronos-small,NeoQuasar/Kronos-Tokenizer-base,cuda:0,120,24,1,1.138,1.0720744132995603,1.225,-0.0579311251640319,0.076449912126538,-0.13438103729057,0.13438103729057,0.0180582631832895,DOWN,UP,False,1.124,1.243,0.1045694200351494,PASS,
2025-06-26_510300_RECONSTRUCTED,2025-06-26,510300,沪深300ETF,3,0.6200000000000001,NeoQuasar/Kronos-small,NeoQuasar/Kronos-Tokenizer-base,cuda:0,120,24,1,3.863,3.785944938659668,4.109,-0.0199469327926635,0.0636810768832514,-0.083628009675915,0.083628009675915,0.0069936440023549,DOWN,UP,False,3.84,4.112,0.0704115972042454,PASS,
2025-06-26_510050_RECONSTRUCTED,2025-06-26,510050,上证50ETF,4,0.5950000000000001,NeoQuasar/Kronos-small,NeoQuasar/Kronos-Tokenizer-base,cuda:0,120,24,1,2.746,2.629176616668701,2.863,-0.0425431132316589,0.0426074289876183,-0.0851505422192773,0.0851505422192773,0.0072506148402369,DOWN,UP,False,2.715,2.863,0.0538965768390386,PASS,
2025-06-26_512660_RECONSTRUCTED,2025-06-26,512660,军工ETF,5,0.5950000000000001,NeoQuasar/Kronos-small,NeoQuasar/Kronos-Tokenizer-base,cuda:0,120,24,1,1.091,1.037883996963501,1.188,-0.0486855506896972,0.0889092575618697,-0.137594808251567,0.137594808251567,0.0189323312577854,DOWN,UP,False,1.099,1.205,0.0971585701191568,PASS,
2025-06-27_512800_RECONSTRUCTED,2025-06-27,512800,银行ETF,1,0.7149999999999999,NeoQuasar/Kronos-small,NeoQuasar/Kronos-Tokenizer-base,cuda:0,120,24,1,0.857,0.755683958530426,0.848,-0.1182217597961425,-0.0105017502917152,-0.1077200095044272,0.1077200095044272,0.0116036004476339,DOWN,DOWN,True,0.848,0.906,0.0676779463243874,PASS,
2025-06-27_512880_RECONSTRUCTED,2025-06-27,512880,证券ETF,2,0.7100000000000001,NeoQuasar/Kronos-small,NeoQuasar/Kronos-Tokenizer-base,cuda:0,120,24,1,1.138,1.1074998378753662,1.198,-0.026801586151123,0.0527240773286468,-0.0795256634797698,0.0795256634797698,0.0063243311518976,DOWN,UP,False,1.124,1.243,0.1045694200351494,PASS,
2025-06-27_510300_RECONSTRUCTED,2025-06-27,510300,沪深300ETF,3,0.625,NeoQuasar/Kronos-small,NeoQuasar/Kronos-Tokenizer-base,cuda:0,120,24,1,3.84,3.8162121772766113,4.032,-0.0061947107315063,0.05,-0.0561947107315063,0.0561947107315063,0.0031578455141976,DOWN,UP,False,3.859,4.112,0.0658854166666667,PASS,
2025-06-27_512660_RECONSTRUCTED,2025-06-27,512660,军工ETF,4,0.6100000000000001,NeoQuasar/Kronos-small,NeoQuasar/Kronos-Tokenizer-base,cuda:0,120,24,1,1.099,1.022782564163208,1.186,-0.0693516135215759,0.0791628753412192,-0.1485144888627951,0.1485144888627951,0.0220565534021773,DOWN,UP,False,1.113,1.205,0.083712465878071,PASS,
2025-06-27_159915_RECONSTRUCTED,2025-06-27,159915,创业板ETF,5,0.585,NeoQuasar/Kronos-small,NeoQuasar/Kronos-Tokenizer-base,cuda:0,120,24,1,2.101,2.0900840759277344,2.301,-0.0051956176757812,0.0951927653498334,-0.1003883830256147,0.1003883830256147,0.0100778274464975,DOWN,UP,False,2.104,2.383,0.1327939076630175,PASS,
2025-06-30_512660_RECONSTRUCTED,2025-06-30,512660,军工ETF,1,0.6900000000000001,NeoQuasar/Kronos-small,NeoQuasar/Kronos-Tokenizer-base,cuda:0,120,24,1,1.147,1.0301843881607056,1.167,-0.1018444299697876,0.0174367916303399,-0.1192812216001275,0.1192812216001275,0.0142280098264187,DOWN,UP,False,1.113,1.205,0.0802092414995641,PASS,
2025-06-30_512880_RECONSTRUCTED,2025-06-30,512880,证券ETF,2,0.685,NeoQuasar/Kronos-small,NeoQuasar/Kronos-Tokenizer-base,cuda:0,120,24,1,1.136,1.0638535022735596,1.191,-0.0635092854499816,0.0484154929577467,-0.1119247784077284,0.1119247784077284,0.0125271560216191,DOWN,UP,False,1.124,1.243,0.1047535211267605,PASS,
2025-06-30_512800_RECONSTRUCTED,2025-06-30,512800,银行ETF,3,0.6499999999999999,NeoQuasar/Kronos-small,NeoQuasar/Kronos-Tokenizer-base,cuda:0,120,24,1,0.856,0.76153963804245,0.853,-0.1103509068489074,-0.0035046728971962,-0.1068462339517112,0.1068462339517112,0.0114161177096638,DOWN,DOWN,True,0.848,0.906,0.0677570093457944,PASS,
2025-06-30_159915_RECONSTRUCTED,2025-06-30,159915,创业板ETF,4,0.6300000000000001,NeoQuasar/Kronos-small,NeoQuasar/Kronos-Tokenizer-base,cuda:0,120,24,1,2.133,2.079086303710937,2.303,-0.0252759456634521,0.0796999531176745,-0.1049758987811266,0.1049758987811266,0.0110199393249053,DOWN,UP,False,2.104,2.383,0.130801687763713,PASS,
2025-06-30_159949_RECONSTRUCTED,2025-06-30,159949,创业板50ETF,5,0.61,NeoQuasar/Kronos-small,NeoQuasar/Kronos-Tokenizer-base,cuda:0,120,24,1,0.965,0.9022361636161804,1.047,-0.0650402307510376,0.0849740932642486,-0.1500143240152862,0.1500143240152862,0.0225042974097632,DOWN,UP,False,0.949,1.09,0.1461139896373058,PASS,
2025-07-01_512660_RECONSTRUCTED,2025-07-01,512660,军工ETF,1,0.6950000000000001,NeoQuasar/Kronos-small,NeoQuasar/Kronos-Tokenizer-base,cuda:0,120,24,1,1.143,1.0183923244476318,1.199,-0.1090180873870849,0.0489938757655292,-0.1580119631526142,0.1580119631526142,0.0249677804993431,DOWN,UP,False,1.113,1.205,0.0804899387576553,PASS,
2025-07-01_512800_RECONSTRUCTED,2025-07-01,512800,银行ETF,2,0.66,NeoQuasar/Kronos-small,NeoQuasar/Kronos-Tokenizer-base,cuda:0,120,24,1,0.869,0.7515131831169128,0.858,-0.1351977586746215,-0.0126582278481012,-0.1225395308265203,0.1225395308265203,0.0150159366151837,DOWN,DOWN,True,0.848,0.906,0.0667433831990794,PASS,
2025-07-01_512880_RECONSTRUCTED,2025-07-01,512880,证券ETF,3,0.6500000000000001,NeoQuasar/Kronos-small,NeoQuasar/Kronos-Tokenizer-base,cuda:0,120,24,1,1.13,1.1198625564575195,1.193,-0.0089712142944335,0.0557522123893807,-0.0647234266838143,0.0647234266838143,0.004189121961695,DOWN,UP,False,1.124,1.243,0.1053097345132743,PASS,
2025-07-01_159915_RECONSTRUCTED,2025-07-01,159915,创业板ETF,4,0.635,NeoQuasar/Kronos-small,NeoQuasar/Kronos-Tokenizer-base,cuda:0,120,24,1,2.126,2.12300181388855,2.313,-0.0014101862907409,0.087958607714017,-0.089368794004758,0.089368794004758,0.0079867813418648,DOWN,UP,False,2.104,2.383,0.1312323612417685,PASS,
2025-07-01_159949_RECONSTRUCTED,2025-07-01,159949,创业板50ETF,5,0.6000000000000001,NeoQuasar/Kronos-small,NeoQuasar/Kronos-Tokenizer-base,cuda:0,120,24,1,0.961,0.856989860534668,1.052,-0.1082311868667602,0.0946930280957336,-0.2029242149624939,0.2029242149624939,0.0411782370181444,DOWN,UP,False,0.949,1.09,0.1467221644120709,PASS,
2025-07-02_512660_RECONSTRUCTED,2025-07-02,512660,军工ETF,1,0.7050000000000001,NeoQuasar/Kronos-small,NeoQuasar/Kronos-Tokenizer-base,cuda:0,120,24,1,1.12,0.986094295978546,1.205,-0.1195586919784545,0.0758928571428572,-0.1954515491213118,0.1954515491213118,0.0382013080539205,DOWN,UP,False,1.113,1.205,0.0821428571428572,PASS,
2025-07-02_512800_RECONSTRUCTED,2025-07-02,512800,银行ETF,2,0.705,NeoQuasar/Kronos-small,NeoQuasar/Kronos-Tokenizer-base,cuda:0,120,24,1,0.873,0.7694573998451233,0.871,-0.1186055541038513,-0.0022909507445589,-0.1163146033592923,0.1163146033592923,0.0135290869546295,DOWN,DOWN,True,0.848,0.906,0.0664375715922108,PASS,
2025-07-02_510300_RECONSTRUCTED,2025-07-02,510300,沪深300ETF,3,0.6399999999999999,NeoQuasar/Kronos-small,NeoQuasar/Kronos-Tokenizer-base,cuda:0,120,24,1,3.869,3.817395448684693,4.06,-0.0133379697799682,0.0493667614370636,-0.0627047312170319,0.0627047312170319,0.0039318833170002,DOWN,UP,False,3.891,4.112,0.0571207030240372,PASS,
2025-07-02_510050_RECONSTRUCTED,2025-07-02,510050,上证50ETF,4,0.635,NeoQuasar/Kronos-small,NeoQuasar/Kronos-Tokenizer-base,cuda:0,120,24,1,2.736,2.6087820529937744,2.832,-0.0464978218078613,0.0350877192982455,-0.0815855411061068,0.0815855411061068,0.0066562005175762,DOWN,UP,False,2.74,2.863,0.0449561403508771,PASS,
2025-07-02_512880_RECONSTRUCTED,2025-07-02,512880,证券ETF,5,0.635,NeoQuasar/Kronos-small,NeoQuasar/Kronos-Tokenizer-base,cuda:0,120,24,1,1.124,1.0785199403762815,1.205,-0.0404626727104187,0.0720640569395016,-0.1125267296499203,0.1125267296499203,0.0126622648857062,DOWN,UP,False,1.131,1.243,0.099644128113879,PASS,
2025-07-03_512800_RECONSTRUCTED,2025-07-03,512800,银行ETF,1,0.7349999999999999,NeoQuasar/Kronos-small,NeoQuasar/Kronos-Tokenizer-base,cuda:0,120,24,1,0.873,0.7802698016166687,0.87,-0.1062201857566833,-0.0034364261168384,-0.1027837596398448,0.1027837596398448,0.0105645012457014,DOWN,DOWN,True,0.848,0.906,0.0664375715922108,PASS,
2025-07-03_159915_RECONSTRUCTED,2025-07-03,159915,创业板ETF,2,0.6700000000000002,NeoQuasar/Kronos-small,NeoQuasar/Kronos-Tokenizer-base,cuda:0,120,24,1,2.141,1.899752616882324,2.336,-0.1126797795295715,0.0910789350770666,-0.2037587146066382,0.2037587146066382,0.0415176137781494,DOWN,UP,False,2.11,2.383,0.1275105091078935,PASS,
2025-07-03_159949_RECONSTRUCTED,2025-07-03,159949,创业板50ETF,3,0.665,NeoQuasar/Kronos-small,NeoQuasar/Kronos-Tokenizer-base,cuda:0,120,24,1,0.97,0.9042250514030457,1.063,-0.0678092241287231,0.0958762886597937,-0.1636855127885168,0.1636855127885168,0.0267929470968397,DOWN,UP,False,0.956,1.09,0.1381443298969073,PASS,
2025-07-03_512660_RECONSTRUCTED,2025-07-03,512660,军工ETF,4,0.665,NeoQuasar/Kronos-small,NeoQuasar/Kronos-Tokenizer-base,cuda:0,120,24,1,1.124,1.0094863176345823,1.247,-0.1018804907798767,0.1094306049822064,-0.2113110957620831,0.2113110957620831,0.0446523791921722,DOWN,UP,False,1.113,1.247,0.1192170818505339,PASS,
2025-07-03_510300_RECONSTRUCTED,2025-07-03,510300,沪深300ETF,5,0.625,NeoQuasar/Kronos-small,NeoQuasar/Kronos-Tokenizer-base,cuda:0,120,24,1,3.892,3.6617627143859854,4.071,-0.0591565370559692,0.0459917780061664,-0.1051483150621357,0.1051483150621357,0.0110561681604061,DOWN,UP,False,3.891,4.112,0.0567831449126413,PASS,
2025-07-04_512800_RECONSTRUCTED,2025-07-04,512800,银行ETF,1,0.72,NeoQuasar/Kronos-small,NeoQuasar/Kronos-Tokenizer-base,cuda:0,120,24,1,0.889,0.7722134590148926,0.874,-0.1313684582710266,-0.0168728908886389,-0.1144955673823876,0.1144955673823876,0.0131092349502148,DOWN,DOWN,True,0.848,0.906,0.0652418447694038,PASS,
2025-07-04_159949_RECONSTRUCTED,2025-07-04,159949,创业板50ETF,2,0.6849999999999999,NeoQuasar/Kronos-small,NeoQuasar/Kronos-Tokenizer-base,cuda:0,120,24,1,0.968,0.943101704120636,1.054,-0.0257213711738586,0.0888429752066115,-0.1145643463804702,0.1145643463804702,0.0131249894615843,DOWN,UP,False,0.956,1.09,0.1384297520661158,PASS,
2025-07-04_159915_RECONSTRUCTED,2025-07-04,159915,创业板ETF,3,0.6800000000000002,NeoQuasar/Kronos-small,NeoQuasar/Kronos-Tokenizer-base,cuda:0,120,24,1,2.133,2.0054831504821777,2.32,-0.0597828030586242,0.087669948429442,-0.1474527514880663,0.1474527514880663,0.0217423139214014,DOWN,UP,False,2.11,2.383,0.1279887482419128,PASS,
2025-07-04_510300_RECONSTRUCTED,2025-07-04,510300,沪深300ETF,4,0.67,NeoQuasar/Kronos-small,NeoQuasar/Kronos-Tokenizer-base,cuda:0,120,24,1,3.909,3.7267324924468994,4.07,-0.0466276407241821,0.0411870043489384,-0.0878146450731205,0.0878146450731205,0.0077114118893181,DOWN,UP,False,3.891,4.112,0.0565361985162445,PASS,
2025-07-04_512660_RECONSTRUCTED,2025-07-04,512660,军工ETF,5,0.655,NeoQuasar/Kronos-small,NeoQuasar/Kronos-Tokenizer-base,cuda:0,120,24,1,1.116,1.0593277215957642,1.238,-0.0507816672325134,0.1093189964157705,-0.160100663648284,0.160100663648284,0.0256322225006209,DOWN,UP,False,1.113,1.247,0.1200716845878137,PASS,
2025-07-07_512800_RECONSTRUCTED,2025-07-07,512800,银行ETF,1,0.7649999999999999,NeoQuasar/Kronos-small,NeoQuasar/Kronos-Tokenizer-base,cuda:0,120,24,1,0.894,0.7663509249687195,0.87,-0.1427841782569885,-0.0268456375838926,-0.1159385406730958,0.1159385406730958,0.013441745213407,DOWN,DOWN,True,0.848,0.906,0.0648769574944072,PASS,
2025-07-07_159915_RECONSTRUCTED,2025-07-07,159915,创业板ETF,2,0.675,NeoQuasar/Kronos-small,NeoQuasar/Kronos-Tokenizer-base,cuda:0,120,24,1,2.11,2.1991374492645264,2.312,0.0422452688217163,0.0957345971563981,-0.0534893283346817,0.0534893283346817,0.0028611082456953,UP,UP,True,2.159,2.383,0.1061611374407583,PASS,
2025-07-07_159949_RECONSTRUCTED,2025-07-07,159949,创业板50ETF,3,0.67,NeoQuasar/Kronos-small,NeoQuasar/Kronos-Tokenizer-base,cuda:0,120,24,1,0.956,0.9375637173652648,1.052,-0.0192847847938537,0.100418410041841,-0.1197031948356948,0.1197031948356948,0.0143288548538723,DOWN,UP,False,0.979,1.09,0.1161087866108787,PASS,
2025-07-07_510300_RECONSTRUCTED,2025-07-07,510300,沪深300ETF,4,0.655,NeoQuasar/Kronos-small,NeoQuasar/Kronos-Tokenizer-base,cuda:0,120,24,1,3.891,3.7143826484680176,4.06,-0.0453912615776062,0.0434335646363401,-0.0888248262139463,0.0888248262139463,0.0078898497519377,DOWN,UP,False,3.922,4.112,0.0488306347982523,PASS,
2025-07-07_512660_RECONSTRUCTED,2025-07-07,512660,军工ETF,5,0.65,NeoQuasar/Kronos-small,NeoQuasar/Kronos-Tokenizer-base,cuda:0,120,24,1,1.118,1.0104137659072876,1.234,-0.0962309837341308,0.1037567084078709,-0.1999876921420018,0.1999876921420018,0.0399950770082841,DOWN,UP,False,1.113,1.247,0.1198568872987478,PASS,
2025-07-08_512800_RECONSTRUCTED,2025-07-08,512800,银行ETF,1,0.7250000000000001,NeoQuasar/Kronos-small,NeoQuasar/Kronos-Tokenizer-base,cuda:0,120,24,1,0.891,0.7697005271911621,0.863,-0.1361385583877563,-0.0314253647586981,-0.1047131936290581,0.1047131936290581,0.0109648529199966,DOWN,DOWN,True,0.848,0.906,0.0650953984287318,PASS,
2025-07-08_159949_RECONSTRUCTED,2025-07-08,159949,创业板50ETF,2,0.725,NeoQuasar/Kronos-small,NeoQuasar/Kronos-Tokenizer-base,cuda:0,120,24,1,0.979,0.9284180402755736,1.075,-0.0516669154167175,0.0980592441266599,-0.1497261595433774,0.1497261595433774,0.0224179228516089,DOWN,UP,False,0.983,1.09,0.1092951991828397,PASS,
2025-07-08_159915_RECONSTRUCTED,2025-07-08,159915,创业板ETF,3,0.7100000000000002,NeoQuasar/Kronos-small,NeoQuasar/Kronos-Tokenizer-base,cuda:0,120,24,1,2.159,2.008615255355835,2.357,-0.0696547627449035,0.0917091245947199,-0.1613638873396234,0.1613638873396234,0.0260383041373547,DOWN,UP,False,2.163,2.383,0.1018990273274665,PASS,
2025-07-08_512100_RECONSTRUCTED,2025-07-08,512100,中证1000ETF,4,0.61,NeoQuasar/Kronos-small,NeoQuasar/Kronos-Tokenizer-base,cuda:0,120,24,1,2.545,2.4936423301696777,2.762,-0.0201798677444458,0.0852652259332023,-0.1054450936776481,0.1054450936776481,0.0111186677806879,DOWN,UP,False,2.537,2.762,0.0884086444007858,PASS,
2025-07-08_512880_RECONSTRUCTED,2025-07-08,512880,证券ETF,5,0.6000000000000001,NeoQuasar/Kronos-small,NeoQuasar/Kronos-Tokenizer-base,cuda:0,120,24,1,1.146,1.0989052057266235,1.215,-0.041094958782196,0.0602094240837698,-0.1013043828659658,0.1013043828659658,0.0102625779878542,DOWN,UP,False,1.141,1.243,0.0890052356020943,PASS,
2025-07-09_512800_RECONSTRUCTED,2025-07-09,512800,银行ETF,1,0.76,NeoQuasar/Kronos-small,NeoQuasar/Kronos-Tokenizer-base,cuda:0,120,24,1,0.895,0.7645094990730286,0.865,-0.1457993984222412,-0.0335195530726257,-0.1122798453496154,0.1122798453496154,0.0126067636717335,DOWN,DOWN,True,0.848,0.906,0.064804469273743,PASS,
2025-07-09_159915_RECONSTRUCTED,2025-07-09,159915,创业板ETF,2,0.7100000000000002,NeoQuasar/Kronos-small,NeoQuasar/Kronos-Tokenizer-base,cuda:0,120,24,1,2.163,2.045308828353882,2.385,-0.0544111132621765,0.102635228848821,-0.1570463421109975,0.1570463421109975,0.0246635535704444,DOWN,UP,False,2.169,2.385,0.0998613037447987,PASS,
2025-07-09_159949_RECONSTRUCTED,2025-07-09,159949,创业板50ETF,3,0.6900000000000001,NeoQuasar/Kronos-small,NeoQuasar/Kronos-Tokenizer-base,cuda:0,120,24,1,0.983,0.8679431676864624,1.09,-0.1170465946197509,0.1088504577822992,-0.2258970524020502,0.2258970524020502,0.0510294782839346,DOWN,UP,False,0.987,1.09,0.1047812817904375,PASS,
2025-07-09_510300_RECONSTRUCTED,2025-07-09,510300,沪深300ETF,4,0.635,NeoQuasar/Kronos-small,NeoQuasar/Kronos-Tokenizer-base,cuda:0,120,24,1,3.922,3.734266519546509,4.105,-0.0478667616844177,0.0466598674145843,-0.0945266290990021,0.0945266290990021,0.0089352836088203,DOWN,UP,False,3.942,4.112,0.0433452320244772,PASS,
2025-07-09_512100_RECONSTRUCTED,2025-07-09,512100,中证1000ETF,5,0.635,NeoQuasar/Kronos-small,NeoQuasar/Kronos-Tokenizer-base,cuda:0,120,24,1,2.537,2.439922332763672,2.772,-0.0382647514343261,0.0926290894757586,-0.1308938409100848,0.1308938409100848,0.0171331975881945,DOWN,UP,False,2.542,2.772,0.0906582577847851,PASS,
2025-07-10_512800_RECONSTRUCTED,2025-07-10,512800,银行ETF,1,0.7549999999999999,NeoQuasar/Kronos-small,NeoQuasar/Kronos-Tokenizer-base,cuda:0,120,24,1,0.906,0.7905802726745605,0.857,-0.1273948550224304,-0.054083885209713,-0.0733109698127173,0.0733109698127173,0.0053744982948811,DOWN,DOWN,True,0.848,0.895,0.0518763796909492,PASS,
2025-07-10_159915_RECONSTRUCTED,2025-07-10,159915,创业板ETF,2,0.7100000000000002,NeoQuasar/Kronos-small,NeoQuasar/Kronos-Tokenizer-base,cuda:0,120,24,1,2.169,1.9108977317810056,2.473,-0.1189959645271301,0.140156754264638,-0.2591527187917681,0.2591527187917681,0.0671601316571652,DOWN,UP,False,2.177,2.473,0.1364684186260948,PASS,
2025-07-10_159949_RECONSTRUCTED,2025-07-10,159949,创业板50ETF,3,0.6900000000000001,NeoQuasar/Kronos-small,NeoQuasar/Kronos-Tokenizer-base,cuda:0,120,24,1,0.987,0.9382447004318236,1.133,-0.0493974685668945,0.1479229989868287,-0.1973204675537232,0.1973204675537232,0.0389353669156199,DOWN,UP,False,0.989,1.133,0.1458966565349544,PASS,
2025-07-10_510300_RECONSTRUCTED,2025-07-10,510300,沪深300ETF,4,0.685,NeoQuasar/Kronos-small,NeoQuasar/Kronos-Tokenizer-base,cuda:0,120,24,1,3.942,3.749166488647461,4.14,-0.0489176511764526,0.0502283105022829,-0.0991459616787355,0.0991459616787355,0.0098299217172013,DOWN,UP,False,3.946,4.14,0.0492135971588025,PASS,
2025-07-10_512880_RECONSTRUCTED,2025-07-10,512880,证券ETF,5,0.6300000000000001,NeoQuasar/Kronos-small,NeoQuasar/Kronos-Tokenizer-base,cuda:0,120,24,1,1.155,1.1092132329940796,1.242,-0.0396422147750854,0.0753246753246752,-0.1149668900997606,0.1149668900997606,0.0132173858192104,DOWN,UP,False,1.16,1.243,0.071861471861472,PASS,
2025-07-11_159915_RECONSTRUCTED,2025-07-11,159915,创业板ETF,1,0.7200000000000002,NeoQuasar/Kronos-small,NeoQuasar/Kronos-Tokenizer-base,cuda:0,120,24,1,2.185,1.966653108596801,2.446,-0.099929928779602,0.1194508009153318,-0.2193807296949339,0.2193807296949339,0.0481279045614816,DOWN,UP,False,2.177,2.473,0.1354691075514873,PASS,
2025-07-11_512880_RECONSTRUCTED,2025-07-11,512880,证券ETF,2,0.7200000000000001,NeoQuasar/Kronos-small,NeoQuasar/Kronos-Tokenizer-base,cuda:0,120,24,1,1.181,1.0685616731643677,1.241,-0.0952060222625732,0.0508044030482641,-0.1460104253108374,0.1460104253108374,0.0213190442994516,DOWN,UP,False,1.16,1.243,0.0702794242167656,PASS,
2025-07-11_159949_RECONSTRUCTED,2025-07-11,159949,创业板50ETF,3,0.705,NeoQuasar/Kronos-small,NeoQuasar/Kronos-Tokenizer-base,cuda:0,120,24,1,0.993,0.8563077449798584,1.126,-0.1376557946205139,0.1339375629405839,-0.2715933575610978,0.2715933575610978,0.0737629518713103,DOWN,UP,False,0.989,1.133,0.1450151057401812,PASS,
2025-07-11_512800_RECONSTRUCTED,2025-07-11,512800,银行ETF,4,0.675,NeoQuasar/Kronos-small,NeoQuasar/Kronos-Tokenizer-base,cuda:0,120,24,1,0.888,0.7628072500228882,0.856,-0.1409828662872314,-0.0360360360360361,-0.1049468302511953,0.1049468302511953,0.0110138371797732,DOWN,DOWN,True,0.848,0.895,0.0529279279279279,PASS,
2025-07-11_510300_RECONSTRUCTED,2025-07-11,510300,沪深300ETF,5,0.625,NeoQuasar/Kronos-small,NeoQuasar/Kronos-Tokenizer-base,cuda:0,120,24,1,3.956,3.7842297554016113,4.133,-0.0434201955795288,0.0447421638018199,-0.0881623593813487,0.0881623593813487,0.007772601611686,DOWN,UP,False,3.946,4.14,0.0490394337714862,PASS,
2025-07-14_159949_RECONSTRUCTED,2025-07-14,159949,创业板50ETF,1,0.725,NeoQuasar/Kronos-small,NeoQuasar/Kronos-Tokenizer-base,cuda:0,120,24,1,0.989,0.9556244015693665,1.157,-0.0337468385696411,0.1698685540950455,-0.2036153926646866,0.2036153926646866,0.0414592281299945,DOWN,UP,False,1.006,1.157,0.1526794742163802,PASS,
2025-07-14_512800_RECONSTRUCTED,2025-07-14,512800,银行ETF,2,0.72,NeoQuasar/Kronos-small,NeoQuasar/Kronos-Tokenizer-base,cuda:0,120,24,1,0.895,0.8013321757316589,0.844,-0.1046567559242248,-0.0569832402234636,-0.0476735157007611,0.0476735157007611,0.0022727640992707,DOWN,DOWN,True,0.844,0.886,0.046927374301676,PASS,
2025-07-14_159915_RECONSTRUCTED,2025-07-14,159915,创业板ETF,3,0.685,NeoQuasar/Kronos-small,NeoQuasar/Kronos-Tokenizer-base,cuda:0,120,24,1,2.177,1.9523718357086184,2.509,-0.1031824350357055,0.1525034451079465,-0.2556858801436521,0.2556858801436521,0.065375269304834,DOWN,UP,False,2.206,2.509,0.1391823610473128,PASS,
2025-07-14_512880_RECONSTRUCTED,2025-07-14,512880,证券ETF,4,0.6800000000000002,NeoQuasar/Kronos-small,NeoQuasar/Kronos-Tokenizer-base,cuda:0,120,24,1,1.17,1.0302525758743286,1.3,-0.1194422245025634,0.1111111111111111,-0.2305533356136746,0.2305533356136746,0.0531548405625916,DOWN,UP,False,1.16,1.3,0.1196581196581197,PASS,
2025-07-14_512100_RECONSTRUCTED,2025-07-14,512100,中证1000ETF,5,0.61,NeoQuasar/Kronos-small,NeoQuasar/Kronos-Tokenizer-base,cuda:0,120,24,1,2.566,2.465482711791992,2.84,-0.0391727685928344,0.1067809820732657,-0.1459537506661001,0.1459537506661001,0.0213024973335021,DOWN,UP,False,2.557,2.84,0.1102883865939204,PASS,
2025-07-15_159915_RECONSTRUCTED,2025-07-15,159915,创业板ETF,1,0.7450000000000001,NeoQuasar/Kronos-small,NeoQuasar/Kronos-Tokenizer-base,cuda:0,120,24,1,2.212,1.9690794944763184,2.582,-0.1098193526268005,0.1672694394213381,-0.2770887920481386,0.2770887920481386,0.0767781986786966,DOWN,UP,False,2.206,2.582,0.1699819168173598,PASS,
2025-07-15_159949_RECONSTRUCTED,2025-07-15,159949,创业板50ETF,2,0.72,NeoQuasar/Kronos-small,NeoQuasar/Kronos-Tokenizer-base,cuda:0,120,24,1,1.01,0.8909320831298828,1.189,-0.1178890466690063,0.1772277227722771,-0.2951167694412835,0.2951167694412835,0.0870939076054597,DOWN,UP,False,1.006,1.189,0.1811881188118812,PASS,
2025-07-15_512800_RECONSTRUCTED,2025-07-15,512800,银行ETF,3,0.665,NeoQuasar/Kronos-small,NeoQuasar/Kronos-Tokenizer-base,cuda:0,120,24,1,0.886,0.7909807562828064,0.846,-0.1072451472282409,-0.0451467268623024,-0.0620984203659384,0.0620984203659384,0.0038562138119448,DOWN,DOWN,True,0.844,0.883,0.0440180586907449,PASS,
2025-07-15_512880_RECONSTRUCTED,2025-07-15,512880,证券ETF,4,0.6300000000000001,NeoQuasar/Kronos-small,NeoQuasar/Kronos-Tokenizer-base,cuda:0,120,24,1,1.164,1.04808247089386,1.317,-0.0995855331420898,0.1314432989690721,-0.2310288321111619,0.2310288321111619,0.0533743212666474,DOWN,UP,False,1.16,1.317,0.1348797250859106,PASS,
2025-07-15_159992_RECONSTRUCTED,2025-07-15,159992,创新药ETF,5,0.595,NeoQuasar/Kronos-small,NeoQuasar/Kronos-Tokenizer-base,cuda:0,120,24,1,0.842,0.7195109724998474,0.943,-0.1454738974571228,0.1199524940617577,-0.2654263915188806,0.2654263915188806,0.070451169314734,DOWN,UP,False,0.85,0.943,0.1104513064133016,PASS,
2025-07-16_159915_RECONSTRUCTED,2025-07-16,159915,创业板ETF,1,0.7450000000000001,NeoQuasar/Kronos-small,NeoQuasar/Kronos-Tokenizer-base,cuda:0,120,24,1,2.206,1.9960099458694456,2.575,-0.0951904654502868,0.1672710788757934,-0.2624615443260802,0.2624615443260802,0.068886062250031,DOWN,UP,False,2.247,2.582,0.1518585675430643,PASS,
2025-07-16_159949_RECONSTRUCTED,2025-07-16,159949,创业板50ETF,2,0.72,NeoQuasar/Kronos-small,NeoQuasar/Kronos-Tokenizer-base,cuda:0,120,24,1,1.006,0.9366910457611084,1.19,-0.0688956379890441,0.1829025844930416,-0.2517982224820858,0.2517982224820858,0.063402344845138,DOWN,UP,False,1.026,1.19,0.1630218687872762,PASS,
2025-07-16_512880_RECONSTRUCTED,2025-07-16,512880,证券ETF,3,0.6500000000000001,NeoQuasar/Kronos-small,NeoQuasar/Kronos-Tokenizer-base,cuda:0,120,24,1,1.16,1.0766907930374146,1.291,-0.0718182325363159,0.1129310344827585,-0.1847492670190744,0.1847492670190744,0.0341322916640852,DOWN,UP,False,1.166,1.317,0.1301724137931035,PASS,
2025-07-16_512100_RECONSTRUCTED,2025-07-16,512100,中证1000ETF,4,0.63,NeoQuasar/Kronos-small,NeoQuasar/Kronos-Tokenizer-base,cuda:0,120,24,1,2.568,2.483017444610596,2.884,-0.0330929160118103,0.1230529595015574,-0.1561458755133677,0.1561458755133677,0.0243815344398361,DOWN,UP,False,2.599,2.884,0.1109813084112148,PASS,
2025-07-16_159992_RECONSTRUCTED,2025-07-16,159992,创新药ETF,5,0.615,NeoQuasar/Kronos-small,NeoQuasar/Kronos-Tokenizer-base,cuda:0,120,24,1,0.85,0.7455512881278992,0.928,-0.1228808760643005,0.0917647058823529,-0.2146455819466535,0.2146455819466535,0.0460727258492175,DOWN,UP,False,0.87,0.943,0.0858823529411764,PASS,
2025-07-17_159915_RECONSTRUCTED,2025-07-17,159915,创业板ETF,1,0.7250000000000002,NeoQuasar/Kronos-small,NeoQuasar/Kronos-Tokenizer-base,cuda:0,120,24,1,2.247,2.0760018825531006,2.588,-0.0761006474494934,0.151757899421451,-0.2278585468709444,0.2278585468709444,0.0519195173821383,DOWN,UP,False,2.252,2.588,0.1495327102803739,PASS,
2025-07-17_159949_RECONSTRUCTED,2025-07-17,159949,创业板50ETF,2,0.72,NeoQuasar/Kronos-small,NeoQuasar/Kronos-Tokenizer-base,cuda:0,120,24,1,1.026,0.9066459536552428,1.195,-0.1163294911384582,0.1647173489278752,-0.2810468400663335,0.2810468400663335,0.0789873263112712,DOWN,UP,False,1.03,1.195,0.1608187134502924,PASS,
2025-07-17_159992_RECONSTRUCTED,2025-07-17,159992,创新药ETF,3,0.635,NeoQuasar/Kronos-small,NeoQuasar/Kronos-Tokenizer-base,cuda:0,120,24,1,0.87,0.680899977684021,0.93,-0.2173563241958618,0.0689655172413794,-0.2863218414372412,0.2863218414372412,0.0819801968840127,DOWN,UP,False,0.871,0.943,0.0827586206896551,PASS,
2025-07-17_512880_RECONSTRUCTED,2025-07-17,512880,证券ETF,4,0.6200000000000001,NeoQuasar/Kronos-small,NeoQuasar/Kronos-Tokenizer-base,cuda:0,120,24,1,1.166,1.0697171688079834,1.303,-0.0825753211975097,0.1174957118353345,-0.2000710330328443,0.2000710330328443,0.0400284182588294,DOWN,UP,False,1.171,1.317,0.1252144082332761,PASS,
2025-07-17_512100_RECONSTRUCTED,2025-07-17,512100,中证1000ETF,5,0.61,NeoQuasar/Kronos-small,NeoQuasar/Kronos-Tokenizer-base,cuda:0,120,24,1,2.599,2.35810661315918,2.917,-0.0926869511604309,0.1223547518276257,-0.2150417029880567,0.2150417029880567,0.0462429340240035,DOWN,UP,False,2.605,2.917,0.1200461716044631,PASS,
2025-07-18_159915_RECONSTRUCTED,2025-07-18,159915,创业板ETF,1,0.7250000000000002,NeoQuasar/Kronos-small,NeoQuasar/Kronos-Tokenizer-base,cuda:0,120,24,1,2.252,2.0461909770965576,2.572,-0.0913894772529602,0.1420959147424512,-0.2334853919954114,0.2334853919954114,0.0545154282752509,DOWN,UP,False,2.275,2.588,0.1389875666074601,PASS,
2025-07-18_159949_RECONSTRUCTED,2025-07-18,159949,创业板50ETF,2,0.7050000000000001,NeoQuasar/Kronos-small,NeoQuasar/Kronos-Tokenizer-base,cuda:0,120,24,1,1.03,0.8812028169631958,1.186,-0.1444632411003112,0.1514563106796116,-0.2959195517799229,0.2959195517799229,0.0875683811256304,DOWN,UP,False,1.038,1.195,0.1524271844660194,PASS,
2025-07-18_159992_RECONSTRUCTED,2025-07-18,159992,创新药ETF,3,0.6499999999999999,NeoQuasar/Kronos-small,NeoQuasar/Kronos-Tokenizer-base,cuda:0,120,24,1,0.879,0.732132077217102,0.933,-0.1670852303504943,0.0614334470989761,-0.2285186774494705,0.2285186774494705,0.0522207859432551,DOWN,UP,False,0.871,0.943,0.0819112627986347,PASS,
2025-07-18_512880_RECONSTRUCTED,2025-07-18,512880,证券ETF,4,0.6150000000000001,NeoQuasar/Kronos-small,NeoQuasar/Kronos-Tokenizer-base,cuda:0,120,24,1,1.171,1.0376081466674805,1.293,-0.1139127612113952,0.1041844577284372,-0.2180972189398324,0.2180972189398324,0.0475663969092892,DOWN,UP,False,1.187,1.317,0.1110162254483346,PASS,
2025-07-18_512100_RECONSTRUCTED,2025-07-18,512100,中证1000ETF,5,0.59,NeoQuasar/Kronos-small,NeoQuasar/Kronos-Tokenizer-base,cuda:0,120,24,1,2.605,2.3743162155151367,2.89,-0.0885542631149292,0.1094049904030711,-0.1979592535180003,0.1979592535180003,0.0391878660534039,DOWN,UP,False,2.627,2.917,0.1113243761996161,PASS,
2025-07-21_159915_RECONSTRUCTED,2025-07-21,159915,创业板ETF,1,0.7650000000000001,NeoQuasar/Kronos-small,NeoQuasar/Kronos-Tokenizer-base,cuda:0,120,24,1,2.275,1.9873342514038088,2.662,-0.1264465451240539,0.17010989010989,-0.296556435233944,0.296556435233944,0.0879457192786644,DOWN,UP,False,2.287,2.662,0.1648351648351648,PASS,
2025-07-21_159949_RECONSTRUCTED,2025-07-21,159949,创业板50ETF,2,0.73,NeoQuasar/Kronos-small,NeoQuasar/Kronos-Tokenizer-base,cuda:0,120,24,1,1.038,0.8491000533103943,1.232,-0.181984543800354,0.1868978805394989,-0.3688824243398529,0.3688824243398529,0.1360742429868473,DOWN,UP,False,1.043,1.232,0.1820809248554913,PASS,
2025-07-21_512880_RECONSTRUCTED,2025-07-21,512880,证券ETF,3,0.6300000000000001,NeoQuasar/Kronos-small,NeoQuasar/Kronos-Tokenizer-base,cuda:0,120,24,1,1.187,1.0974222421646118,1.338,-0.0754656791687011,0.1272114574557707,-0.2026771366244719,0.2026771366244719,0.0410780217102948,DOWN,UP,False,1.189,1.338,0.1255265374894692,PASS,
2025-07-21_512100_RECONSTRUCTED,2025-07-21,512100,中证1000ETF,4,0.605,NeoQuasar/Kronos-small,NeoQuasar/Kronos-Tokenizer-base,cuda:0,120,24,1,2.627,2.502500057220459,2.941,-0.0473924875259399,0.1195279786829082,-0.1669204662088481,0.1669204662088481,0.0278624420393792,DOWN,UP,False,2.633,2.941,0.1172440045679481,PASS,
2025-07-21_512660_RECONSTRUCTED,2025-07-21,512660,军工ETF,5,0.6,NeoQuasar/Kronos-small,NeoQuasar/Kronos-Tokenizer-base,cuda:0,120,24,1,1.168,1.0510077476501465,1.279,-0.1001645922660827,0.0950342465753424,-0.1951988388414252,0.1951988388414252,0.0381025866850406,DOWN,UP,False,1.153,1.279,0.107876712328767,PASS,
2025-07-22_159915_RECONSTRUCTED,2025-07-22,159915,创业板ETF,1,0.7550000000000001,NeoQuasar/Kronos-small,NeoQuasar/Kronos-Tokenizer-base,cuda:0,120,24,1,2.289,2.0193963050842285,2.737,-0.1177822947502136,0.1957186544342506,-0.3135009491844642,0.3135009491844642,0.09828284513956,DOWN,UP,False,2.287,2.737,0.1965923984272608,PASS,
2025-07-22_159949_RECONSTRUCTED,2025-07-22,159949,创业板50ETF,2,0.72,NeoQuasar/Kronos-small,NeoQuasar/Kronos-Tokenizer-base,cuda:0,120,24,1,1.043,0.869477391242981,1.266,-0.1663687229156494,0.2138063279002877,-0.3801750508159371,0.3801750508159371,0.1445330692629004,DOWN,UP,False,1.043,1.266,0.2138063279002877,PASS,
2025-07-22_512660_RECONSTRUCTED,2025-07-22,512660,军工ETF,3,0.62,NeoQuasar/Kronos-small,NeoQuasar/Kronos-Tokenizer-base,cuda:0,120,24,1,1.168,1.0684574842453003,1.304,-0.0852247476577758,0.1164383561643835,-0.2016631038221594,0.2016631038221594,0.040668007443187,DOWN,UP,False,1.153,1.304,0.1292808219178082,PASS,
2025-07-22_510500_RECONSTRUCTED,2025-07-22,510500,中证500ETF,4,0.6150000000000001,NeoQuasar/Kronos-small,NeoQuasar/Kronos-Tokenizer-base,cuda:0,120,24,1,6.23,5.7039971351623535,6.975,-0.0844306349754333,0.1195826645264845,-0.2040132995019179,0.2040132995019179,0.0416214263736592,DOWN,UP,False,6.208,6.975,0.1231139646869983,PASS,
2025-07-22_512880_RECONSTRUCTED,2025-07-22,512880,证券ETF,5,0.6100000000000001,NeoQuasar/Kronos-small,NeoQuasar/Kronos-Tokenizer-base,cuda:0,120,24,1,1.189,1.0750776529312134,1.352,-0.0958135724067688,0.1370899915895711,-0.2329035639963399,0.2329035639963399,0.0542440701221972,DOWN,UP,False,1.191,1.352,0.1354079058031959,PASS,
2025-07-23_159915_RECONSTRUCTED,2025-07-23,159915,创业板ETF,1,0.7450000000000001,NeoQuasar/Kronos-small,NeoQuasar/Kronos-Tokenizer-base,cuda:0,120,24,1,2.287,2.071368455886841,2.716,-0.0942857265472412,0.1875819851333626,-0.2818677116806038,0.2818677116806038,0.07944940688806,DOWN,UP,False,2.301,2.737,0.1906427634455618,PASS,
2025-07-23_159949_RECONSTRUCTED,2025-07-23,159949,创业板50ETF,2,0.705,NeoQuasar/Kronos-small,NeoQuasar/Kronos-Tokenizer-base,cuda:0,120,24,1,1.043,0.8987679481506348,1.258,-0.138285756111145,0.2061361457334611,-0.3444219018446062,0.3444219018446062,0.1186264464702555,DOWN,UP,False,1.047,1.266,0.2099712368168745,PASS,
2025-07-23_512100_RECONSTRUCTED,2025-07-23,512100,中证1000ETF,3,0.635,NeoQuasar/Kronos-small,NeoQuasar/Kronos-Tokenizer-base,cuda:0,120,24,1,2.633,2.417224168777466,2.98,-0.0819505453109741,0.131788834029624,-0.2137393793405981,0.2137393793405981,0.0456845222809041,DOWN,UP,False,2.652,2.98,0.1245727307254082,PASS,
2025-07-23_159992_RECONSTRUCTED,2025-07-23,159992,创新药ETF,4,0.6250000000000001,NeoQuasar/Kronos-small,NeoQuasar/Kronos-Tokenizer-base,cuda:0,120,24,1,0.871,0.7129426598548889,0.954,-0.181466519832611,0.095292766934558,-0.2767592867671691,0.2767592867671691,0.0765957028118721,DOWN,UP,False,0.889,0.968,0.0907003444316876,PASS,
2025-07-23_510500_RECONSTRUCTED,2025-07-23,510500,中证500ETF,5,0.6250000000000001,NeoQuasar/Kronos-small,NeoQuasar/Kronos-Tokenizer-base,cuda:0,120,24,1,6.208,5.703155517578125,6.986,-0.0813215970993042,0.1253221649484535,-0.2066437620477577,0.2066437620477577,0.0427016443932503,DOWN,UP,False,6.225,6.986,0.1225837628865979,PASS,
2025-07-24_159915_RECONSTRUCTED,2025-07-24,159915,创业板ETF,1,0.7350000000000001,NeoQuasar/Kronos-small,NeoQuasar/Kronos-Tokenizer-base,cuda:0,120,24,1,2.325,1.9560389518737795,2.696,-0.1586929559707641,0.1595698924731183,-0.3182628484438825,0.3182628484438825,0.1012912406996137,DOWN,UP,False,2.301,2.737,0.18752688172043,PASS,
2025-07-24_159949_RECONSTRUCTED,2025-07-24,159949,创业板50ETF,2,0.6900000000000001,NeoQuasar/Kronos-small,NeoQuasar/Kronos-Tokenizer-base,cuda:0,120,24,1,1.058,0.8868368268013,1.25,-0.1617799401283264,0.1814744801512287,-0.3432544202795551,0.3432544202795551,0.1178235970414534,DOWN,UP,False,1.047,1.266,0.2069943289224953,PASS,
2025-07-24_512880_RECONSTRUCTED,2025-07-24,512880,证券ETF,3,0.6750000000000002,NeoQuasar/Kronos-small,NeoQuasar/Kronos-Tokenizer-base,cuda:0,120,24,1,1.232,1.0766997337341309,1.3,-0.1260554194450378,0.0551948051948052,-0.181250224639843,0.181250224639843,0.0328516439319935,DOWN,UP,False,1.191,1.352,0.1306818181818182,PASS,
2025-07-24_159992_RECONSTRUCTED,2025-07-24,159992,创新药ETF,4,0.655,NeoQuasar/Kronos-small,NeoQuasar/Kronos-Tokenizer-base,cuda:0,120,24,1,0.895,0.7382997274398804,0.928,-0.175084114074707,0.0368715083798882,-0.2119556224545953,0.2119556224545953,0.0449251858901149,DOWN,UP,False,0.889,0.968,0.0882681564245809,PASS,
2025-07-24_512100_RECONSTRUCTED,2025-07-24,512100,中证1000ETF,5,0.6149999999999999,NeoQuasar/Kronos-small,NeoQuasar/Kronos-Tokenizer-base,cuda:0,120,24,1,2.669,2.4759609699249268,2.927,-0.0723263025283813,0.0966654177594605,-0.1689917202878419,0.1689917202878419,0.0285582015258442,DOWN,UP,False,2.652,2.98,0.1228924690895465,PASS,
2025-07-25_159915_RECONSTRUCTED,2025-07-25,159915,创业板ETF,1,0.7300000000000002,NeoQuasar/Kronos-small,NeoQuasar/Kronos-Tokenizer-base,cuda:0,120,24,1,2.318,2.042343616485596,2.806,-0.1189199686050415,0.2105263157894736,-0.3294462843945152,0.3294462843945152,0.1085348543013517,DOWN,UP,False,2.301,2.806,0.21786022433132,PASS,
2025-07-25_159949_RECONSTRUCTED,2025-07-25,159949,创业板50ETF,2,0.7,NeoQuasar/Kronos-small,NeoQuasar/Kronos-Tokenizer-base,cuda:0,120,24,1,1.055,0.923632264137268,1.309,-0.1245191097259521,0.2407582938388626,-0.3652774035648147,0.3652774035648147,0.1334275815550525,DOWN,UP,False,1.047,1.309,0.2483412322274882,PASS,
2025-07-25_512880_RECONSTRUCTED,2025-07-25,512880,证券ETF,3,0.6800000000000002,NeoQuasar/Kronos-small,NeoQuasar/Kronos-Tokenizer-base,cuda:0,120,24,1,1.227,1.06419038772583,1.326,-0.1326891779899597,0.0806845965770171,-0.2133737745669768,0.2133737745669768,0.045528367672959,DOWN,UP,False,1.191,1.352,0.1312143439282803,PASS,
2025-07-25_159992_RECONSTRUCTED,2025-07-25,159992,创新药ETF,4,0.6400000000000001,NeoQuasar/Kronos-small,NeoQuasar/Kronos-Tokenizer-base,cuda:0,120,24,1,0.889,0.7238070964813232,0.927,-0.1858187913894653,0.0427446569178853,-0.2285634483073506,0.2285634483073506,0.0522412499021469,DOWN,UP,False,0.902,0.968,0.0742407199100111,PASS,
2025-07-25_510500_RECONSTRUCTED,2025-07-25,510500,中证500ETF,5,0.6,NeoQuasar/Kronos-small,NeoQuasar/Kronos-Tokenizer-base,cuda:0,120,24,1,6.303,5.676822662353516,7.042,-0.0993459224700927,0.1172457559892115,-0.2165916784593042,0.2165916784593042,0.0469119551778186,DOWN,UP,False,6.225,7.042,0.1296208154846898,PASS,
2025-07-28_159915_RECONSTRUCTED,2025-07-28,159915,创业板ETF,1,0.7150000000000001,NeoQuasar/Kronos-small,NeoQuasar/Kronos-Tokenizer-base,cuda:0,120,24,1,2.342,2.045964241027832,2.865,-0.1264029741287231,0.2233134073441502,-0.3497163814728734,0.3497163814728734,0.1223015474704803,DOWN,UP,False,2.301,2.865,0.2408198121263877,PASS,
2025-07-28_159949_RECONSTRUCTED,2025-07-28,159949,创业板50ETF,2,0.675,NeoQuasar/Kronos-small,NeoQuasar/Kronos-Tokenizer-base,cuda:0,120,24,1,1.069,0.8921550512313843,1.342,-0.1654302477836609,0.2553788587464922,-0.4208091065301531,0.4208091065301531,0.1770803041387057,DOWN,UP,False,1.047,1.342,0.2759588400374183,PASS,
2025-07-28_512880_RECONSTRUCTED,2025-07-28,512880,证券ETF,3,0.6600000000000001,NeoQuasar/Kronos-small,NeoQuasar/Kronos-Tokenizer-base,cuda:0,120,24,1,1.238,1.0962172746658323,1.328,-0.1145256757736206,0.0726978998384491,-0.1872235756120697,0.1872235756120697,0.0350526672649683,DOWN,UP,False,1.191,1.352,0.130048465266559,PASS,
2025-07-28_159992_RECONSTRUCTED,2025-07-28,159992,创新药ETF,4,0.6350000000000001,NeoQuasar/Kronos-small,NeoQuasar/Kronos-Tokenizer-base,cuda:0,120,24,1,0.912,0.7519834637641907,0.953,-0.175456702709198,0.0449561403508771,-0.2204128430600751,0.2204128430600751,0.0485818213858253,DOWN,UP,False,0.902,0.968,0.0723684210526315,PASS,
2025-07-28_512010_RECONSTRUCTED,2025-07-28,512010,医药ETF,5,0.6249999999999999,NeoQuasar/Kronos-small,NeoQuasar/Kronos-Tokenizer-base,cuda:0,120,24,1,0.41,0.3637207746505737,0.431,-0.1128761768341064,0.051219512195122,-0.1640956890292284,0.1640956890292284,0.0269273951579772,DOWN,UP,False,0.406,0.434,0.0682926829268292,PASS,
2025-07-29_159915_RECONSTRUCTED,2025-07-29,159915,创业板ETF,1,0.7000000000000002,NeoQuasar/Kronos-small,NeoQuasar/Kronos-Tokenizer-base,cuda:0,120,24,1,2.383,2.009835720062256,2.927,-0.1565942764282226,0.2282836760386069,-0.3848779524668295,0.3848779524668295,0.1481310382950591,DOWN,UP,False,2.301,2.927,0.2626940830885438,PASS,
2025-07-29_512880_RECONSTRUCTED,2025-07-29,512880,证券ETF,2,0.6800000000000002,NeoQuasar/Kronos-small,NeoQuasar/Kronos-Tokenizer-base,cuda:0,120,24,1,1.243,1.0886024236679075,1.314,-0.124213695526123,0.0571198712791631,-0.1813335668052862,0.1813335668052862,0.0328818624503272,DOWN,UP,False,1.191,1.352,0.1295253419147224,PASS,
2025-07-29_159949_RECONSTRUCTED,2025-07-29,159949,创业板50ETF,3,0.66,NeoQuasar/Kronos-small,NeoQuasar/Kronos-Tokenizer-base,cuda:0,120,24,1,1.09,0.8851691484451294,1.374,-0.1879182457923889,0.2605504587155962,-0.4484687045079851,0.4484687045079851,0.2011241789230705,DOWN,UP,False,1.047,1.374,0.3000000000000001,PASS,
2025-07-29_159992_RECONSTRUCTED,2025-07-29,159992,创新药ETF,4,0.65,NeoQuasar/Kronos-small,NeoQuasar/Kronos-Tokenizer-base,cuda:0,120,24,1,0.939,0.7620558142662048,0.999,-0.1884389519691467,0.0638977635782749,-0.2523367155474216,0.2523367155474216,0.0636738180132603,DOWN,UP,False,0.902,0.999,0.1033013844515441,PASS,
2025-07-29_512010_RECONSTRUCTED,2025-07-29,512010,医药ETF,5,0.5999999999999999,NeoQuasar/Kronos-small,NeoQuasar/Kronos-Tokenizer-base,cuda:0,120,24,1,0.421,0.3555724024772644,0.446,-0.1554099917411804,0.0593824228028503,-0.2147924145440307,0.2147924145440307,0.0461357813456547,DOWN,UP,False,0.406,0.446,0.0950118764845605,PASS,
2025-07-30_159915_RECONSTRUCTED,2025-07-30,159915,创业板ETF,1,0.7050000000000002,NeoQuasar/Kronos-small,NeoQuasar/Kronos-Tokenizer-base,cuda:0,120,24,1,2.345,2.078683853149414,2.848,-0.1135676503181457,0.2144989339019187,-0.3280665842200645,0.3280665842200645,0.1076276836818206,DOWN,UP,False,2.301,2.927,0.2669509594882728,PASS,
2025-07-30_159949_RECONSTRUCTED,2025-07-30,159949,创业板50ETF,2,0.675,NeoQuasar/Kronos-small,NeoQuasar/Kronos-Tokenizer-base,cuda:0,120,24,1,1.074,0.9182848930358888,1.336,-0.1449861526489257,0.2439478584729981,-0.3889340111219239,0.3889340111219239,0.1512696650073888,DOWN,UP,False,1.047,1.374,0.3044692737430169,PASS,
2025-07-30_159992_RECONSTRUCTED,2025-07-30,159992,创新药ETF,3,0.65,NeoQuasar/Kronos-small,NeoQuasar/Kronos-Tokenizer-base,cuda:0,120,24,1,0.933,0.7469634413719177,0.998,-0.1993961334228515,0.0696677384780277,-0.2690638719008793,0.2690638719008793,0.0723953671622927,DOWN,UP,False,0.902,0.999,0.1039657020364415,PASS,
2025-07-30_512880_RECONSTRUCTED,2025-07-30,512880,证券ETF,4,0.6400000000000001,NeoQuasar/Kronos-small,NeoQuasar/Kronos-Tokenizer-base,cuda:0,120,24,1,1.225,1.1184215545654297,1.296,-0.0870028138160705,0.0579591836734694,-0.1449619974895399,0.1449619974895399,0.0210139807161573,DOWN,UP,False,1.191,1.352,0.1314285714285714,PASS,
2025-07-30_512010_RECONSTRUCTED,2025-07-30,512010,医药ETF,5,0.635,NeoQuasar/Kronos-small,NeoQuasar/Kronos-Tokenizer-base,cuda:0,120,24,1,0.424,0.3572005033493042,0.448,-0.1575459837913513,0.0566037735849056,-0.2141497573762569,0.2141497573762569,0.0458601185843097,DOWN,UP,False,0.406,0.448,0.0990566037735848,PASS,
2025-07-31_159915_RECONSTRUCTED,2025-07-31,159915,创业板ETF,1,0.7100000000000002,NeoQuasar/Kronos-small,NeoQuasar/Kronos-Tokenizer-base,cuda:0,120,24,1,2.301,1.9453765153884888,2.87,-0.1545517444610595,0.247283789656671,-0.4018355341177306,0.4018355341177306,0.1614717964796818,DOWN,UP,False,2.303,2.927,0.2711864406779661,PASS,
2025-07-31_159949_RECONSTRUCTED,2025-07-31,159949,创业板50ETF,2,0.675,NeoQuasar/Kronos-small,NeoQuasar/Kronos-Tokenizer-base,cuda:0,120,24,1,1.05,0.8525225520133972,1.354,-0.1880736947059631,0.2895238095238095,-0.4775975042297726,0.4775975042297726,0.2280993760465077,DOWN,UP,False,1.047,1.374,0.3114285714285716,PASS,
2025-07-31_159992_RECONSTRUCTED,2025-07-31,159992,创新药ETF,3,0.65,NeoQuasar/Kronos-small,NeoQuasar/Kronos-Tokenizer-base,cuda:0,120,24,1,0.923,0.6983839273452759,1.002,-0.243354320526123,0.085590465872156,-0.328944786398279,0.328944786398279,0.1082046724986094,DOWN,UP,False,0.902,1.002,0.1083423618634886,PASS,
2025-07-31_512010_RECONSTRUCTED,2025-07-31,512010,医药ETF,4,0.6200000000000001,NeoQuasar/Kronos-small,NeoQuasar/Kronos-Tokenizer-base,cuda:0,120,24,1,0.416,0.3674060106277466,0.447,-0.1168124675750732,0.0745192307692308,-0.191331698344304,0.191331698344304,0.0366078187913157,DOWN,UP,False,0.406,0.448,0.1009615384615384,PASS,
2025-07-31_512880_RECONSTRUCTED,2025-07-31,512880,证券ETF,5,0.6050000000000001,NeoQuasar/Kronos-small,NeoQuasar/Kronos-Tokenizer-base,cuda:0,120,24,1,1.198,1.121101140975952,1.25,-0.0641893148422241,0.0434056761268781,-0.1075949909691023,0.1075949909691023,0.0115766820816412,DOWN,UP,False,1.191,1.352,0.1343906510851419,PASS,
2025-08-01_159915_RECONSTRUCTED,2025-08-01,159915,创业板ETF,1,0.7150000000000001,NeoQuasar/Kronos-small,NeoQuasar/Kronos-Tokenizer-base,cuda:0,120,24,1,2.303,1.9975526332855225,2.751,-0.132630169391632,0.1945288753799392,-0.3271590447715713,0.3271590447715713,0.107033040575847,DOWN,UP,False,2.312,2.927,0.2670429874077291,PASS,
2025-08-01_159949_RECONSTRUCTED,2025-08-01,159949,创业板50ETF,2,0.675,NeoQuasar/Kronos-small,NeoQuasar/Kronos-Tokenizer-base,cuda:0,120,24,1,1.047,0.956466794013977,1.289,-0.0864691734313964,0.2311365807067813,-0.3176057541381778,0.3176057541381778,0.1008734150616806,DOWN,UP,False,1.052,1.374,0.3075453677172876,PASS,
2025-08-01_159992_RECONSTRUCTED,2025-08-01,159992,创新药ETF,3,0.65,NeoQuasar/Kronos-small,NeoQuasar/Kronos-Tokenizer-base,cuda:0,120,24,1,0.915,0.7436454892158508,0.959,-0.1872727274894714,0.0480874316939889,-0.2353601591834604,0.2353601591834604,0.0553944045308638,DOWN,UP,False,0.902,1.002,0.1092896174863387,PASS,
2025-08-01_512100_RECONSTRUCTED,2025-08-01,512100,中证1000ETF,4,0.64,NeoQuasar/Kronos-small,NeoQuasar/Kronos-Tokenizer-base,cuda:0,120,24,1,2.652,2.407912254333496,2.805,-0.0920391082763671,0.0576923076923077,-0.1497314159686749,0.1497314159686749,0.0224194969279843,DOWN,UP,False,2.685,2.997,0.1176470588235293,PASS,
2025-08-01_512010_RECONSTRUCTED,2025-08-01,512010,医药ETF,5,0.6100000000000001,NeoQuasar/Kronos-small,NeoQuasar/Kronos-Tokenizer-base,cuda:0,120,24,1,0.409,0.3659664690494537,0.431,-0.1052165031433105,0.0537897310513448,-0.1590062341946554,0.1590062341946554,0.0252829825127656,DOWN,UP,False,0.406,0.448,0.1026894865525672,PASS,
2025-08-04_159915_RECONSTRUCTED,2025-08-04,159915,创业板ETF,1,0.7250000000000001,NeoQuasar/Kronos-small,NeoQuasar/Kronos-Tokenizer-base,cuda:0,120,24,1,2.313,1.9660797119140625,2.944,-0.1499871611595153,0.2728058798097708,-0.4227930409692861,0.4227930409692861,0.1787539554920565,DOWN,UP,False,2.312,2.944,0.2732382187635106,PASS,
2025-08-04_159949_RECONSTRUCTED,2025-08-04,159949,创业板50ETF,2,0.675,NeoQuasar/Kronos-small,NeoQuasar/Kronos-Tokenizer-base,cuda:0,120,24,1,1.052,0.8718023300170898,1.394,-0.1712905764579773,0.3250950570342203,-0.4963856334921976,0.4963856334921976,0.2463986971374503,DOWN,UP,False,1.052,1.394,0.3250950570342203,PASS,
2025-08-04_159992_RECONSTRUCTED,2025-08-04,159992,创新药ETF,3,0.65,NeoQuasar/Kronos-small,NeoQuasar/Kronos-Tokenizer-base,cuda:0,120,24,1,0.915,0.792735755443573,1.0,-0.1336221694946289,0.0928961748633878,-0.2265183443580167,0.2265183443580167,0.051310560330697,DOWN,UP,False,0.902,1.002,0.1092896174863387,PASS,
2025-08-04_512010_RECONSTRUCTED,2025-08-04,512010,医药ETF,4,0.605,NeoQuasar/Kronos-small,NeoQuasar/Kronos-Tokenizer-base,cuda:0,120,24,1,0.409,0.3673354387283325,0.446,-0.1018693447113037,0.0904645476772616,-0.1923338923885653,0.1923338923885653,0.0369923261613362,DOWN,UP,False,0.406,0.448,0.1026894865525672,PASS,
2025-08-04_512100_RECONSTRUCTED,2025-08-04,512100,中证1000ETF,5,0.575,NeoQuasar/Kronos-small,NeoQuasar/Kronos-Tokenizer-base,cuda:0,120,24,1,2.685,2.3781206607818604,2.888,-0.1142939329147338,0.0756052141527001,-0.189899147067434,0.189899147067434,0.0360616860569389,DOWN,UP,False,2.701,2.997,0.11024208566108,PASS,
2025-08-05_159915_RECONSTRUCTED,2025-08-05,159915,创业板ETF,1,0.71,NeoQuasar/Kronos-small,NeoQuasar/Kronos-Tokenizer-base,cuda:0,120,24,1,2.32,2.054750204086304,2.908,-0.1143317818641662,0.2534482758620691,-0.3677800577262353,0.3677800577262353,0.135262170861113,DOWN,UP,False,2.312,2.944,0.2724137931034483,PASS,
2025-08-05_159949_RECONSTRUCTED,2025-08-05,159949,创业板50ETF,2,0.685,NeoQuasar/Kronos-small,NeoQuasar/Kronos-Tokenizer-base,cuda:0,120,24,1,1.057,0.953076183795929,1.365,-0.0983196496963501,0.2913907284768213,-0.3897103781731714,0.3897103781731714,0.1518741788558763,DOWN,UP,False,1.052,1.394,0.3235572374645221,PASS,
2025-08-05_159992_RECONSTRUCTED,2025-08-05,159992,创新药ETF,3,0.65,NeoQuasar/Kronos-small,NeoQuasar/Kronos-Tokenizer-base,cuda:0,120,24,1,0.924,0.7090026140213013,1.009,-0.2326811552047729,0.0919913419913418,-0.3246724971961148,0.3246724971961148,0.1054122304355611,DOWN,UP,False,0.902,1.009,0.1158008658008656,PASS,
2025-08-05_512010_RECONSTRUCTED,2025-08-05,512010,医药ETF,4,0.6399999999999999,NeoQuasar/Kronos-small,NeoQuasar/Kronos-Tokenizer-base,cuda:0,120,24,1,0.411,0.3588925898075104,0.456,-0.1267820596694946,0.1094890510948907,-0.2362711107643853,0.2362711107643853,0.0558240377818364,DOWN,UP,False,0.406,0.456,0.1216545012165449,PASS,
2025-08-05_512100_RECONSTRUCTED,2025-08-05,512100,中证1000ETF,5,0.595,NeoQuasar/Kronos-small,NeoQuasar/Kronos-Tokenizer-base,cuda:0,120,24,1,2.701,2.43636155128479,2.912,-0.0979779362678527,0.0781192151055163,-0.1760971513733691,0.1760971513733691,0.0310102067218152,DOWN,UP,False,2.722,2.997,0.1018141429100332,PASS,
2025-08-06_159915_RECONSTRUCTED,2025-08-06,159915,创业板ETF,1,0.6900000000000002,NeoQuasar/Kronos-small,NeoQuasar/Kronos-Tokenizer-base,cuda:0,120,24,1,2.336,2.022160053253174,2.845,-0.1343492865562439,0.2178938356164386,-0.3522431221726825,0.3522431221726825,0.1240752171179593,DOWN,UP,False,2.312,2.944,0.2705479452054795,PASS,
2025-08-06_159992_RECONSTRUCTED,2025-08-06,159992,创新药ETF,2,0.655,NeoQuasar/Kronos-small,NeoQuasar/Kronos-Tokenizer-base,cuda:0,120,24,1,0.922,0.7220529913902283,0.987,-0.2168622612953186,0.0704989154013013,-0.28736117669662,0.28736117669662,0.082576445872466,DOWN,UP,False,0.902,1.009,0.1160520607375269,PASS,
2025-08-06_512660_RECONSTRUCTED,2025-08-06,512660,军工ETF,3,0.655,NeoQuasar/Kronos-small,NeoQuasar/Kronos-Tokenizer-base,cuda:0,120,24,1,1.247,1.0968683958053589,1.168,-0.120394229888916,-0.0633520449077787,-0.0570421849811372,0.0570421849811372,0.0032538108674222,DOWN,DOWN,True,1.166,1.311,0.1162790697674418,PASS,
2025-08-06_159949_RECONSTRUCTED,2025-08-06,159949,创业板50ETF,4,0.6500000000000001,NeoQuasar/Kronos-small,NeoQuasar/Kronos-Tokenizer-base,cuda:0,120,24,1,1.063,0.8943067789077759,1.336,-0.1586953997611999,0.2568203198494827,-0.4155157196106827,0.4155157196106827,0.1726533132435834,DOWN,UP,False,1.052,1.394,0.32173095014111,PASS,
2025-08-06_512100_RECONSTRUCTED,2025-08-06,512100,中证1000ETF,5,0.595,NeoQuasar/Kronos-small,NeoQuasar/Kronos-Tokenizer-base,cuda:0,120,24,1,2.73,2.511657238006592,2.878,-0.0799790620803833,0.0542124542124542,-0.1341915162928375,0.1341915162928375,0.0180073630449708,DOWN,UP,False,2.722,2.997,0.1007326007326007,PASS,
2025-08-07_512660_RECONSTRUCTED,2025-08-07,512660,军工ETF,1,0.6900000000000001,NeoQuasar/Kronos-small,NeoQuasar/Kronos-Tokenizer-base,cuda:0,120,24,1,1.238,1.067908763885498,1.178,-0.137391984462738,-0.0484652665589661,-0.0889267179037719,0.0889267179037719,0.007907961157137,DOWN,DOWN,True,1.166,1.311,0.117124394184168,PASS,
2025-08-07_159915_RECONSTRUCTED,2025-08-07,159915,创业板ETF,2,0.6300000000000001,NeoQuasar/Kronos-small,NeoQuasar/Kronos-Tokenizer-base,cuda:0,120,24,1,2.32,2.0003020763397217,2.875,-0.1378008127212524,0.2392241379310344,-0.3770249506522869,0.3770249506522869,0.1421478134143594,DOWN,UP,False,2.312,2.944,0.2724137931034483,PASS,
2025-08-07_159992_RECONSTRUCTED,2025-08-07,159992,创新药ETF,3,0.63,NeoQuasar/Kronos-small,NeoQuasar/Kronos-Tokenizer-base,cuda:0,120,24,1,0.903,0.8276327848434448,0.983,-0.0834631323814392,0.08859357696567,-0.1720567093471092,0.1720567093471092,0.0296035112313556,DOWN,UP,False,0.902,1.009,0.1184939091915834,PASS,
2025-08-07_512100_RECONSTRUCTED,2025-08-07,512100,中证1000ETF,4,0.625,NeoQuasar/Kronos-small,NeoQuasar/Kronos-Tokenizer-base,cuda:0,120,24,1,2.731,2.4691154956817627,2.88,-0.0958932638168335,0.0545587696814353,-0.1504520334982688,0.1504520334982688,0.0226358143837642,DOWN,UP,False,2.722,2.997,0.1006957158549981,PASS,
2025-08-07_512480_RECONSTRUCTED,2025-08-07,512480,半导体ETF,5,0.59,NeoQuasar/Kronos-small,NeoQuasar/Kronos-Tokenizer-base,cuda:0,120,24,1,1.097,1.0686771869659424,1.264,-0.0258184075355529,0.1522333637192343,-0.1780517712547873,0.1780517712547873,0.0317024332469671,DOWN,UP,False,1.076,1.416,0.3099361896080218,PASS,
2025-08-08_512100_RECONSTRUCTED,2025-08-08,512100,中证1000ETF,1,0.685,NeoQuasar/Kronos-small,NeoQuasar/Kronos-Tokenizer-base,cuda:0,120,24,1,2.722,2.553027629852295,2.958,-0.0620765089988708,0.0867009551800148,-0.1487774641788857,0.1487774641788857,0.0221347338474996,DOWN,UP,False,2.762,2.997,0.0863335782512857,PASS,
2025-08-08_512660_RECONSTRUCTED,2025-08-08,512660,军工ETF,2,0.685,NeoQuasar/Kronos-small,NeoQuasar/Kronos-Tokenizer-base,cuda:0,120,24,1,1.234,1.0641149282455444,1.203,-0.1376702189445495,-0.0251215559157211,-0.1125486630288283,0.1125486630288283,0.0126672015495767,DOWN,DOWN,True,1.166,1.311,0.1175040518638573,PASS,
2025-08-08_159915_RECONSTRUCTED,2025-08-08,159915,创业板ETF,3,0.6700000000000002,NeoQuasar/Kronos-small,NeoQuasar/Kronos-Tokenizer-base,cuda:0,120,24,1,2.312,1.979831337928772,3.025,-0.1436715722084045,0.3083910034602077,-0.4520625756686123,0.4520625756686123,0.2043605723201398,DOWN,UP,False,2.357,3.025,0.2889273356401383,PASS,
2025-08-08_159992_RECONSTRUCTED,2025-08-08,159992,创新药ETF,4,0.635,NeoQuasar/Kronos-small,NeoQuasar/Kronos-Tokenizer-base,cuda:0,120,24,1,0.902,0.8066140413284302,0.978,-0.1057494282722473,0.0842572062084257,-0.190006634480673,0.190006634480673,0.036102521146672,DOWN,UP,False,0.907,1.009,0.113082039911308,PASS,
2025-08-08_159949_RECONSTRUCTED,2025-08-08,159949,创业板50ETF,5,0.6200000000000001,NeoQuasar/Kronos-small,NeoQuasar/Kronos-Tokenizer-base,cuda:0,120,24,1,1.052,0.9416150450706482,1.432,-0.1049287319183349,0.3612167300380227,-0.4661454619563576,0.4661454619563576,0.217291591702506,DOWN,UP,False,1.075,1.432,0.3393536121673003,PASS,
2025-08-11_159915_RECONSTRUCTED,2025-08-11,159915,创业板ETF,1,0.7050000000000001,NeoQuasar/Kronos-small,NeoQuasar/Kronos-Tokenizer-base,cuda:0,120,24,1,2.357,1.9640638828277588,2.995,-0.1667103171348571,0.2706830717013151,-0.4373933888361723,0.4373933888361723,0.191312976597591,DOWN,UP,False,2.385,3.025,0.271531607976241,PASS,
2025-08-11_512660_RECONSTRUCTED,2025-08-11,512660,军工ETF,2,0.6950000000000001,NeoQuasar/Kronos-small,NeoQuasar/Kronos-Tokenizer-base,cuda:0,120,24,1,1.241,1.039798140525818,1.2,-0.1621288657188415,-0.03303787268332,-0.1290909930355215,0.1290909930355215,0.016664484482897,DOWN,DOWN,True,1.166,1.311,0.1168412570507655,PASS,
2025-08-11_512100_RECONSTRUCTED,2025-08-11,512100,中证1000ETF,3,0.675,NeoQuasar/Kronos-small,NeoQuasar/Kronos-Tokenizer-base,cuda:0,120,24,1,2.762,2.449350118637085,2.959,-0.1131969690322876,0.0713251267197683,-0.1845220957520559,0.1845220957520559,0.0340484038207308,DOWN,UP,False,2.772,2.997,0.0814627081824765,PASS,
2025-08-11_159949_RECONSTRUCTED,2025-08-11,159949,创业板50ETF,4,0.6550000000000001,NeoQuasar/Kronos-small,NeoQuasar/Kronos-Tokenizer-base,cuda:0,120,24,1,1.075,0.8887426853179932,1.414,-0.1732626557350158,0.3153488372093023,-0.4886114929443181,0.4886114929443181,0.2387411910372754,DOWN,UP,False,1.09,1.432,0.3181395348837208,PASS,
2025-08-11_159992_RECONSTRUCTED,2025-08-11,159992,创新药ETF,5,0.635,NeoQuasar/Kronos-small,NeoQuasar/Kronos-Tokenizer-base,cuda:0,120,24,1,0.911,0.7567238807678223,0.984,-0.1693481206893921,0.0801317233809,-0.2494798440702921,0.2494798440702921,0.0622401925973372,DOWN,UP,False,0.907,1.009,0.1119648737650931,PASS,
2025-08-12_159915_RECONSTRUCTED,2025-08-12,159915,创业板ETF,1,0.7150000000000001,NeoQuasar/Kronos-small,NeoQuasar/Kronos-Tokenizer-base,cuda:0,120,24,1,2.385,2.084779024124145,3.037,-0.1258788108825683,0.2733752620545073,-0.3992540729370757,0.3992540729370757,0.1594038147568437,DOWN,UP,False,2.446,3.037,0.2477987421383647,PASS,
2025-08-12_512100_RECONSTRUCTED,2025-08-12,512100,中证1000ETF,2,0.7150000000000001,NeoQuasar/Kronos-small,NeoQuasar/Kronos-Tokenizer-base,cuda:0,120,24,1,2.772,2.50830078125,2.956,-0.0951296091079711,0.0663780663780664,-0.1615076754860376,0.1615076754860376,0.0260847292409032,DOWN,UP,False,2.782,2.997,0.0775613275613275,PASS,
2025-08-12_512660_RECONSTRUCTED,2025-08-12,512660,军工ETF,3,0.665,NeoQuasar/Kronos-small,NeoQuasar/Kronos-Tokenizer-base,cuda:0,120,24,1,1.234,1.1119791269302368,1.191,-0.0988823771476745,-0.0348460291734197,-0.0640363479742548,0.0640363479742548,0.0041006538618798,DOWN,DOWN,True,1.166,1.311,0.1175040518638573,PASS,
2025-08-12_159949_RECONSTRUCTED,2025-08-12,159949,创业板50ETF,4,0.655,NeoQuasar/Kronos-small,NeoQuasar/Kronos-Tokenizer-base,cuda:0,120,24,1,1.09,0.974390983581543,1.437,-0.1060633659362793,0.3183486238532109,-0.4244119897894902,0.4244119897894902,0.1801255370770743,DOWN,UP,False,1.126,1.437,0.2853211009174313,PASS,
2025-08-12_512480_RECONSTRUCTED,2025-08-12,512480,半导体ETF,5,0.6100000000000001,NeoQuasar/Kronos-small,NeoQuasar/Kronos-Tokenizer-base,cuda:0,120,24,1,1.113,1.0664466619491575,1.374,-0.0418269038200378,0.234501347708895,-0.2763282515289329,0.2763282515289329,0.0763573025930372,DOWN,UP,False,1.124,1.416,0.2623539982030546,PASS,
2025-08-13_159915_RECONSTRUCTED,2025-08-13,159915,创业板ETF,1,0.75,NeoQuasar/Kronos-small,NeoQuasar/Kronos-Tokenizer-base,cuda:0,120,24,1,2.473,2.1076722145080566,3.059,-0.1477265954017639,0.236959158916296,-0.3846857543180599,0.3846857543180599,0.1479831295752547,DOWN,UP,False,2.446,3.059,0.2478770723817226,PASS,
2025-08-13_159949_RECONSTRUCTED,2025-08-13,159949,创业板50ETF,2,0.725,NeoQuasar/Kronos-small,NeoQuasar/Kronos-Tokenizer-base,cuda:0,120,24,1,1.133,0.9180108904838562,1.453,-0.1897521018981933,0.2824360105913504,-0.4721881124895437,0.4721881124895437,0.222961613576438,DOWN,UP,False,1.126,1.453,0.2886142983230363,PASS,
2025-08-13_512660_RECONSTRUCTED,2025-08-13,512660,军工ETF,3,0.625,NeoQuasar/Kronos-small,NeoQuasar/Kronos-Tokenizer-base,cuda:0,120,24,1,1.25,1.083466410636902,1.185,-0.1332268714904785,-0.0519999999999999,-0.0812268714904785,0.0812268714904785,0.0065978046521307,DOWN,DOWN,True,1.166,1.311,0.116,PASS,
2025-08-13_512100_RECONSTRUCTED,2025-08-13,512100,中证1000ETF,4,0.6199999999999999,NeoQuasar/Kronos-small,NeoQuasar/Kronos-Tokenizer-base,cuda:0,120,24,1,2.813,2.4164347648620605,2.988,-0.1409758925437927,0.062211162460007,-0.2031870550037997,0.2031870550037997,0.0412849793211171,DOWN,UP,False,2.782,2.997,0.0764308567365801,PASS,
2025-08-13_159992_RECONSTRUCTED,2025-08-13,159992,创新药ETF,5,0.5750000000000001,NeoQuasar/Kronos-small,NeoQuasar/Kronos-Tokenizer-base,cuda:0,120,24,1,0.934,0.7157292366027832,0.98,-0.2336946129798889,0.0492505353319057,-0.2829451483117946,0.2829451483117946,0.0800579569531834,DOWN,UP,False,0.927,1.009,0.0877944325481797,PASS,
2025-08-14_159949_RECONSTRUCTED,2025-08-14,159949,创业板50ETF,1,0.735,NeoQuasar/Kronos-small,NeoQuasar/Kronos-Tokenizer-base,cuda:0,120,24,1,1.126,0.9265669584274292,1.48,-0.1771163940429687,0.3143872113676733,-0.4915036054106421,0.4915036054106421,0.2415757941316601,DOWN,UP,False,1.157,1.48,0.2868561278863232,PASS,
2025-08-14_159915_RECONSTRUCTED,2025-08-14,159915,创业板ETF,2,0.7300000000000002,NeoQuasar/Kronos-small,NeoQuasar/Kronos-Tokenizer-base,cuda:0,120,24,1,2.446,2.0824692249298096,3.119,-0.1486225724220276,0.2751430907604251,-0.4237656631824527,0.4237656631824527,0.1795773372924639,DOWN,UP,False,2.509,3.119,0.2493867538838921,PASS,
2025-08-14_512480_RECONSTRUCTED,2025-08-14,512480,半导体ETF,3,0.645,NeoQuasar/Kronos-small,NeoQuasar/Kronos-Tokenizer-base,cuda:0,120,24,1,1.131,1.0213239192962646,1.408,-0.0969727039337158,0.244916003536693,-0.3418887074704089,0.3418887074704089,0.1168878882957868,DOWN,UP,False,1.154,1.416,0.2316534040671971,PASS,
2025-08-14_588000_RECONSTRUCTED,2025-08-14,588000,科创50ETF,4,0.59,NeoQuasar/Kronos-small,NeoQuasar/Kronos-Tokenizer-base,cuda:0,120,24,1,1.142,1.0902940034866333,1.44,-0.0452766418457031,0.2609457092819616,-0.3062223511276647,0.3062223511276647,0.0937721283301547,DOWN,UP,False,1.158,1.44,0.2469352014010508,PASS,
2025-08-14_512100_RECONSTRUCTED,2025-08-14,512100,中证1000ETF,5,0.58,NeoQuasar/Kronos-small,NeoQuasar/Kronos-Tokenizer-base,cuda:0,120,24,1,2.782,2.4489681720733643,3.015,-0.1197094917297363,0.0837526959022285,-0.2034621876319648,0.2034621876319648,0.0413968617959848,DOWN,UP,False,2.805,3.015,0.0754852624011502,PASS,
2025-08-15_159915_RECONSTRUCTED,2025-08-15,159915,创业板ETF,1,0.75,NeoQuasar/Kronos-small,NeoQuasar/Kronos-Tokenizer-base,cuda:0,120,24,1,2.509,2.0702028274536133,3.067,-0.1748892664909362,0.2223993622957354,-0.3972886287866717,0.3972886287866717,0.1578382545631938,DOWN,UP,False,2.572,3.119,0.2180151454762854,PASS,
2025-08-15_159949_RECONSTRUCTED,2025-08-15,159949,创业板50ETF,2,0.735,NeoQuasar/Kronos-small,NeoQuasar/Kronos-Tokenizer-base,cuda:0,120,24,1,1.157,0.9499080777168274,1.455,-0.178990364074707,0.2575626620570441,-0.4365530261317512,0.4365530261317512,0.1905785446247894,DOWN,UP,False,1.186,1.48,0.2541054451166811,PASS,
2025-08-15_512880_RECONSTRUCTED,2025-08-15,512880,证券ETF,3,0.6850000000000002,NeoQuasar/Kronos-small,NeoQuasar/Kronos-Tokenizer-base,cuda:0,120,24,1,1.3,1.1121152639389038,1.232,-0.1445266604423523,-0.0523076923076923,-0.0922189681346599,0.0922189681346599,0.0085043380838214,DOWN,DOWN,True,1.232,1.352,0.0923076923076923,PASS,
2025-08-15_512480_RECONSTRUCTED,2025-08-15,512480,半导体ETF,4,0.6599999999999999,NeoQuasar/Kronos-small,NeoQuasar/Kronos-Tokenizer-base,cuda:0,120,24,1,1.154,1.0835869312286377,1.426,-0.06101655960083,0.2357019064124783,-0.2967184660133084,0.2967184660133084,0.0880418480732908,DOWN,UP,False,1.163,1.426,0.2279029462738301,PASS,
2025-08-15_512100_RECONSTRUCTED,2025-08-15,512100,中证1000ETF,5,0.59,NeoQuasar/Kronos-small,NeoQuasar/Kronos-Tokenizer-base,cuda:0,120,24,1,2.84,2.47815489768982,2.976,-0.1274102330207824,0.0478873239436619,-0.1752975569644443,0.1752975569644443,0.0307292334777026,DOWN,UP,False,2.805,3.015,0.0739436619718309,PASS,
2025-08-18_159915_RECONSTRUCTED,2025-08-18,159915,创业板ETF,1,0.7400000000000001,NeoQuasar/Kronos-small,NeoQuasar/Kronos-Tokenizer-base,cuda:0,120,24,1,2.582,2.08862566947937,3.062,-0.1910822391510009,0.1859024012393493,-0.3769846403903503,0.3769846403903503,0.1421174190902417,DOWN,UP,False,2.572,3.119,0.2118512780790085,PASS,
2025-08-18_159949_RECONSTRUCTED,2025-08-18,159949,创业板50ETF,2,0.72,NeoQuasar/Kronos-small,NeoQuasar/Kronos-Tokenizer-base,cuda:0,120,24,1,1.189,0.8967719078063965,1.455,-0.245776355266571,0.2237174095878888,-0.4694937648544599,0.4694937648544599,0.2204243952372149,DOWN,UP,False,1.186,1.48,0.2472666105971404,PASS,
2025-08-18_512480_RECONSTRUCTED,2025-08-18,512480,半导体ETF,3,0.6599999999999999,NeoQuasar/Kronos-small,NeoQuasar/Kronos-Tokenizer-base,cuda:0,120,24,1,1.18,1.0374445915222168,1.409,-0.1208096146583557,0.1940677966101696,-0.3148774112685253,0.3148774112685253,0.099147784127168,DOWN,UP,False,1.163,1.426,0.2228813559322033,PASS,
2025-08-18_512880_RECONSTRUCTED,2025-08-18,512880,证券ETF,4,0.6300000000000001,NeoQuasar/Kronos-small,NeoQuasar/Kronos-Tokenizer-base,cuda:0,120,24,1,1.317,1.1007596254348757,1.221,-0.1641916632652282,-0.072892938496583,-0.0912987247686452,0.0912987247686452,0.0083354571443808,DOWN,DOWN,True,1.221,1.352,0.099468488990129,PASS,
2025-08-18_588000_RECONSTRUCTED,2025-08-18,588000,科创50ETF,5,0.6050000000000001,NeoQuasar/Kronos-small,NeoQuasar/Kronos-Tokenizer-base,cuda:0,120,24,1,1.183,1.072838544845581,1.431,-0.0931203961372375,0.209636517328825,-0.3027569134660626,0.3027569134660626,0.0916617486514969,DOWN,UP,False,1.17,1.45,0.2366863905325444,PASS,
2025-08-19_159915_RECONSTRUCTED,2025-08-19,159915,创业板ETF,1,0.77,NeoQuasar/Kronos-small,NeoQuasar/Kronos-Tokenizer-base,cuda:0,120,24,1,2.575,2.019453287124634,3.082,-0.2157462835311889,0.1968932038834949,-0.4126394874146839,0.4126394874146839,0.1702713465738531,DOWN,UP,False,2.572,3.119,0.2124271844660194,PASS,
2025-08-19_159949_RECONSTRUCTED,2025-08-19,159949,创业板50ETF,2,0.73,NeoQuasar/Kronos-small,NeoQuasar/Kronos-Tokenizer-base,cuda:0,120,24,1,1.19,0.9096961617469788,1.466,-0.235549509525299,0.2319327731092437,-0.4674822826345428,0.4674822826345428,0.2185396845772025,DOWN,UP,False,1.186,1.48,0.2470588235294118,PASS,
2025-08-19_512480_RECONSTRUCTED,2025-08-19,512480,半导体ETF,3,0.6400000000000001,NeoQuasar/Kronos-small,NeoQuasar/Kronos-Tokenizer-base,cuda:0,120,24,1,1.163,1.0598676204681396,1.462,-0.0886778831481933,0.2570937231298364,-0.3457716062780298,0.3457716062780298,0.1195580037080888,DOWN,UP,False,1.201,1.462,0.224419604471195,PASS,
2025-08-19_512100_RECONSTRUCTED,2025-08-19,512100,中证1000ETF,4,0.625,NeoQuasar/Kronos-small,NeoQuasar/Kronos-Tokenizer-base,cuda:0,120,24,1,2.884,2.4566891193389893,2.99,-0.1481660604476928,0.0367545076282942,-0.1849205680759871,0.1849205680759871,0.0341956164975457,DOWN,UP,False,2.805,3.015,0.0728155339805825,PASS,
2025-08-19_512880_RECONSTRUCTED,2025-08-19,512880,证券ETF,5,0.6000000000000001,NeoQuasar/Kronos-small,NeoQuasar/Kronos-Tokenizer-base,cuda:0,120,24,1,1.291,1.1115520000457764,1.234,-0.1389992237091064,-0.0441518202943453,-0.094847403414761,0.094847403414761,0.0089960299345224,DOWN,DOWN,True,1.221,1.352,0.1014717273431448,PASS,
2025-08-20_159915_RECONSTRUCTED,2025-08-20,159915,创业板ETF,1,0.7350000000000001,NeoQuasar/Kronos-small,NeoQuasar/Kronos-Tokenizer-base,cuda:0,120,24,1,2.588,2.091241836547852,3.093,-0.1919467449188232,0.195131375579598,-0.3870781204984213,0.3870781204984213,0.1498294713685903,DOWN,UP,False,2.572,3.119,0.2113601236476043,PASS,
2025-08-20_159949_RECONSTRUCTED,2025-08-20,159949,创业板50ETF,2,0.705,NeoQuasar/Kronos-small,NeoQuasar/Kronos-Tokenizer-base,cuda:0,120,24,1,1.195,0.9113627672195436,1.476,-0.2373533844947815,0.2351464435146442,-0.4724998280094257,0.4724998280094257,0.2232560874689368,DOWN,UP,False,1.186,1.48,0.2460251046025104,PASS,
2025-08-20_512480_RECONSTRUCTED,2025-08-20,512480,半导体ETF,3,0.685,NeoQuasar/Kronos-small,NeoQuasar/Kronos-Tokenizer-base,cuda:0,120,24,1,1.208,1.0535266399383545,1.467,-0.12787526845932,0.2144039735099339,-0.3422792419692539,0.3422792419692539,0.1171550794830471,DOWN,UP,False,1.201,1.467,0.2201986754966887,PASS,
2025-08-20_512100_RECONSTRUCTED,2025-08-20,512100,中证1000ETF,4,0.6399999999999999,NeoQuasar/Kronos-small,NeoQuasar/Kronos-Tokenizer-base,cuda:0,120,24,1,2.917,2.446916103363037,2.954,-0.1611531972885131,0.0126842646554681,-0.1738374619439813,0.1738374619439813,0.0302194631751251,DOWN,UP,False,2.805,3.015,0.0719917723688721,PASS,
2025-08-20_588000_RECONSTRUCTED,2025-08-20,588000,科创50ETF,5,0.6000000000000001,NeoQuasar/Kronos-small,NeoQuasar/Kronos-Tokenizer-base,cuda:0,120,24,1,1.208,1.0561058521270752,1.475,-0.1257401704788208,0.2210264900662253,-0.3467666605450461,0.3467666605450461,0.1202471168655632,DOWN,UP,False,1.208,1.479,0.2243377483443709,PASS,
2025-08-21_159915_RECONSTRUCTED,2025-08-21,159915,创业板ETF,1,0.6949999999999998,NeoQuasar/Kronos-small,NeoQuasar/Kronos-Tokenizer-base,cuda:0,120,24,1,2.572,2.091543912887573,3.16,-0.1868025064468383,0.228615863141524,-0.4154183695883624,0.4154183695883624,0.1725724217914532,DOWN,UP,False,2.662,3.16,0.1936236391912909,PASS,
2025-08-21_159949_RECONSTRUCTED,2025-08-21,159949,创业板50ETF,2,0.68,NeoQuasar/Kronos-small,NeoQuasar/Kronos-Tokenizer-base,cuda:0,120,24,1,1.186,0.9160658121109008,1.505,-0.2276005148887634,0.2689713322091063,-0.4965718470978697,0.4965718470978697,0.2465835993301901,DOWN,UP,False,1.232,1.505,0.2301854974704889,PASS,
2025-08-21_512480_RECONSTRUCTED,2025-08-21,512480,半导体ETF,3,0.675,NeoQuasar/Kronos-small,NeoQuasar/Kronos-Tokenizer-base,cuda:0,120,24,1,1.201,1.0306161642074585,1.543,-0.1418682932853698,0.2847626977518733,-0.4266309910372432,0.4266309910372432,0.1820140025134203,DOWN,UP,False,1.234,1.543,0.2572855953372189,PASS,
2025-08-21_512100_RECONSTRUCTED,2025-08-21,512100,中证1000ETF,4,0.62,NeoQuasar/Kronos-small,NeoQuasar/Kronos-Tokenizer-base,cuda:0,120,24,1,2.89,2.5391077995300293,3.006,-0.1214160323143005,0.0401384083044982,-0.1615544406187987,0.1615544406187987,0.0260998372836529,DOWN,UP,False,2.805,3.015,0.0726643598615916,PASS,
2025-08-21_588000_RECONSTRUCTED,2025-08-21,588000,科创50ETF,5,0.6150000000000001,NeoQuasar/Kronos-small,NeoQuasar/Kronos-Tokenizer-base,cuda:0,120,24,1,1.208,1.0332010984420776,1.53,-0.1447010636329651,0.2665562913907284,-0.4112573550236935,0.4112573550236935,0.1691326120610843,DOWN,UP,False,1.282,1.53,0.2052980132450331,PASS,
2025-08-22_512480_RECONSTRUCTED,2025-08-22,512480,半导体ETF,1,0.7300000000000001,NeoQuasar/Kronos-small,NeoQuasar/Kronos-Tokenizer-base,cuda:0,120,24,1,1.311,1.0514593124389648,1.546,-0.1979715228080749,0.179252479023646,-0.377224001831721,0.377224001831721,0.1422979475579382,DOWN,UP,False,1.234,1.546,0.2379862700228833,PASS,
2025-08-22_159915_RECONSTRUCTED,2025-08-22,159915,创业板ETF,2,0.705,NeoQuasar/Kronos-small,NeoQuasar/Kronos-Tokenizer-base,cuda:0,120,24,1,2.662,2.0880119800567627,3.211,-0.2156228423118591,0.2062359128474831,-0.4218587551593422,0.4218587551593422,0.1779648093045898,DOWN,UP,False,2.696,3.211,0.1934635612321561,PASS,
2025-08-22_588000_RECONSTRUCTED,2025-08-22,588000,科创50ETF,3,0.665,NeoQuasar/Kronos-small,NeoQuasar/Kronos-Tokenizer-base,cuda:0,120,24,1,1.323,1.081257939338684,1.548,-0.1827226281166076,0.1700680272108843,-0.352790655327492,0.352790655327492,0.1244612464864012,DOWN,UP,False,1.282,1.548,0.201058201058201,PASS,
2025-08-22_159949_RECONSTRUCTED,2025-08-22,159949,创业板50ETF,4,0.6600000000000001,NeoQuasar/Kronos-small,NeoQuasar/Kronos-Tokenizer-base,cuda:0,120,24,1,1.232,0.9259230494499208,1.53,-0.248439073562622,0.2418831168831168,-0.4903221904457389,0.4903221904457389,0.2404158504435074,DOWN,UP,False,1.25,1.53,0.2272727272727273,PASS,
2025-08-22_588080_RECONSTRUCTED,2025-08-22,588080,科创板50ETF,5,0.6050000000000001,NeoQuasar/Kronos-small,NeoQuasar/Kronos-Tokenizer-base,cuda:0,120,24,1,1.281,1.0292024612426758,1.499,-0.1965632438659668,0.1701795472287277,-0.3667427910946945,0.3667427910946945,0.1345002748199267,DOWN,UP,False,1.238,1.499,0.2037470725995317,PASS,
2025-08-25_512480_RECONSTRUCTED,2025-08-25,512480,半导体ETF,1,0.7300000000000001,NeoQuasar/Kronos-small,NeoQuasar/Kronos-Tokenizer-base,cuda:0,120,24,1,1.33,1.0544356107711792,1.523,-0.2071912884712219,0.1451127819548872,-0.3523040704261091,0.3523040704261091,0.1241181580388048,DOWN,UP,False,1.234,1.546,0.2345864661654135,PASS,
2025-08-25_159915_RECONSTRUCTED,2025-08-25,159915,创业板ETF,2,0.7,NeoQuasar/Kronos-small,NeoQuasar/Kronos-Tokenizer-base,cuda:0,120,24,1,2.737,2.0991384983062744,3.129,-0.2330513596534729,0.1432225063938619,-0.3762738660473348,0.3762738660473348,0.1415820222702076,DOWN,UP,False,2.696,3.211,0.1881622214103031,PASS,
2025-08-25_588000_RECONSTRUCTED,2025-08-25,588000,科创50ETF,3,0.6799999999999999,NeoQuasar/Kronos-small,NeoQuasar/Kronos-Tokenizer-base,cuda:0,120,24,1,1.356,1.0522832870483398,1.524,-0.2239798307418823,0.1238938053097344,-0.3478736360516168,0.3478736360516168,0.1210160666597727,DOWN,UP,False,1.282,1.548,0.1961651917404129,PASS,
2025-08-25_159949_RECONSTRUCTED,2025-08-25,159949,创业板50ETF,4,0.6600000000000001,NeoQuasar/Kronos-small,NeoQuasar/Kronos-Tokenizer-base,cuda:0,120,24,1,1.266,0.8892999887466431,1.492,-0.2975513935089111,0.1785150078988941,-0.4760664014078053,0.4760664014078053,0.2266392185493776,DOWN,UP,False,1.25,1.53,0.2211690363349131,PASS,
2025-08-25_588080_RECONSTRUCTED,2025-08-25,588080,科创板50ETF,5,0.6150000000000001,NeoQuasar/Kronos-small,NeoQuasar/Kronos-Tokenizer-base,cuda:0,120,24,1,1.311,1.0377535820007324,1.479,-0.2084259390830993,0.1281464530892448,-0.3365723921723442,0.3365723921723442,0.1132809751726142,DOWN,UP,False,1.238,1.499,0.1990846681922198,PASS,
2025-08-26_159915_RECONSTRUCTED,2025-08-26,159915,创业板ETF,1,0.705,NeoQuasar/Kronos-small,NeoQuasar/Kronos-Tokenizer-base,cuda:0,120,24,1,2.716,2.083075046539306,3.213,-0.2330357432365417,0.1829896907216495,-0.4160254339581912,0.4160254339581912,0.1730771617001013,DOWN,UP,False,2.696,3.213,0.1903534609720176,PASS,
2025-08-26_512480_RECONSTRUCTED,2025-08-26,512480,半导体ETF,2,0.685,NeoQuasar/Kronos-small,NeoQuasar/Kronos-Tokenizer-base,cuda:0,120,24,1,1.315,1.053009271621704,1.54,-0.1992325186729431,0.1711026615969582,-0.3703351802699013,0.3703351802699013,0.1371481457455403,DOWN,UP,False,1.234,1.546,0.2372623574144487,PASS,
2025-08-26_588000_RECONSTRUCTED,2025-08-26,588000,科创50ETF,3,0.6799999999999999,NeoQuasar/Kronos-small,NeoQuasar/Kronos-Tokenizer-base,cuda:0,120,24,1,1.336,1.0738403797149658,1.543,-0.1962272524833679,0.1549401197604789,-0.3511673722438468,0.3511673722438468,0.1233185233286485,DOWN,UP,False,1.282,1.548,0.1991017964071856,PASS,
2025-08-26_159949_RECONSTRUCTED,2025-08-26,159949,创业板50ETF,4,0.6600000000000001,NeoQuasar/Kronos-small,NeoQuasar/Kronos-Tokenizer-base,cuda:0,120,24,1,1.258,0.961568295955658,1.539,-0.2356373071670532,0.223370429252782,-0.4590077364198353,0.4590077364198353,0.2106881020932609,DOWN,UP,False,1.25,1.539,0.2297297297297296,PASS,
2025-08-26_588080_RECONSTRUCTED,2025-08-26,588080,科创板50ETF,5,0.6150000000000001,NeoQuasar/Kronos-small,NeoQuasar/Kronos-Tokenizer-base,cuda:0,120,24,1,1.291,1.0130218267440796,1.496,-0.2153200507164001,0.1587916343919442,-0.3741116851083443,0.3741116851083443,0.139959552934605,DOWN,UP,False,1.238,1.499,0.2021688613477925,PASS,
2025-08-27_159915_RECONSTRUCTED,2025-08-27,159915,创业板ETF,1,0.705,NeoQuasar/Kronos-small,NeoQuasar/Kronos-Tokenizer-base,cuda:0,120,24,1,2.696,2.0065038204193115,3.217,-0.2557478547096252,0.1932492581602374,-0.4489971128698626,0.4489971128698626,0.2015984073654722,DOWN,UP,False,2.751,3.217,0.1728486646884273,PASS,
2025-08-27_512480_RECONSTRUCTED,2025-08-27,512480,半导体ETF,2,0.685,NeoQuasar/Kronos-small,NeoQuasar/Kronos-Tokenizer-base,cuda:0,120,24,1,1.321,1.0435971021652222,1.576,-0.2099946141242981,0.1930355791067375,-0.4030301932310356,0.4030301932310356,0.1624333366558459,DOWN,UP,False,1.234,1.576,0.2588947766843301,PASS,
2025-08-27_588000_RECONSTRUCTED,2025-08-27,588000,科创50ETF,3,0.6799999999999999,NeoQuasar/Kronos-small,NeoQuasar/Kronos-Tokenizer-base,cuda:0,120,24,1,1.337,1.0599169731140137,1.57,-0.2072423696517944,0.1742707554225879,-0.3815131250743824,0.3815131250743824,0.1455522646040213,DOWN,UP,False,1.282,1.57,0.2154076290201945,PASS,
2025-08-27_159949_RECONSTRUCTED,2025-08-27,159949,创业板50ETF,4,0.675,NeoQuasar/Kronos-small,NeoQuasar/Kronos-Tokenizer-base,cuda:0,120,24,1,1.25,0.9348642826080322,1.537,-0.2521085739135742,0.2296,-0.4817085739135742,0.4817085739135742,0.2320431501818494,DOWN,UP,False,1.289,1.539,0.2,PASS,
2025-08-27_588080_RECONSTRUCTED,2025-08-27,588080,科创板50ETF,5,0.6150000000000001,NeoQuasar/Kronos-small,NeoQuasar/Kronos-Tokenizer-base,cuda:0,120,24,1,1.291,1.0372612476348877,1.523,-0.196544349193573,0.1797056545313711,-0.3762500037249441,0.3762500037249441,0.1415640653030204,DOWN,UP,False,1.238,1.523,0.2207591014717272,PASS,
2025-08-28_159915_RECONSTRUCTED,2025-08-28,159915,创业板ETF,1,0.705,NeoQuasar/Kronos-small,NeoQuasar/Kronos-Tokenizer-base,cuda:0,120,24,1,2.806,2.1402270793914795,3.235,-0.2372676134109497,0.1528866714183892,-0.3901542848293389,0.3901542848293389,0.1522203659706929,DOWN,UP,False,2.751,3.235,0.172487526728439,PASS,
2025-08-28_512480_RECONSTRUCTED,2025-08-28,512480,半导体ETF,2,0.6900000000000001,NeoQuasar/Kronos-small,NeoQuasar/Kronos-Tokenizer-base,cuda:0,120,24,1,1.416,1.0612283945083618,1.621,-0.2505449056625366,0.1447740112994351,-0.3953189169619717,0.3953189169619717,0.1562770461079863,DOWN,UP,False,1.234,1.621,0.2733050847457627,PASS,
2025-08-28_588000_RECONSTRUCTED,2025-08-28,588000,科创50ETF,3,0.6749999999999999,NeoQuasar/Kronos-small,NeoQuasar/Kronos-Tokenizer-base,cuda:0,120,24,1,1.433,1.083020567893982,1.618,-0.2442284822463989,0.1290997906489881,-0.373328272895387,0.373328272895387,0.1393739993430525,DOWN,UP,False,1.282,1.618,0.2344731332868109,PASS,
2025-08-28_159949_RECONSTRUCTED,2025-08-28,159949,创业板50ETF,4,0.6700000000000002,NeoQuasar/Kronos-small,NeoQuasar/Kronos-Tokenizer-base,cuda:0,120,24,1,1.309,0.9786443710327148,1.543,-0.2523725032806396,0.1787624140565316,-0.4311349173371712,0.4311349173371712,0.1858773169473294,DOWN,UP,False,1.289,1.543,0.1940412528647823,PASS,
2025-08-28_588080_RECONSTRUCTED,2025-08-28,588080,科创板50ETF,5,0.6150000000000001,NeoQuasar/Kronos-small,NeoQuasar/Kronos-Tokenizer-base,cuda:0,120,24,1,1.389,1.048183560371399,1.567,-0.2453682422637939,0.1281497480201583,-0.3735179902839523,0.3735179902839523,0.1395156890657626,DOWN,UP,False,1.238,1.567,0.2368610511159107,PASS,
2025-08-29_588000_RECONSTRUCTED,2025-08-29,588000,科创50ETF,1,0.71,NeoQuasar/Kronos-small,NeoQuasar/Kronos-Tokenizer-base,cuda:0,120,24,1,1.412,1.0874533653259275,1.528,-0.2298488616943359,0.0821529745042493,-0.3120018361985852,0.3120018361985852,0.0973451457912888,DOWN,UP,False,1.282,1.618,0.2379603399433428,PASS,
2025-08-29_159915_RECONSTRUCTED,2025-08-29,159915,创业板ETF,2,0.705,NeoQuasar/Kronos-small,NeoQuasar/Kronos-Tokenizer-base,cuda:0,120,24,1,2.865,2.093271493911743,3.095,-0.2693642377853393,0.0802792321116927,-0.3496434698970321,0.3496434698970321,0.1222505560416367,DOWN,UP,False,2.751,3.235,0.168935427574171,PASS,
2025-08-29_588080_RECONSTRUCTED,2025-08-29,588080,科创板50ETF,3,0.675,NeoQuasar/Kronos-small,NeoQuasar/Kronos-Tokenizer-base,cuda:0,120,24,1,1.367,1.0309226512908936,1.484,-0.2458502650260925,0.08558888076079,-0.3314391457868826,0.3314391457868826,0.1098519073599384,DOWN,UP,False,1.238,1.567,0.24067300658376,PASS,
2025-08-29_159949_RECONSTRUCTED,2025-08-29,159949,创业板50ETF,4,0.6700000000000002,NeoQuasar/Kronos-small,NeoQuasar/Kronos-Tokenizer-base,cuda:0,120,24,1,1.342,0.9201763868331908,1.465,-0.3143246173858642,0.0916542473919523,-0.4059788647778166,0.4059788647778166,0.1648188386462847,DOWN,UP,False,1.289,1.543,0.1892697466467958,PASS,
2025-08-29_512480_RECONSTRUCTED,2025-08-29,512480,半导体ETF,5,0.635,NeoQuasar/Kronos-small,NeoQuasar/Kronos-Tokenizer-base,cuda:0,120,24,1,1.38,1.0383156538009644,1.524,-0.247597336769104,0.1043478260869565,-0.3519451628560606,0.3519451628560606,0.123865397657779,DOWN,UP,False,1.234,1.621,0.2804347826086957,PASS,
2025-09-01_159949_RECONSTRUCTED,2025-09-01,159949,创业板50ETF,1,0.7349999999999999,NeoQuasar/Kronos-small,NeoQuasar/Kronos-Tokenizer-base,cuda:0,120,24,1,1.374,0.9375006556510924,1.441,-0.317685067653656,0.0487627365356622,-0.3664478041893182,0.3664478041893182,0.1342839931951729,DOWN,UP,False,1.289,1.543,0.1848617176128093,PASS,
2025-09-01_159915_RECONSTRUCTED,2025-09-01,159915,创业板ETF,2,0.71,NeoQuasar/Kronos-small,NeoQuasar/Kronos-Tokenizer-base,cuda:0,120,24,1,2.927,2.154037952423096,3.054,-0.2640799880027771,0.0433891356337545,-0.3074691236365316,0.3074691236365316,0.0945372619898168,DOWN,UP,False,2.751,3.235,0.1653570208404509,PASS,
2025-09-01_588000_RECONSTRUCTED,2025-09-01,588000,科创50ETF,3,0.6600000000000001,NeoQuasar/Kronos-small,NeoQuasar/Kronos-Tokenizer-base,cuda:0,120,24,1,1.431,1.0673670768737793,1.546,-0.2541110515594482,0.0803633822501745,-0.3344744338096228,0.3344744338096228,0.1118731468722677,DOWN,UP,False,1.282,1.618,0.2348008385744235,PASS,
2025-09-01_588080_RECONSTRUCTED,2025-09-01,588080,科创板50ETF,4,0.6550000000000001,NeoQuasar/Kronos-small,NeoQuasar/Kronos-Tokenizer-base,cuda:0,120,24,1,1.384,1.0299752950668335,1.499,-0.2557981610298157,0.083092485549133,-0.3388906465789487,0.3388906465789487,0.1148468703386979,DOWN,UP,False,1.238,1.567,0.2377167630057803,PASS,
2025-09-01_512480_RECONSTRUCTED,2025-09-01,512480,半导体ETF,5,0.6300000000000001,NeoQuasar/Kronos-small,NeoQuasar/Kronos-Tokenizer-base,cuda:0,120,24,1,1.403,1.059633731842041,1.557,-0.2447372078895568,0.1097647897362792,-0.3545019976258361,0.3545019976258361,0.1256716663207083,DOWN,UP,False,1.234,1.621,0.2758374910905203,PASS,
2025-09-02_159949_RECONSTRUCTED,2025-09-02,159949,创业板50ETF,1,0.73,NeoQuasar/Kronos-small,NeoQuasar/Kronos-Tokenizer-base,cuda:0,120,24,1,1.336,0.9635741114616394,1.382,-0.2787618637084961,0.0344311377245507,-0.3131930014330468,0.3131930014330468,0.0980898561466404,DOWN,UP,False,1.289,1.543,0.1901197604790419,PASS,
2025-09-02_159915_RECONSTRUCTED,2025-09-02,159915,创业板ETF,2,0.7,NeoQuasar/Kronos-small,NeoQuasar/Kronos-Tokenizer-base,cuda:0,120,24,1,2.848,2.077897548675537,2.934,-0.2704011797904968,0.0301966292134832,-0.30059780900398,0.30059780900398,0.0903590427779932,DOWN,UP,False,2.751,3.235,0.1699438202247191,PASS,
2025-09-02_588000_RECONSTRUCTED,2025-09-02,588000,科创50ETF,3,0.6950000000000001,NeoQuasar/Kronos-small,NeoQuasar/Kronos-Tokenizer-base,cuda:0,120,24,1,1.394,1.071994662284851,1.481,-0.2309938073158264,0.0624103299856528,-0.2934041373014793,0.2934041373014793,0.0860859877856253,DOWN,UP,False,1.282,1.618,0.2410329985652798,PASS,
2025-09-02_588080_RECONSTRUCTED,2025-09-02,588080,科创板50ETF,4,0.6600000000000001,NeoQuasar/Kronos-small,NeoQuasar/Kronos-Tokenizer-base,cuda:0,120,24,1,1.349,1.0201259851455688,1.437,-0.2437909841537475,0.0652335063009637,-0.3090244904547112,0.3090244904547112,0.0954961357007939,DOWN,UP,False,1.238,1.567,0.2438843587842846,PASS,
2025-09-02_512480_RECONSTRUCTED,2025-09-02,512480,半导体ETF,5,0.6000000000000001,NeoQuasar/Kronos-small,NeoQuasar/Kronos-Tokenizer-base,cuda:0,120,24,1,1.355,1.0532630681991575,1.47,-0.2226840853691101,0.084870848708487,-0.3075549340775971,0.3075549340775971,0.0945900374754751,DOWN,UP,False,1.234,1.621,0.2856088560885609,PASS,
2025-09-03_159915_RECONSTRUCTED,2025-09-03,159915,创业板ETF,1,0.77,NeoQuasar/Kronos-small,NeoQuasar/Kronos-Tokenizer-base,cuda:0,120,24,1,2.87,2.121968507766724,3.003,-0.2606381177902221,0.0463414634146341,-0.3069795812048563,0.3069795812048563,0.094236463276709,DOWN,UP,False,2.751,3.235,0.1686411149825784,PASS,
2025-09-03_159949_RECONSTRUCTED,2025-09-03,159949,创业板50ETF,2,0.77,NeoQuasar/Kronos-small,NeoQuasar/Kronos-Tokenizer-base,cuda:0,120,24,1,1.354,0.955677568912506,1.419,-0.2941820025444031,0.0480059084194977,-0.3421879109639008,0.3421879109639008,0.1170925664098384,DOWN,UP,False,1.289,1.543,0.1875923190546528,PASS,
2025-09-03_588000_RECONSTRUCTED,2025-09-03,588000,科创50ETF,3,0.675,NeoQuasar/Kronos-small,NeoQuasar/Kronos-Tokenizer-base,cuda:0,120,24,1,1.365,1.0801290273666382,1.501,-0.2086966633796692,0.0996336996336995,-0.3083303630133687,0.3083303630133687,0.0950676127559557,DOWN,UP,False,1.282,1.618,0.2461538461538462,PASS,
2025-09-03_588080_RECONSTRUCTED,2025-09-03,588080,科创板50ETF,4,0.675,NeoQuasar/Kronos-small,NeoQuasar/Kronos-Tokenizer-base,cuda:0,120,24,1,1.321,1.041513204574585,1.453,-0.2115721106529235,0.0999242997728995,-0.3114964104258231,0.3114964104258231,0.0970300137081728,DOWN,UP,False,1.238,1.567,0.2490537471612414,PASS,
2025-09-03_512480_RECONSTRUCTED,2025-09-03,512480,半导体ETF,5,0.6050000000000001,NeoQuasar/Kronos-small,NeoQuasar/Kronos-Tokenizer-base,cuda:0,120,24,1,1.332,1.0411728620529177,1.492,-0.2183387279510498,0.12012012012012,-0.3384588480711699,0.3384588480711699,0.1145543918376632,DOWN,UP,False,1.234,1.621,0.2905405405405405,PASS,
2025-09-04_159915_RECONSTRUCTED,2025-09-04,159915,创业板ETF,1,0.78,NeoQuasar/Kronos-small,NeoQuasar/Kronos-Tokenizer-base,cuda:0,120,24,1,2.751,2.1001155376434326,3.014,-0.2365992069244384,0.0956015994183931,-0.3322008063428316,0.3322008063428316,0.1103573757348275,DOWN,UP,False,2.845,3.235,0.1417666303162485,PASS,
2025-09-04_159949_RECONSTRUCTED,2025-09-04,159949,创业板50ETF,2,0.77,NeoQuasar/Kronos-small,NeoQuasar/Kronos-Tokenizer-base,cuda:0,120,24,1,1.289,1.103066086769104,1.429,-0.1442466378211975,0.108611326609775,-0.2528579644309725,0.2528579644309725,0.0639371501761749,DOWN,UP,False,1.336,1.543,0.1605896043444529,PASS,
2025-09-04_588000_RECONSTRUCTED,2025-09-04,588000,科创50ETF,3,0.6950000000000001,NeoQuasar/Kronos-small,NeoQuasar/Kronos-Tokenizer-base,cuda:0,120,24,1,1.282,1.075335144996643,1.487,-0.161204993724823,0.1599063962558502,-0.3211113899806732,0.3211113899806732,0.10311252477532,DOWN,UP,False,1.307,1.618,0.2425897035881436,PASS,
2025-09-04_588080_RECONSTRUCTED,2025-09-04,588080,科创板50ETF,4,0.6600000000000001,NeoQuasar/Kronos-small,NeoQuasar/Kronos-Tokenizer-base,cuda:0,120,24,1,1.238,0.9677795171737672,1.441,-0.218271791934967,0.1639741518578352,-0.3822459437928023,0.3822459437928023,0.1461119615460501,DOWN,UP,False,1.263,1.567,0.2455573505654281,PASS,
2025-09-04_510300_RECONSTRUCTED,2025-09-04,510300,沪深300ETF,5,0.545,NeoQuasar/Kronos-small,NeoQuasar/Kronos-Tokenizer-base,cuda:0,120,24,1,4.333,3.819403648376465,4.598,-0.1185314059257507,0.0611585506577427,-0.1796899565834935,0.1796899565834935,0.0322884804969777,DOWN,UP,False,4.405,4.693,0.0664666512808676,PASS,
2025-09-05_159915_RECONSTRUCTED,2025-09-05,159915,创业板ETF,1,0.78,NeoQuasar/Kronos-small,NeoQuasar/Kronos-Tokenizer-base,cuda:0,120,24,1,2.944,2.095369577407837,2.915,-0.2882575988769531,-0.0098505434782608,-0.2784070553986922,0.2784070553986922,0.0775104884957705,DOWN,DOWN,True,2.845,3.235,0.1324728260869564,PASS,
2025-09-05_159949_RECONSTRUCTED,2025-09-05,159949,创业板50ETF,2,0.77,NeoQuasar/Kronos-small,NeoQuasar/Kronos-Tokenizer-base,cuda:0,120,24,1,1.394,0.8812572360038757,1.381,-0.3678212165832519,-0.0093256814921089,-0.3584955350911429,0.3584955350911429,0.1285190486802849,DOWN,DOWN,True,1.336,1.543,0.1484935437589669,PASS,
2025-09-05_588000_RECONSTRUCTED,2025-09-05,588000,科创50ETF,3,0.675,NeoQuasar/Kronos-small,NeoQuasar/Kronos-Tokenizer-base,cuda:0,120,24,1,1.326,1.1150579452514648,1.433,-0.1590814590454101,0.0806938159879335,-0.2397752750333437,0.2397752750333437,0.0574921825173156,DOWN,UP,False,1.307,1.618,0.2345399698340876,PASS,
2025-09-05_588080_RECONSTRUCTED,2025-09-05,588080,科创板50ETF,4,0.625,NeoQuasar/Kronos-small,NeoQuasar/Kronos-Tokenizer-base,cuda:0,120,24,1,1.282,1.0509742498397827,1.388,-0.1802072525024414,0.0826833073322932,-0.2628905598347346,0.2628905598347346,0.0691114464502201,DOWN,UP,False,1.263,1.567,0.2371294851794072,PASS,
2025-09-05_515030_RECONSTRUCTED,2025-09-05,515030,新能源车ETF,5,0.5800000000000002,NeoQuasar/Kronos-small,NeoQuasar/Kronos-Tokenizer-base,cuda:0,120,24,1,1.61,1.2604864835739136,1.729,-0.2170891761779785,0.0739130434782608,-0.2910022196562394,0.2910022196562394,0.0846822918448582,DOWN,UP,False,1.629,1.949,0.1987577639751553,PASS,
2025-09-08_159915_RECONSTRUCTED,2025-09-08,159915,创业板ETF,1,0.78,NeoQuasar/Kronos-small,NeoQuasar/Kronos-Tokenizer-base,cuda:0,120,24,1,2.908,1.9569334983825684,2.971,-0.3270517587661743,0.0216643741403026,-0.3487161329064769,0.3487161329064769,0.1216029413492477,DOWN,UP,False,2.845,3.235,0.1341127922971113,PASS,
2025-09-08_159949_RECONSTRUCTED,2025-09-08,159949,创业板50ETF,2,0.77,NeoQuasar/Kronos-small,NeoQuasar/Kronos-Tokenizer-base,cuda:0,120,24,1,1.365,1.0002375841140747,1.413,-0.2672252058982849,0.0351648351648352,-0.3023900410631202,0.3023900410631202,0.0914397369341555,DOWN,UP,False,1.336,1.543,0.1516483516483515,PASS,
2025-09-08_588000_RECONSTRUCTED,2025-09-08,588000,科创50ETF,3,0.675,NeoQuasar/Kronos-small,NeoQuasar/Kronos-Tokenizer-base,cuda:0,120,24,1,1.328,1.1331344842910769,1.437,-0.1467360258102417,0.082078313253012,-0.2288143390632537,0.2288143390632537,0.0523560017609536,DOWN,UP,False,1.307,1.618,0.2341867469879519,PASS,
2025-09-08_588080_RECONSTRUCTED,2025-09-08,588080,科创板50ETF,4,0.625,NeoQuasar/Kronos-small,NeoQuasar/Kronos-Tokenizer-base,cuda:0,120,24,1,1.283,1.029068946838379,1.393,-0.1979197263717651,0.0857365549493376,-0.2836562813211027,0.2836562813211027,0.0804608859329165,DOWN,UP,False,1.263,1.567,0.2369446609508964,PASS,
2025-09-08_515030_RECONSTRUCTED,2025-09-08,515030,新能源车ETF,5,0.5800000000000002,NeoQuasar/Kronos-small,NeoQuasar/Kronos-Tokenizer-base,cuda:0,120,24,1,1.66,1.2351454496383667,1.751,-0.2559364438056946,0.0548192771084337,-0.3107557209141283,0.3107557209141283,0.0965691180808595,DOWN,UP,False,1.629,1.949,0.1927710843373494,PASS,
2025-09-09_159915_RECONSTRUCTED,2025-09-09,159915,创业板ETF,1,0.76,NeoQuasar/Kronos-small,NeoQuasar/Kronos-Tokenizer-base,cuda:0,120,24,1,2.845,2.0607621669769287,3.062,-0.2756547927856445,0.0762741652021088,-0.3519289579877533,0.3519289579877533,0.1238539914703458,DOWN,UP,False,2.875,3.235,0.1265377855887521,PASS,
2025-09-09_159949_RECONSTRUCTED,2025-09-09,159949,创业板50ETF,2,0.76,NeoQuasar/Kronos-small,NeoQuasar/Kronos-Tokenizer-base,cuda:0,120,24,1,1.336,1.0406904220581057,1.463,-0.2210400700569152,0.095059880239521,-0.3160999502964363,0.3160999502964363,0.0999191785774095,DOWN,UP,False,1.351,1.543,0.1437125748502993,PASS,
2025-09-09_588000_RECONSTRUCTED,2025-09-09,588000,科创50ETF,3,0.675,NeoQuasar/Kronos-small,NeoQuasar/Kronos-Tokenizer-base,cuda:0,120,24,1,1.307,1.0883188247680664,1.477,-0.1673153638839721,0.1300688599846979,-0.2973842238686701,0.2973842238686701,0.0884373766059713,DOWN,UP,False,1.321,1.618,0.227237949502678,PASS,
2025-09-09_515030_RECONSTRUCTED,2025-09-09,515030,新能源车ETF,4,0.625,NeoQuasar/Kronos-small,NeoQuasar/Kronos-Tokenizer-base,cuda:0,120,24,1,1.651,1.25962233543396,1.775,-0.2370549440383911,0.0751059963658389,-0.31216094040423,0.31216094040423,0.0974444527140532,DOWN,UP,False,1.629,1.949,0.1938219261053907,PASS,
2025-09-09_588080_RECONSTRUCTED,2025-09-09,588080,科创板50ETF,5,0.625,NeoQuasar/Kronos-small,NeoQuasar/Kronos-Tokenizer-base,cuda:0,120,24,1,1.263,1.0936564207077026,1.43,-0.1340804100036621,0.1322248614410135,-0.2663052714446756,0.2663052714446756,0.0709184975992223,DOWN,UP,False,1.276,1.567,0.2304038004750593,PASS,
2025-09-10_159949_RECONSTRUCTED,2025-09-10,159949,创业板50ETF,1,0.76,NeoQuasar/Kronos-small,NeoQuasar/Kronos-Tokenizer-base,cuda:0,120,24,1,1.351,0.9379943609237672,1.452,-0.3057036399841308,0.0747594374537379,-0.3804630774378688,0.3804630774378688,0.1447521532934937,DOWN,UP,False,1.381,1.543,0.1199111769059955,PASS,
2025-09-10_159915_RECONSTRUCTED,2025-09-10,159915,创业板ETF,2,0.72,NeoQuasar/Kronos-small,NeoQuasar/Kronos-Tokenizer-base,cuda:0,120,24,1,2.875,2.203876495361328,3.039,-0.23343425989151,0.0570434782608695,-0.2904777381523795,0.2904777381523795,0.0843773163621223,DOWN,UP,False,2.915,3.235,0.1113043478260869,PASS,
2025-09-10_588000_RECONSTRUCTED,2025-09-10,588000,科创50ETF,3,0.6950000000000001,NeoQuasar/Kronos-small,NeoQuasar/Kronos-Tokenizer-base,cuda:0,120,24,1,1.321,1.0770224332809448,1.476,-0.1846915483474731,0.117335352006056,-0.3020269003535292,0.3020269003535292,0.0912202485371606,DOWN,UP,False,1.393,1.618,0.170325510976533,PASS,
2025-09-10_588080_RECONSTRUCTED,2025-09-10,588080,科创板50ETF,4,0.645,NeoQuasar/Kronos-small,NeoQuasar/Kronos-Tokenizer-base,cuda:0,120,24,1,1.276,1.0914666652679443,1.429,-0.1446186304092407,0.1199059561128526,-0.2645245865220933,0.2645245865220933,0.0699732568746844,DOWN,UP,False,1.347,1.567,0.1724137931034482,PASS,
2025-09-10_515030_RECONSTRUCTED,2025-09-10,515030,新能源车ETF,5,0.6200000000000001,NeoQuasar/Kronos-small,NeoQuasar/Kronos-Tokenizer-base,cuda:0,120,24,1,1.629,1.2162361145019531,1.754,-0.2533848285675049,0.0767341927562921,-0.330119021323797,0.330119021323797,0.1089785682397815,DOWN,UP,False,1.645,1.949,0.1866175567833026,PASS,
2025-09-11_159915_RECONSTRUCTED,2025-09-11,159915,创业板ETF,1,0.78,NeoQuasar/Kronos-small,NeoQuasar/Kronos-Tokenizer-base,cuda:0,120,24,1,3.025,2.0559184551239014,3.038,-0.3203575611114502,0.004297520661157,-0.3246550817726072,0.3246550817726072,0.1054009221207783,DOWN,UP,False,2.915,3.235,0.1057851239669421,PASS,
2025-09-11_159949_RECONSTRUCTED,2025-09-11,159949,创业板50ETF,2,0.78,NeoQuasar/Kronos-small,NeoQuasar/Kronos-Tokenizer-base,cuda:0,120,24,1,1.432,0.9688155651092528,1.452,-0.3234528303146362,0.0139664804469272,-0.3374193107615635,0.3374193107615635,0.1138517912748085,DOWN,UP,False,1.381,1.543,0.1131284916201116,PASS,
2025-09-11_588000_RECONSTRUCTED,2025-09-11,588000,科创50ETF,3,0.675,NeoQuasar/Kronos-small,NeoQuasar/Kronos-Tokenizer-base,cuda:0,120,24,1,1.393,1.0635076761245728,1.473,-0.2365343570709228,0.057430007178751,-0.2939643642496738,0.2939643642496738,0.0864150474487149,DOWN,UP,False,1.406,1.618,0.15218951902369,PASS,
2025-09-11_588080_RECONSTRUCTED,2025-09-11,588080,科创板50ETF,4,0.625,NeoQuasar/Kronos-small,NeoQuasar/Kronos-Tokenizer-base,cuda:0,120,24,1,1.347,1.0339542627334597,1.424,-0.2324022054672241,0.0571640682999257,-0.2895662737671498,0.2895662737671498,0.0838486269033919,DOWN,UP,False,1.358,1.567,0.1551596139569412,PASS,
2025-09-11_515030_RECONSTRUCTED,2025-09-11,515030,新能源车ETF,5,0.5800000000000002,NeoQuasar/Kronos-small,NeoQuasar/Kronos-Tokenizer-base,cuda:0,120,24,1,1.658,1.2473623752593994,1.775,-0.2476704716682434,0.0705669481302775,-0.3182374197985209,0.3182374197985209,0.10127505536002,DOWN,UP,False,1.645,1.949,0.1833534378769602,PASS,
2025-09-12_159949_RECONSTRUCTED,2025-09-12,159949,创业板50ETF,1,0.78,NeoQuasar/Kronos-small,NeoQuasar/Kronos-Tokenizer-base,cuda:0,120,24,1,1.414,0.85671067237854,1.51,-0.3941226005554199,0.067892503536068,-0.4620151040914879,0.4620151040914879,0.2134579564086684,DOWN,UP,False,1.381,1.543,0.1145685997171145,PASS,
2025-09-12_588000_RECONSTRUCTED,2025-09-12,588000,科创50ETF,2,0.73,NeoQuasar/Kronos-small,NeoQuasar/Kronos-Tokenizer-base,cuda:0,120,24,1,1.406,1.145084023475647,1.535,-0.1855732798576355,0.0917496443812233,-0.2773229242388588,0.2773229242388588,0.0769080043083918,DOWN,UP,False,1.409,1.618,0.1486486486486487,PASS,
2025-09-12_159915_RECONSTRUCTED,2025-09-12,159915,创业板ETF,3,0.7,NeoQuasar/Kronos-small,NeoQuasar/Kronos-Tokenizer-base,cuda:0,120,24,1,2.995,2.0929696559906006,3.147,-0.3011786937713623,0.0507512520868111,-0.3519299458581735,0.3519299458581735,0.1238546867917369,DOWN,UP,False,2.915,3.235,0.1068447412353922,PASS,
2025-09-12_588080_RECONSTRUCTED,2025-09-12,588080,科创板50ETF,4,0.68,NeoQuasar/Kronos-small,NeoQuasar/Kronos-Tokenizer-base,cuda:0,120,24,1,1.358,1.033154845237732,1.487,-0.2392085194587707,0.0949926362297497,-0.3342011556885205,0.3342011556885205,0.1116904124635427,DOWN,UP,False,1.363,1.567,0.150220913107511,PASS,
2025-09-12_510500_RECONSTRUCTED,2025-09-12,510500,中证500ETF,5,0.5499999999999999,NeoQuasar/Kronos-small,NeoQuasar/Kronos-Tokenizer-base,cuda:0,120,24,1,7.18,5.904793739318848,7.307,-0.1776053309440612,0.0176880222841226,-0.1952933532281839,0.1952933532281839,0.0381394938151082,DOWN,UP,False,7.052,7.587,0.0745125348189415,PASS,
2025-09-15_159949_RECONSTRUCTED,2025-09-15,159949,创业板50ETF,1,0.76,NeoQuasar/Kronos-small,NeoQuasar/Kronos-Tokenizer-base,cuda:0,120,24,1,1.437,0.962238609790802,1.541,-0.3303837180137634,0.0723729993041057,-0.4027567173178692,0.4027567173178692,0.162212973344666,DOWN,UP,False,1.381,1.543,0.1127348643006262,PASS,
2025-09-15_159915_RECONSTRUCTED,2025-09-15,159915,创业板ETF,2,0.7,NeoQuasar/Kronos-small,NeoQuasar/Kronos-Tokenizer-base,cuda:0,120,24,1,3.037,2.035374164581299,3.209,-0.3298076391220093,0.0566348370102074,-0.3864424761322167,0.3864424761322167,0.1493377873591989,DOWN,UP,False,2.915,3.235,0.1053671386236417,PASS,
2025-09-15_588000_RECONSTRUCTED,2025-09-15,588000,科创50ETF,3,0.675,NeoQuasar/Kronos-small,NeoQuasar/Kronos-Tokenizer-base,cuda:0,120,24,1,1.409,1.0621399879455566,1.558,-0.2461746335029602,0.1057487579843861,-0.3519233914873463,0.3519233914873463,0.123850073475956,DOWN,UP,False,1.426,1.618,0.1362668559261889,PASS,
2025-09-15_588080_RECONSTRUCTED,2025-09-15,588080,科创板50ETF,4,0.6400000000000001,NeoQuasar/Kronos-small,NeoQuasar/Kronos-Tokenizer-base,cuda:0,120,24,1,1.363,1.0187933444976809,1.509,-0.2525360584259033,0.107116654438738,-0.3596527128646414,0.3596527128646414,0.1293500738708962,DOWN,UP,False,1.38,1.567,0.1371973587674248,PASS,
2025-09-15_515030_RECONSTRUCTED,2025-09-15,515030,新能源车ETF,5,0.6050000000000001,NeoQuasar/Kronos-small,NeoQuasar/Kronos-Tokenizer-base,cuda:0,120,24,1,1.685,1.2582604885101318,1.816,-0.2532578706741333,0.0777448071216617,-0.331002677795795,0.331002677795795,0.1095627727079869,DOWN,UP,False,1.699,1.949,0.1483679525222551,PASS,
2025-09-16_159949_RECONSTRUCTED,2025-09-16,159949,创业板50ETF,1,0.72,NeoQuasar/Kronos-small,NeoQuasar/Kronos-Tokenizer-base,cuda:0,120,24,1,1.453,0.9121860265731812,1.538,-0.3722050786018371,0.0584996558843771,-0.4307047344862142,0.4307047344862142,0.1855065683088403,DOWN,UP,False,1.381,1.543,0.1114934618031658,PASS,
2025-09-16_588000_RECONSTRUCTED,2025-09-16,588000,科创50ETF,2,0.6900000000000002,NeoQuasar/Kronos-small,NeoQuasar/Kronos-Tokenizer-base,cuda:0,120,24,1,1.426,1.0777833461761477,1.545,-0.2441912293434143,0.0834502103786816,-0.3276414397220959,0.3276414397220959,0.1073489130231678,DOWN,UP,False,1.431,1.618,0.1311360448807854,PASS,
2025-09-16_588080_RECONSTRUCTED,2025-09-16,588080,科创板50ETF,3,0.68,NeoQuasar/Kronos-small,NeoQuasar/Kronos-Tokenizer-base,cuda:0,120,24,1,1.38,1.0111476182937622,1.496,-0.2672843337059021,0.0840579710144928,-0.3513423047203949,0.3513423047203949,0.1234414150862388,DOWN,UP,False,1.384,1.567,0.1326086956521739,PASS,
2025-09-16_159915_RECONSTRUCTED,2025-09-16,159915,创业板ETF,4,0.6799999999999999,NeoQuasar/Kronos-small,NeoQuasar/Kronos-Tokenizer-base,cuda:0,120,24,1,3.059,2.1449079513549805,3.205,-0.2988205552101135,0.0477280156914023,-0.3465485709015159,0.3465485709015159,0.120095911993883,DOWN,UP,False,2.915,3.235,0.1046093494606079,PASS,
2025-09-16_512760_RECONSTRUCTED,2025-09-16,512760,芯片ETF,5,0.5850000000000001,NeoQuasar/Kronos-small,NeoQuasar/Kronos-Tokenizer-base,cuda:0,120,24,1,0.776,0.593665361404419,0.867,-0.2349673509597778,0.1172680412371134,-0.3522353921968912,0.3522353921968912,0.1240697715160978,DOWN,UP,False,0.783,0.906,0.1585051546391752,PASS,
2025-09-17_159949_RECONSTRUCTED,2025-09-17,159949,创业板50ETF,1,0.78,NeoQuasar/Kronos-small,NeoQuasar/Kronos-Tokenizer-base,cuda:0,120,24,1,1.48,0.9560033679008484,1.59,-0.3540517687797546,0.0743243243243243,-0.428376093104079,0.428376093104079,0.1835060771431145,DOWN,UP,False,1.381,1.59,0.1412162162162162,PASS,
2025-09-17_159915_RECONSTRUCTED,2025-09-17,159915,创业板ETF,2,0.76,NeoQuasar/Kronos-small,NeoQuasar/Kronos-Tokenizer-base,cuda:0,120,24,1,3.119,2.093785762786865,3.3,-0.3286996483802795,0.0580314203270277,-0.3867310687073073,0.3867310687073073,0.149560919503496,DOWN,UP,False,2.915,3.3,0.1234369990381531,PASS,
2025-09-17_588000_RECONSTRUCTED,2025-09-17,588000,科创50ETF,3,0.6900000000000002,NeoQuasar/Kronos-small,NeoQuasar/Kronos-Tokenizer-base,cuda:0,120,24,1,1.44,1.0383827686309814,1.565,-0.2789008617401123,0.0868055555555555,-0.3657064172956679,0.3657064172956679,0.1337411836512331,DOWN,UP,False,1.431,1.618,0.1298611111111111,PASS,
2025-09-17_588080_RECONSTRUCTED,2025-09-17,588080,科创板50ETF,4,0.6400000000000001,NeoQuasar/Kronos-small,NeoQuasar/Kronos-Tokenizer-base,cuda:0,120,24,1,1.392,1.0402960777282717,1.515,-0.252660870552063,0.0883620689655173,-0.3410229395175803,0.3410229395175803,0.1162966452772112,DOWN,UP,False,1.384,1.567,0.1314655172413793,PASS,
2025-09-17_515030_RECONSTRUCTED,2025-09-17,515030,新能源车ETF,5,0.5700000000000001,NeoQuasar/Kronos-small,NeoQuasar/Kronos-Tokenizer-base,cuda:0,120,24,1,1.731,1.2840803861618042,1.888,-0.2581857442855835,0.0906990179087232,-0.3488847621943067,0.3488847621943067,0.1217205772913779,DOWN,UP,False,1.711,1.949,0.1374927787406123,PASS,
2025-09-18_159949_RECONSTRUCTED,2025-09-18,159949,创业板50ETF,1,0.76,NeoQuasar/Kronos-small,NeoQuasar/Kronos-Tokenizer-base,cuda:0,120,24,1,1.455,0.920591413974762,1.558,-0.3672911524772644,0.0707903780068728,-0.4380815304841372,0.4380815304841372,0.191915427351324,DOWN,UP,False,1.381,1.59,0.1436426116838488,PASS,
2025-09-18_159915_RECONSTRUCTED,2025-09-18,159915,创业板ETF,2,0.7,NeoQuasar/Kronos-small,NeoQuasar/Kronos-Tokenizer-base,cuda:0,120,24,1,3.067,2.063707113265991,3.239,-0.3271251320838928,0.0560808607760026,-0.3832059928598954,0.3832059928598954,0.1468468329637382,DOWN,UP,False,2.915,3.3,0.1255298337137267,PASS,
2025-09-18_588000_RECONSTRUCTED,2025-09-18,588000,科创50ETF,3,0.675,NeoQuasar/Kronos-small,NeoQuasar/Kronos-Tokenizer-base,cuda:0,120,24,1,1.45,1.104116439819336,1.535,-0.2385404109954834,0.0586206896551724,-0.2971611006506558,0.2971611006506558,0.0883047197399092,DOWN,UP,False,1.431,1.618,0.1289655172413793,PASS,
2025-09-18_588080_RECONSTRUCTED,2025-09-18,588080,科创板50ETF,4,0.625,NeoQuasar/Kronos-small,NeoQuasar/Kronos-Tokenizer-base,cuda:0,120,24,1,1.401,1.052362084388733,1.488,-0.248849332332611,0.0620985010706638,-0.3109478334032749,0.3109478334032749,0.0966885550981908,DOWN,UP,False,1.384,1.567,0.1306209850107066,PASS,
2025-09-18_512760_RECONSTRUCTED,2025-09-18,512760,芯片ETF,5,0.5850000000000002,NeoQuasar/Kronos-small,NeoQuasar/Kronos-Tokenizer-base,cuda:0,120,24,1,0.799,0.5865927934646606,0.849,-0.2658413052558899,0.062578222778473,-0.3284195280343629,0.3284195280343629,0.1078593863943137,DOWN,UP,False,0.785,0.906,0.1514392991239048,PASS,
2025-09-19_159915_RECONSTRUCTED,2025-09-19,159915,创业板ETF,1,0.76,NeoQuasar/Kronos-small,NeoQuasar/Kronos-Tokenizer-base,cuda:0,120,24,1,3.062,2.0914077758789062,3.166,-0.3169798254966736,0.0339647289353364,-0.35094455443201,0.35094455443201,0.123162080285482,DOWN,UP,False,2.915,3.3,0.1257348138471586,PASS,
2025-09-19_159949_RECONSTRUCTED,2025-09-19,159949,创业板50ETF,2,0.75,NeoQuasar/Kronos-small,NeoQuasar/Kronos-Tokenizer-base,cuda:0,120,24,1,1.455,0.885841429233551,1.513,-0.39117431640625,0.0398625429553263,-0.4310368593615763,0.4310368593615763,0.1857927741282913,DOWN,UP,False,1.381,1.59,0.1436426116838488,PASS,
2025-09-19_588000_RECONSTRUCTED,2025-09-19,588000,科创50ETF,3,0.6799999999999999,NeoQuasar/Kronos-small,NeoQuasar/Kronos-Tokenizer-base,cuda:0,120,24,1,1.431,1.0677282810211182,1.488,-0.2538586258888244,0.0398322851153039,-0.2936909110041283,0.2936909110041283,0.0862543512064348,DOWN,UP,False,1.433,1.618,0.1292802236198462,PASS,
2025-09-19_588080_RECONSTRUCTED,2025-09-19,588080,科创板50ETF,4,0.6050000000000001,NeoQuasar/Kronos-small,NeoQuasar/Kronos-Tokenizer-base,cuda:0,120,24,1,1.384,1.026312232017517,1.442,-0.2584449052810669,0.0419075144508671,-0.300352419731934,0.300352419731934,0.0902115760388278,DOWN,UP,False,1.388,1.567,0.1293352601156069,PASS,
2025-09-19_515030_RECONSTRUCTED,2025-09-19,515030,新能源车ETF,5,0.56,NeoQuasar/Kronos-small,NeoQuasar/Kronos-Tokenizer-base,cuda:0,120,24,1,1.711,1.2407883405685425,1.894,-0.2748168706893921,0.1069549970777321,-0.3817718677671242,0.3817718677671242,0.1457497590183986,DOWN,UP,False,1.716,1.949,0.136177673874927,PASS,
2025-09-22_159915_RECONSTRUCTED,2025-09-22,159915,创业板ETF,1,0.76,NeoQuasar/Kronos-small,NeoQuasar/Kronos-Tokenizer-base,cuda:0,120,24,1,3.082,2.087820053100586,3.176,-0.3225762248039245,0.0304996755353668,-0.3530759003392913,0.3530759003392913,0.1246625914004012,DOWN,UP,False,2.915,3.3,0.1249188838416612,PASS,
2025-09-22_159949_RECONSTRUCTED,2025-09-22,159949,创业板50ETF,2,0.75,NeoQuasar/Kronos-small,NeoQuasar/Kronos-Tokenizer-base,cuda:0,120,24,1,1.466,1.10872220993042,1.521,-0.2437092661857605,0.0375170532060027,-0.2812263193917632,0.2812263193917632,0.079088242718638,DOWN,UP,False,1.381,1.59,0.1425648021828104,PASS,
2025-09-22_588000_RECONSTRUCTED,2025-09-22,588000,科创50ETF,3,0.6399999999999999,NeoQuasar/Kronos-small,NeoQuasar/Kronos-Tokenizer-base,cuda:0,120,24,1,1.479,1.038633942604065,1.47,-0.2977458238601684,-0.0060851926977688,-0.2916606311623996,0.2916606311623996,0.0850659237700493,DOWN,DOWN,True,1.433,1.618,0.1250845165652468,PASS,
2025-09-22_588080_RECONSTRUCTED,2025-09-22,588080,科创板50ETF,4,0.6150000000000001,NeoQuasar/Kronos-small,NeoQuasar/Kronos-Tokenizer-base,cuda:0,120,24,1,1.433,1.0477735996246338,1.425,-0.2688251137733459,-0.0055826936496859,-0.2632424201236599,0.2632424201236599,0.0692965717525614,DOWN,DOWN,True,1.388,1.567,0.1249127704117236,PASS,
2025-09-22_512480_RECONSTRUCTED,2025-09-22,512480,半导体ETF,5,0.5850000000000001,NeoQuasar/Kronos-small,NeoQuasar/Kronos-Tokenizer-base,cuda:0,120,24,1,1.462,1.0468602180480957,1.452,-0.2839533686637878,-0.0068399452804377,-0.2771134233833501,0.2771134233833501,0.0767918494192398,DOWN,DOWN,True,1.423,1.621,0.1354309165526675,PASS,
2025-09-23_159915_RECONSTRUCTED,2025-09-23,159915,创业板ETF,1,0.76,NeoQuasar/Kronos-small,NeoQuasar/Kronos-Tokenizer-base,cuda:0,120,24,1,3.093,2.1307153701782227,3.112,-0.3111169338226318,0.0061429033301003,-0.3172598371527322,0.3172598371527322,0.1006538042701781,DOWN,UP,False,2.915,3.3,0.1244746201099255,PASS,
2025-09-23_159949_RECONSTRUCTED,2025-09-23,159949,创业板50ETF,2,0.75,NeoQuasar/Kronos-small,NeoQuasar/Kronos-Tokenizer-base,cuda:0,120,24,1,1.476,1.0106818675994873,1.488,-0.3152561783790588,0.0081300813008129,-0.3233862596798718,0.3233862596798718,0.1045786729497374,DOWN,UP,False,1.381,1.59,0.1415989159891599,PASS,
2025-09-23_588000_RECONSTRUCTED,2025-09-23,588000,科创50ETF,3,0.6399999999999999,NeoQuasar/Kronos-small,NeoQuasar/Kronos-Tokenizer-base,cuda:0,120,24,1,1.475,1.0820449590682983,1.455,-0.266410231590271,-0.0135593220338983,-0.2528509095563727,0.2528509095563727,0.0639335824634849,DOWN,DOWN,True,1.433,1.618,0.1254237288135593,PASS,
2025-09-23_588080_RECONSTRUCTED,2025-09-23,588080,科创板50ETF,4,0.6000000000000001,NeoQuasar/Kronos-small,NeoQuasar/Kronos-Tokenizer-base,cuda:0,120,24,1,1.428,1.0518534183502195,1.411,-0.2634079456329345,-0.0119047619047618,-0.2515031837281727,0.2515031837281727,0.063253851425407,DOWN,DOWN,True,1.388,1.567,0.1253501400560224,PASS,
2025-09-23_512480_RECONSTRUCTED,2025-09-23,512480,半导体ETF,5,0.5850000000000001,NeoQuasar/Kronos-small,NeoQuasar/Kronos-Tokenizer-base,cuda:0,120,24,1,1.467,1.0589714050292969,1.436,-0.2781381011009216,-0.0211315610088617,-0.2570065400920599,0.2570065400920599,0.0660523616500916,DOWN,DOWN,True,1.423,1.621,0.1349693251533742,PASS,
2025-09-24_159949_RECONSTRUCTED,2025-09-24,159949,创业板50ETF,1,0.755,NeoQuasar/Kronos-small,NeoQuasar/Kronos-Tokenizer-base,cuda:0,120,24,1,1.505,1.028268575668335,1.505,-0.3167650699615478,0.0,-0.3167650699615478,0.3167650699615478,0.1003401095477443,DOWN,FLAT,False,1.381,1.59,0.1388704318936877,PASS,
2025-09-24_159915_RECONSTRUCTED,2025-09-24,159915,创业板ETF,2,0.72,NeoQuasar/Kronos-small,NeoQuasar/Kronos-Tokenizer-base,cuda:0,120,24,1,3.16,2.1788580417633057,3.142,-0.3104879856109619,-0.0056962025316456,-0.3047917830793163,0.3047917830793163,0.092898031032669,DOWN,DOWN,True,2.915,3.3,0.1218354430379746,PASS,
2025-09-24_512480_RECONSTRUCTED,2025-09-24,512480,半导体ETF,3,0.6300000000000001,NeoQuasar/Kronos-small,NeoQuasar/Kronos-Tokenizer-base,cuda:0,120,24,1,1.543,1.087191104888916,1.424,-0.295404314994812,-0.0771224886584575,-0.2182818263363545,0.2182818263363545,0.0476469557087344,DOWN,DOWN,True,1.423,1.621,0.1283214517174335,PASS,
2025-09-24_588000_RECONSTRUCTED,2025-09-24,588000,科创50ETF,4,0.6149999999999998,NeoQuasar/Kronos-small,NeoQuasar/Kronos-Tokenizer-base,cuda:0,120,24,1,1.53,1.1663531064987185,1.46,-0.2376776933670044,-0.0457516339869281,-0.1919260593800762,0.1919260593800762,0.0368356122691645,DOWN,DOWN,True,1.433,1.618,0.1209150326797385,PASS,
2025-09-24_512760_RECONSTRUCTED,2025-09-24,512760,芯片ETF,5,0.5800000000000001,NeoQuasar/Kronos-small,NeoQuasar/Kronos-Tokenizer-base,cuda:0,120,24,1,0.86,0.6126155257225037,0.795,-0.2876563668251037,-0.0755813953488371,-0.2120749714762666,0.2120749714762666,0.0449757935266593,DOWN,DOWN,True,0.792,0.906,0.1325581395348837,PASS,
2025-09-25_159949_RECONSTRUCTED,2025-09-25,159949,创业板50ETF,1,0.75,NeoQuasar/Kronos-small,NeoQuasar/Kronos-Tokenizer-base,cuda:0,120,24,1,1.53,0.9554916620254515,1.535,-0.3754956126213074,0.0032679738562091,-0.3787635864775165,0.3787635864775165,0.1434618544413111,DOWN,UP,False,1.381,1.59,0.1366013071895425,PASS,
2025-09-25_159915_RECONSTRUCTED,2025-09-25,159915,创业板ETF,2,0.72,NeoQuasar/Kronos-small,NeoQuasar/Kronos-Tokenizer-base,cuda:0,120,24,1,3.211,2.050925970077514,3.201,-0.3612812161445617,-0.0031142946122703,-0.3581669215322914,0.3581669215322914,0.1282835436799186,DOWN,DOWN,True,2.915,3.3,0.1199003425724073,PASS,
2025-09-25_512480_RECONSTRUCTED,2025-09-25,512480,半导体ETF,3,0.6300000000000001,NeoQuasar/Kronos-small,NeoQuasar/Kronos-Tokenizer-base,cuda:0,120,24,1,1.546,1.065898299217224,1.48,-0.3105444312095642,-0.0426908150064683,-0.2678536162030959,0.2678536162030959,0.0717455597130753,DOWN,DOWN,True,1.423,1.621,0.1280724450194048,PASS,
2025-09-25_588000_RECONSTRUCTED,2025-09-25,588000,科创50ETF,4,0.6199999999999999,NeoQuasar/Kronos-small,NeoQuasar/Kronos-Tokenizer-base,cuda:0,120,24,1,1.548,1.1035070419311523,1.509,-0.2871401309967041,-0.0251937984496124,-0.2619463325470916,0.2619463325470916,0.0686158811348715,DOWN,DOWN,True,1.433,1.618,0.1195090439276486,PASS,
2025-09-25_512760_RECONSTRUCTED,2025-09-25,512760,芯片ETF,5,0.56,NeoQuasar/Kronos-small,NeoQuasar/Kronos-Tokenizer-base,cuda:0,120,24,1,0.863,0.5923957824707031,0.825,-0.3135622143745422,-0.0440324449594438,-0.2695297694150984,0.2695297694150984,0.0726462966009561,DOWN,DOWN,True,0.792,0.906,0.1320973348783314,PASS,
2025-09-26_159949_RECONSTRUCTED,2025-09-26,159949,创业板50ETF,1,0.7250000000000001,NeoQuasar/Kronos-small,NeoQuasar/Kronos-Tokenizer-base,cuda:0,120,24,1,1.492,0.979695200920105,1.527,-0.3433678150177002,0.0234584450402144,-0.3668262600579146,0.3668262600579146,0.1345615050680768,DOWN,UP,False,1.381,1.59,0.1400804289544236,PASS,
2025-09-26_159915_RECONSTRUCTED,2025-09-26,159915,创业板ETF,2,0.6600000000000001,NeoQuasar/Kronos-small,NeoQuasar/Kronos-Tokenizer-base,cuda:0,120,24,1,3.129,2.12427020072937,3.185,-0.321102499961853,0.0178970917225951,-0.3389995916844481,0.3389995916844481,0.1149207231622225,DOWN,UP,False,2.915,3.3,0.123042505592841,PASS,
2025-09-26_512480_RECONSTRUCTED,2025-09-26,512480,半导体ETF,3,0.6500000000000001,NeoQuasar/Kronos-small,NeoQuasar/Kronos-Tokenizer-base,cuda:0,120,24,1,1.523,1.0953350067138672,1.461,-0.2808043360710144,-0.0407091267235717,-0.2400952093474426,0.2400952093474426,0.0576457095515923,DOWN,DOWN,True,1.423,1.621,0.1300065659881812,PASS,
2025-09-26_588000_RECONSTRUCTED,2025-09-26,588000,科创50ETF,4,0.615,NeoQuasar/Kronos-small,NeoQuasar/Kronos-Tokenizer-base,cuda:0,120,24,1,1.524,1.1012028455734253,1.487,-0.27742600440979,-0.024278215223097,-0.253147789186693,0.253147789186693,0.0640838031701103,DOWN,DOWN,True,1.433,1.618,0.1213910761154856,PASS,
2025-09-26_512760_RECONSTRUCTED,2025-09-26,512760,芯片ETF,5,0.6050000000000001,NeoQuasar/Kronos-small,NeoQuasar/Kronos-Tokenizer-base,cuda:0,120,24,1,0.852,0.5875692367553711,0.814,-0.3103647232055664,-0.0446009389671362,-0.2657637842384301,0.2657637842384301,0.0706303890127308,DOWN,DOWN,True,0.792,0.906,0.1338028169014084,PASS,
2025-09-29_159949_RECONSTRUCTED,2025-09-29,159949,创业板50ETF,1,0.745,NeoQuasar/Kronos-small,NeoQuasar/Kronos-Tokenizer-base,cuda:0,120,24,1,1.539,0.9756619334220886,1.504,-0.3660416603088379,-0.0227420402858998,-0.343299620022938,0.343299620022938,0.1178546291078936,DOWN,DOWN,True,1.381,1.59,0.1358024691358025,PASS,
2025-09-29_159915_RECONSTRUCTED,2025-09-29,159915,创业板ETF,2,0.7250000000000001,NeoQuasar/Kronos-small,NeoQuasar/Kronos-Tokenizer-base,cuda:0,120,24,1,3.213,2.058300256729126,3.158,-0.3593837022781372,-0.0171179582944289,-0.3422657439837082,0.3422657439837082,0.1171458395047213,DOWN,DOWN,True,2.915,3.3,0.1198257080610021,PASS,
2025-09-29_512480_RECONSTRUCTED,2025-09-29,512480,半导体ETF,3,0.6150000000000001,NeoQuasar/Kronos-small,NeoQuasar/Kronos-Tokenizer-base,cuda:0,120,24,1,1.54,1.0617125034332275,1.453,-0.3105762600898742,-0.0564935064935064,-0.2540827535963678,0.2540827535963678,0.0645580456751125,DOWN,DOWN,True,1.423,1.621,0.1285714285714285,PASS,
2025-09-29_588000_RECONSTRUCTED,2025-09-29,588000,科创50ETF,4,0.6000000000000001,NeoQuasar/Kronos-small,NeoQuasar/Kronos-Tokenizer-base,cuda:0,120,24,1,1.543,1.0935795307159424,1.478,-0.2912640571594238,-0.0421257290991574,-0.2491383280602663,0.2491383280602663,0.0620699065086649,DOWN,DOWN,True,1.433,1.618,0.1198963058976021,PASS,
2025-09-29_512760_RECONSTRUCTED,2025-09-29,512760,芯片ETF,5,0.5850000000000001,NeoQuasar/Kronos-small,NeoQuasar/Kronos-Tokenizer-base,cuda:0,120,24,1,0.862,0.5900399088859558,0.81,-0.315498948097229,-0.0603248259860788,-0.2551741221111502,0.2551741221111502,0.0651138325951962,DOWN,DOWN,True,0.792,0.906,0.1322505800464037,PASS,
2025-09-30_159949_RECONSTRUCTED,2025-09-30,159949,创业板50ETF,1,0.7000000000000001,NeoQuasar/Kronos-small,NeoQuasar/Kronos-Tokenizer-base,cuda:0,120,24,1,1.537,0.9350655674934388,1.48,-0.3916293978691101,-0.0370852309694209,-0.3545441668996891,0.3545441668996891,0.1257015662825946,DOWN,DOWN,True,1.381,1.59,0.1359791802212102,PASS,
2025-09-30_512480_RECONSTRUCTED,2025-09-30,512480,半导体ETF,2,0.6750000000000002,NeoQuasar/Kronos-small,NeoQuasar/Kronos-Tokenizer-base,cuda:0,120,24,1,1.576,1.0298748016357422,1.429,-0.3465261459350586,-0.0932741116751268,-0.2532520342599317,0.2532520342599317,0.0641365928567936,DOWN,DOWN,True,1.423,1.621,0.1256345177664974,PASS,
2025-09-30_159915_RECONSTRUCTED,2025-09-30,159915,创业板ETF,3,0.645,NeoQuasar/Kronos-small,NeoQuasar/Kronos-Tokenizer-base,cuda:0,120,24,1,3.217,2.1177635192871094,3.113,-0.3416961431503296,-0.0323282561392601,-0.3093678870110694,0.3093678870110694,0.0957084895136938,DOWN,DOWN,True,2.915,3.3,0.1196767174386073,PASS,
2025-09-30_588000_RECONSTRUCTED,2025-09-30,588000,科创50ETF,4,0.6199999999999999,NeoQuasar/Kronos-small,NeoQuasar/Kronos-Tokenizer-base,cuda:0,120,24,1,1.57,1.101698875427246,1.457,-0.2982810139656067,-0.0719745222929936,-0.226306491672613,0.226306491672613,0.0512146281731664,DOWN,DOWN,True,1.433,1.618,0.1178343949044586,PASS,
2025-09-30_512760_RECONSTRUCTED,2025-09-30,512760,芯片ETF,5,0.6050000000000001,NeoQuasar/Kronos-small,NeoQuasar/Kronos-Tokenizer-base,cuda:0,120,24,1,0.88,0.5760889649391174,0.796,-0.3453534245491028,-0.0954545454545454,-0.2498988790945573,0.2498988790945573,0.0624494497727161,DOWN,DOWN,True,0.792,0.906,0.1295454545454545,PASS,
2025-10-09_512480_RECONSTRUCTED,2025-10-09,512480,半导体ETF,1,0.6900000000000001,NeoQuasar/Kronos-small,NeoQuasar/Kronos-Tokenizer-base,cuda:0,120,24,1,1.621,1.1402945518493652,1.422,-0.2965487241744995,-0.122763726095003,-0.1737849980794964,0.1737849980794964,0.0302012255574905,DOWN,DOWN,True,1.422,1.565,0.0882171499074645,PASS,
2025-10-09_588000_RECONSTRUCTED,2025-10-09,588000,科创50ETF,2,0.675,NeoQuasar/Kronos-small,NeoQuasar/Kronos-Tokenizer-base,cuda:0,120,24,1,1.618,1.0510687828063965,1.449,-0.3503901362419128,-0.1044499381953029,-0.2459401980466099,0.2459401980466099,0.0604865810152057,DOWN,DOWN,True,1.433,1.565,0.0815822002472187,PASS,
2025-10-09_588080_RECONSTRUCTED,2025-10-09,588080,科创板50ETF,3,0.6500000000000001,NeoQuasar/Kronos-small,NeoQuasar/Kronos-Tokenizer-base,cuda:0,120,24,1,1.567,1.0762923955917358,1.405,-0.3131510019302368,-0.1033822590938098,-0.209768742836427,0.209768742836427,0.044002925471175,DOWN,DOWN,True,1.388,1.515,0.0810465858328015,PASS,
2025-10-09_512760_RECONSTRUCTED,2025-10-09,512760,芯片ETF,4,0.62,NeoQuasar/Kronos-small,NeoQuasar/Kronos-Tokenizer-base,cuda:0,120,24,1,0.906,0.6070574522018433,0.792,-0.3299586772918701,-0.1258278145695364,-0.2041308627223337,0.2041308627223337,0.0416694091157642,DOWN,DOWN,True,0.792,0.874,0.0905077262693156,PASS,
2025-10-09_159949_RECONSTRUCTED,2025-10-09,159949,创业板50ETF,5,0.6150000000000001,NeoQuasar/Kronos-small,NeoQuasar/Kronos-Tokenizer-base,cuda:0,120,24,1,1.543,0.896361768245697,1.481,-0.4190785884857178,-0.0401814646791962,-0.3788971238065215,0.3788971238065215,0.1435630304288545,DOWN,DOWN,True,1.381,1.59,0.135450421257291,PASS,
2025-10-10_512480_RECONSTRUCTED,2025-10-10,512480,半导体ETF,1,0.7200000000000001,NeoQuasar/Kronos-small,NeoQuasar/Kronos-Tokenizer-base,cuda:0,120,24,1,1.524,1.0110443830490112,1.447,-0.3365850448608398,-0.050524934383202,-0.2860601104776378,0.2860601104776378,0.0818303868064783,DOWN,DOWN,True,1.422,1.565,0.0938320209973753,PASS,
2025-10-10_588000_RECONSTRUCTED,2025-10-10,588000,科创50ETF,2,0.685,NeoQuasar/Kronos-small,NeoQuasar/Kronos-Tokenizer-base,cuda:0,120,24,1,1.528,1.0926921367645264,1.469,-0.2848873734474182,-0.0386125654450261,-0.2462748080023921,0.2462748080023921,0.060651281056615,DOWN,DOWN,True,1.433,1.565,0.0863874345549737,PASS,
2025-10-10_588080_RECONSTRUCTED,2025-10-10,588080,科创板50ETF,3,0.6600000000000001,NeoQuasar/Kronos-small,NeoQuasar/Kronos-Tokenizer-base,cuda:0,120,24,1,1.484,0.979852557182312,1.423,-0.3397219777107239,-0.0411051212938005,-0.2986168564169233,0.2986168564169233,0.0891720269363254,DOWN,DOWN,True,1.388,1.515,0.0855795148247978,PASS,
2025-10-10_512760_RECONSTRUCTED,2025-10-10,512760,芯片ETF,4,0.64,NeoQuasar/Kronos-small,NeoQuasar/Kronos-Tokenizer-base,cuda:0,120,24,1,0.851,0.5795664191246033,0.807,-0.3189584016799927,-0.0517038777908341,-0.2672545238891585,0.2672545238891585,0.0714249805392207,DOWN,DOWN,True,0.792,0.874,0.0963572267920093,PASS,
2025-10-10_159949_RECONSTRUCTED,2025-10-10,159949,创业板50ETF,5,0.6150000000000001,NeoQuasar/Kronos-small,NeoQuasar/Kronos-Tokenizer-base,cuda:0,120,24,1,1.465,1.1182217597961426,1.514,-0.2367087006568908,0.033447098976109,-0.2701557996329999,0.2701557996329999,0.0729841560753456,DOWN,UP,False,1.381,1.59,0.1426621160409556,PASS,
2025-10-13_512480_RECONSTRUCTED,2025-10-13,512480,半导体ETF,1,0.745,NeoQuasar/Kronos-small,NeoQuasar/Kronos-Tokenizer-base,cuda:0,120,24,1,1.557,1.1470032930374146,1.4,-0.2633247971534729,-0.100834938985228,-0.1624898581682449,0.1624898581682449,0.0264029540075363,DOWN,DOWN,True,1.4,1.565,0.1059730250481695,PASS,
2025-10-13_588000_RECONSTRUCTED,2025-10-13,588000,科创50ETF,2,0.7149999999999999,NeoQuasar/Kronos-small,NeoQuasar/Kronos-Tokenizer-base,cuda:0,120,24,1,1.546,1.1657068729400637,1.431,-0.245985209941864,-0.074385510996119,-0.171599698945745,0.171599698945745,0.0294464566782703,DOWN,DOWN,True,1.431,1.565,0.0866752910737386,PASS,
2025-10-13_588080_RECONSTRUCTED,2025-10-13,588080,科创板50ETF,3,0.675,NeoQuasar/Kronos-small,NeoQuasar/Kronos-Tokenizer-base,cuda:0,120,24,1,1.499,1.0572686195373535,1.387,-0.2946839928627014,-0.0747164776517679,-0.2199675152109335,0.2199675152109335,0.0483857077480722,DOWN,DOWN,True,1.387,1.515,0.0853902601734488,PASS,
2025-10-13_512760_RECONSTRUCTED,2025-10-13,512760,芯片ETF,4,0.5950000000000001,NeoQuasar/Kronos-small,NeoQuasar/Kronos-Tokenizer-base,cuda:0,120,24,1,0.861,0.5406692624092102,0.781,-0.3720449805259704,-0.0929152148664342,-0.2791297656595362,0.2791297656595362,0.0779134260771475,DOWN,DOWN,True,0.781,0.874,0.1080139372822299,PASS,
2025-10-13_510500_RECONSTRUCTED,2025-10-13,510500,中证500ETF,5,0.5599999999999999,NeoQuasar/Kronos-small,NeoQuasar/Kronos-Tokenizer-base,cuda:0,120,24,1,7.407,5.6444993019104,7.276,-0.2379506826400756,-0.0176859727285001,-0.2202647099115755,0.2202647099115755,0.0485165424324305,DOWN,DOWN,True,7.052,7.532,0.0648035641960308,PASS,
2025-10-14_512480_RECONSTRUCTED,2025-10-14,512480,半导体ETF,1,0.7250000000000001,NeoQuasar/Kronos-small,NeoQuasar/Kronos-Tokenizer-base,cuda:0,120,24,1,1.47,1.1592538356781006,1.397,-0.2113919854164123,-0.0496598639455782,-0.1617321214708341,0.1617321214708341,0.0261572791154566,DOWN,DOWN,True,1.397,1.565,0.1142857142857142,PASS,
2025-10-14_588000_RECONSTRUCTED,2025-10-14,588000,科创50ETF,2,0.6850000000000002,NeoQuasar/Kronos-small,NeoQuasar/Kronos-Tokenizer-base,cuda:0,120,24,1,1.481,1.1220964193344116,1.422,-0.2423386573791504,-0.0398379473328832,-0.2025007100462671,0.2025007100462671,0.0410065375692423,DOWN,DOWN,True,1.422,1.565,0.0965563808237677,PASS,
2025-10-14_588080_RECONSTRUCTED,2025-10-14,588080,科创板50ETF,3,0.655,NeoQuasar/Kronos-small,NeoQuasar/Kronos-Tokenizer-base,cuda:0,120,24,1,1.437,1.054423689842224,1.378,-0.2662326693534851,-0.0410577592205986,-0.2251749101328864,0.2251749101328864,0.0507037401533535,DOWN,DOWN,True,1.378,1.515,0.0953375086986778,PASS,
2025-10-14_512760_RECONSTRUCTED,2025-10-14,512760,芯片ETF,4,0.615,NeoQuasar/Kronos-small,NeoQuasar/Kronos-Tokenizer-base,cuda:0,120,24,1,0.815,0.6339781880378723,0.778,-0.2221126556396484,-0.0453987730061349,-0.1767138826335135,0.1767138826335135,0.0312277963154111,DOWN,DOWN,True,0.778,0.874,0.1177914110429447,PASS,
2025-10-14_159937_RECONSTRUCTED,2025-10-14,159937,黄金ETF,5,0.6,NeoQuasar/Kronos-small,NeoQuasar/Kronos-Tokenizer-base,cuda:0,120,24,1,8.936,7.536771297454834,8.864,-0.1565833091735839,-0.0080572963294538,-0.1485260128441301,0.1485260128441301,0.0220599764913747,DOWN,DOWN,True,8.577,9.558,0.1097806624888093,PASS,
2025-10-15_512480_RECONSTRUCTED,2025-10-15,512480,半导体ETF,1,0.7300000000000001,NeoQuasar/Kronos-small,NeoQuasar/Kronos-Tokenizer-base,cuda:0,120,24,1,1.492,1.0101264715194702,1.411,-0.3229715228080749,-0.0542895442359249,-0.26868197857215,0.26868197857215,0.0721900056094452,DOWN,DOWN,True,1.397,1.565,0.1126005361930294,PASS,
2025-10-15_588000_RECONSTRUCTED,2025-10-15,588000,科创50ETF,2,0.6799999999999999,NeoQuasar/Kronos-small,NeoQuasar/Kronos-Tokenizer-base,cuda:0,120,24,1,1.501,1.3527827262878418,1.427,-0.0987457036972045,-0.0493004663557626,-0.0494452373414419,0.0494452373414419,0.0024448314957515,DOWN,DOWN,True,1.422,1.565,0.09526982011992,PASS,
2025-10-15_588080_RECONSTRUCTED,2025-10-15,588080,科创板50ETF,3,0.655,NeoQuasar/Kronos-small,NeoQuasar/Kronos-Tokenizer-base,cuda:0,120,24,1,1.453,1.2851366996765137,1.383,-0.1155287623405456,-0.0481761871988988,-0.0673525751416468,0.0673525751416468,0.0045363693782111,DOWN,DOWN,True,1.378,1.515,0.0942876806607019,PASS,
2025-10-15_512760_RECONSTRUCTED,2025-10-15,512760,芯片ETF,4,0.61,NeoQuasar/Kronos-small,NeoQuasar/Kronos-Tokenizer-base,cuda:0,120,24,1,0.828,0.7335072755813599,0.784,-0.114121675491333,-0.0531400966183573,-0.0609815788729756,0.0609815788729756,0.0037187529618409,DOWN,DOWN,True,0.778,0.874,0.1159420289855072,PASS,
2025-10-15_159937_RECONSTRUCTED,2025-10-15,159937,黄金ETF,5,0.595,NeoQuasar/Kronos-small,NeoQuasar/Kronos-Tokenizer-base,cuda:0,120,24,1,9.165,7.649824142456055,8.761,-0.165321946144104,-0.0440807419530824,-0.1212412041910215,0.1212412041910215,0.0146994295936889,DOWN,DOWN,True,8.577,9.558,0.1070376432078559,PASS,
2025-10-16_512480_RECONSTRUCTED,2025-10-16,512480,半导体ETF,1,0.7300000000000001,NeoQuasar/Kronos-small,NeoQuasar/Kronos-Tokenizer-base,cuda:0,120,24,1,1.484,1.2071589231491089,1.398,-0.1865505576133728,-0.0579514824797844,-0.1285990751335883,0.1285990751335883,0.0165377221252143,DOWN,DOWN,True,1.397,1.565,0.1132075471698112,PASS,
2025-10-16_588000_RECONSTRUCTED,2025-10-16,588000,科创50ETF,2,0.6550000000000001,NeoQuasar/Kronos-small,NeoQuasar/Kronos-Tokenizer-base,cuda:0,120,24,1,1.487,1.2140737771987915,1.413,-0.1835414767265319,-0.0497646267652992,-0.1337768499612327,0.1337768499612327,0.0178962455855501,DOWN,DOWN,True,1.413,1.565,0.1022192333557497,PASS,
2025-10-16_588080_RECONSTRUCTED,2025-10-16,588080,科创板50ETF,3,0.6399999999999999,NeoQuasar/Kronos-small,NeoQuasar/Kronos-Tokenizer-base,cuda:0,120,24,1,1.441,1.1172183752059937,1.369,-0.2246922850608825,-0.0499653018736988,-0.1747269831871837,0.1747269831871837,0.0305295186536943,DOWN,DOWN,True,1.369,1.515,0.1013185287994447,PASS,
2025-10-16_512760_RECONSTRUCTED,2025-10-16,512760,芯片ETF,4,0.61,NeoQuasar/Kronos-small,NeoQuasar/Kronos-Tokenizer-base,cuda:0,120,24,1,0.823,0.6437998414039612,0.776,-0.2177401781082153,-0.057108140947752,-0.1606320371604632,0.1606320371604632,0.0258026513623204,DOWN,DOWN,True,0.776,0.874,0.1190765492102065,PASS,
2025-10-16_159937_RECONSTRUCTED,2025-10-16,159937,黄金ETF,5,0.605,NeoQuasar/Kronos-small,NeoQuasar/Kronos-Tokenizer-base,cuda:0,120,24,1,9.224,7.40784215927124,8.938,-0.1968948245048523,-0.0310060711188204,-0.1658887533860318,0.1658887533860318,0.0275190784999716,DOWN,DOWN,True,8.577,9.558,0.1063529921942757,PASS,
2025-10-17_512480_RECONSTRUCTED,2025-10-17,512480,半导体ETF,1,0.7050000000000001,NeoQuasar/Kronos-small,NeoQuasar/Kronos-Tokenizer-base,cuda:0,120,24,1,1.423,1.1911777257919312,1.379,-0.1629109382629394,-0.0309205903021785,-0.1319903479607609,0.1319903479607609,0.0174214519548027,DOWN,DOWN,True,1.379,1.565,0.1307097680955727,PASS,
2025-10-17_588000_RECONSTRUCTED,2025-10-17,588000,科创50ETF,2,0.6700000000000002,NeoQuasar/Kronos-small,NeoQuasar/Kronos-Tokenizer-base,cuda:0,120,24,1,1.433,1.265540599822998,1.396,-0.1168593168258667,-0.0258199581297977,-0.0910393586960689,0.0910393586960689,0.0082881648317915,DOWN,DOWN,True,1.396,1.565,0.1179344033496162,PASS,
2025-10-17_159937_RECONSTRUCTED,2025-10-17,159937,黄金ETF,3,0.6399999999999999,NeoQuasar/Kronos-small,NeoQuasar/Kronos-Tokenizer-base,cuda:0,120,24,1,9.558,7.590784072875977,8.884,-0.205818772315979,-0.0705168445281438,-0.1353019277878351,0.1353019277878351,0.0183066116631045,DOWN,DOWN,True,8.577,9.468,0.0932203389830508,PASS,
2025-10-17_588080_RECONSTRUCTED,2025-10-17,588080,科创板50ETF,4,0.6300000000000001,NeoQuasar/Kronos-small,NeoQuasar/Kronos-Tokenizer-base,cuda:0,120,24,1,1.388,1.2288740873336792,1.352,-0.1146440505981445,-0.025936599423631,-0.0887074511745135,0.0887074511745135,0.0078690118938786,DOWN,DOWN,True,1.352,1.515,0.1174351585014407,PASS,
2025-10-17_512760_RECONSTRUCTED,2025-10-17,512760,芯片ETF,5,0.5950000000000001,NeoQuasar/Kronos-small,NeoQuasar/Kronos-Tokenizer-base,cuda:0,120,24,1,0.792,0.6021323204040527,0.766,-0.2397319078445434,-0.0328282828282828,-0.2069036250162605,0.2069036250162605,0.0428091100448693,DOWN,DOWN,True,0.766,0.874,0.1363636363636363,PASS,
2025-10-20_512480_RECONSTRUCTED,2025-10-20,512480,半导体ETF,1,0.685,NeoQuasar/Kronos-small,NeoQuasar/Kronos-Tokenizer-base,cuda:0,120,24,1,1.433,1.1238272190093994,1.322,-0.2157521247863769,-0.0774598743893928,-0.1382922503969841,0.1382922503969841,0.0191247465198621,DOWN,DOWN,True,1.322,1.565,0.1695743196092113,PASS,
2025-10-20_588000_RECONSTRUCTED,2025-10-20,588000,科创50ETF,2,0.655,NeoQuasar/Kronos-small,NeoQuasar/Kronos-Tokenizer-base,cuda:0,120,24,1,1.437,1.072994589805603,1.351,-0.2533093094825744,-0.0598469032707028,-0.1934624062118716,0.1934624062118716,0.0374277026172872,DOWN,DOWN,True,1.351,1.565,0.1489213639526791,PASS,
2025-10-20_159937_RECONSTRUCTED,2025-10-20,159937,黄金ETF,3,0.6399999999999999,NeoQuasar/Kronos-small,NeoQuasar/Kronos-Tokenizer-base,cuda:0,120,24,1,9.251,7.597971439361572,8.814,-0.1786864995956421,-0.0472381364176844,-0.1314483631779576,0.1314483631779576,0.0172786721821642,DOWN,DOWN,True,8.577,9.468,0.0963139120095124,PASS,
2025-10-20_588080_RECONSTRUCTED,2025-10-20,588080,科创板50ETF,4,0.615,NeoQuasar/Kronos-small,NeoQuasar/Kronos-Tokenizer-base,cuda:0,120,24,1,1.393,1.1406562328338623,1.308,-0.1811513304710388,-0.0610193826274227,-0.120131947843616,0.120131947843616,0.0144316848927012,DOWN,DOWN,True,1.308,1.515,0.1486001435750178,PASS,
2025-10-20_510300_RECONSTRUCTED,2025-10-20,510300,沪深300ETF,5,0.605,NeoQuasar/Kronos-small,NeoQuasar/Kronos-Tokenizer-base,cuda:0,120,24,1,4.517,3.9269440174102783,4.441,-0.130630075931549,-0.0168253265441665,-0.1138047493873825,0.1138047493873825,0.0129515209831249,DOWN,DOWN,True,4.441,4.739,0.0659729909231791,PASS,
2025-10-21_512480_RECONSTRUCTED,2025-10-21,512480,半导体ETF,1,0.675,NeoQuasar/Kronos-small,NeoQuasar/Kronos-Tokenizer-base,cuda:0,120,24,1,1.473,1.0980530977249146,1.333,-0.2545464634895324,-0.0950441276306857,-0.1595023358588467,0.1595023358588467,0.0254409951444283,DOWN,DOWN,True,1.322,1.565,0.1649694501018329,PASS,
2025-10-21_588000_RECONSTRUCTED,2025-10-21,588000,科创50ETF,2,0.655,NeoQuasar/Kronos-small,NeoQuasar/Kronos-Tokenizer-base,cuda:0,120,24,1,1.477,1.180140495300293,1.36,-0.2009881734848022,-0.0792146242383209,-0.1217735492464813,0.1217735492464813,0.0148287972960852,DOWN,DOWN,True,1.351,1.565,0.1448882870683818,PASS,
2025-10-21_159937_RECONSTRUCTED,2025-10-21,159937,黄金ETF,3,0.6399999999999999,NeoQuasar/Kronos-small,NeoQuasar/Kronos-Tokenizer-base,cuda:0,120,24,1,9.468,7.5004496574401855,8.845,-0.2078105807304382,-0.0658005914659906,-0.1420099892644476,0.1420099892644476,0.0201668370508885,DOWN,DOWN,True,8.577,9.152,0.0607308829742289,PASS,
2025-10-21_159949_RECONSTRUCTED,2025-10-21,159949,创业板50ETF,4,0.635,NeoQuasar/Kronos-small,NeoQuasar/Kronos-Tokenizer-base,cuda:0,120,24,1,1.463,1.0284063816070557,1.384,-0.297056496143341,-0.0539986329460014,-0.2430578631973395,0.2430578631973395,0.0590771248620566,DOWN,DOWN,True,1.384,1.59,0.1408065618591935,PASS,
2025-10-21_512760_RECONSTRUCTED,2025-10-21,512760,芯片ETF,5,0.615,NeoQuasar/Kronos-small,NeoQuasar/Kronos-Tokenizer-base,cuda:0,120,24,1,0.824,0.584399402141571,0.74,-0.2907774448394775,-0.1019417475728154,-0.188835697266662,0.188835697266662,0.0356589205621864,DOWN,DOWN,True,0.734,0.874,0.1699029126213592,PASS,
2025-10-22_512480_RECONSTRUCTED,2025-10-22,512480,半导体ETF,1,0.675,NeoQuasar/Kronos-small,NeoQuasar/Kronos-Tokenizer-base,cuda:0,120,24,1,1.467,1.0391162633895874,1.347,-0.2916726469993591,-0.081799591002045,-0.2098730559973141,0.2098730559973141,0.0440466996336517,DOWN,DOWN,True,1.322,1.565,0.165644171779141,PASS,
2025-10-22_588000_RECONSTRUCTED,2025-10-22,588000,科创50ETF,2,0.675,NeoQuasar/Kronos-small,NeoQuasar/Kronos-Tokenizer-base,cuda:0,120,24,1,1.476,1.0377840995788574,1.369,-0.2968941926956177,-0.0724932249322493,-0.2244009677633683,0.2244009677633683,0.0503557943331362,DOWN,DOWN,True,1.351,1.565,0.1449864498644986,PASS,
2025-10-22_159937_RECONSTRUCTED,2025-10-22,159937,黄金ETF,3,0.6499999999999999,NeoQuasar/Kronos-small,NeoQuasar/Kronos-Tokenizer-base,cuda:0,120,24,1,9.082,7.463284015655518,8.992,-0.1782333850860595,-0.0099097115172869,-0.1683236735687726,0.1683236735687726,0.0283328590836867,DOWN,DOWN,True,8.577,9.152,0.0633120458048887,PASS,
2025-10-22_588080_RECONSTRUCTED,2025-10-22,588080,科创板50ETF,4,0.625,NeoQuasar/Kronos-small,NeoQuasar/Kronos-Tokenizer-base,cuda:0,120,24,1,1.429,1.134481430053711,1.325,-0.2061011791229248,-0.0727781665500351,-0.1333230125728897,0.1333230125728897,0.0177750256815109,DOWN,DOWN,True,1.308,1.515,0.1448565430370887,PASS,
2025-10-22_512760_RECONSTRUCTED,2025-10-22,512760,芯片ETF,5,0.615,NeoQuasar/Kronos-small,NeoQuasar/Kronos-Tokenizer-base,cuda:0,120,24,1,0.821,0.7440147995948792,0.748,-0.0937700271606445,-0.0889159561510353,-0.0048540710096092,0.0048540710096092,2.356200536632865e-05,DOWN,DOWN,True,0.734,0.874,0.1705237515225335,PASS,
2025-10-23_512480_RECONSTRUCTED,2025-10-23,512480,半导体ETF,1,0.66,NeoQuasar/Kronos-small,NeoQuasar/Kronos-Tokenizer-base,cuda:0,120,24,1,1.455,1.242823839187622,1.369,-0.1458255648612976,-0.059106529209622,-0.0867190356516756,0.0867190356516756,0.0075201911443565,DOWN,DOWN,True,1.322,1.565,0.1670103092783504,PASS,
2025-10-23_159937_RECONSTRUCTED,2025-10-23,159937,黄金ETF,2,0.6499999999999999,NeoQuasar/Kronos-small,NeoQuasar/Kronos-Tokenizer-base,cuda:0,120,24,1,8.976,7.690123558044434,8.991,-0.1432571411132812,0.0016711229946522,-0.1449282641079334,0.1449282641079334,0.0210042017373389,DOWN,UP,False,8.577,9.152,0.0640597147950088,PASS,
2025-10-23_588000_RECONSTRUCTED,2025-10-23,588000,科创50ETF,3,0.615,NeoQuasar/Kronos-small,NeoQuasar/Kronos-Tokenizer-base,cuda:0,120,24,1,1.473,1.1432759761810305,1.382,-0.2238452434539795,-0.0617786829599458,-0.1620665604940336,0.1620665604940336,0.0262655700303662,DOWN,DOWN,True,1.351,1.565,0.1452817379497623,PASS,
2025-10-23_512760_RECONSTRUCTED,2025-10-23,512760,芯片ETF,4,0.61,NeoQuasar/Kronos-small,NeoQuasar/Kronos-Tokenizer-base,cuda:0,120,24,1,0.813,0.6502806544303894,0.758,-0.2001467943191528,-0.067650676506765,-0.1324961178123878,0.1324961178123878,0.0175552212353541,DOWN,DOWN,True,0.734,0.874,0.1722017220172202,PASS,
2025-10-23_510050_RECONSTRUCTED,2025-10-23,510050,上证50ETF,5,0.5950000000000001,NeoQuasar/Kronos-small,NeoQuasar/Kronos-Tokenizer-base,cuda:0,120,24,1,3.087,2.966179847717285,3.034,-0.0391383171081543,-0.0171687722708132,-0.021969544837341,0.021969544837341,0.0004826609003599,DOWN,DOWN,True,3.014,3.141,0.0411402656300616,PASS,
2025-10-24_512480_RECONSTRUCTED,2025-10-24,512480,半导体ETF,1,0.6950000000000001,NeoQuasar/Kronos-small,NeoQuasar/Kronos-Tokenizer-base,cuda:0,120,24,1,1.528,1.11002516746521,1.375,-0.2735437154769897,-0.1001308900523559,-0.1734128254246337,0.1734128254246337,0.0300720080217545,DOWN,DOWN,True,1.322,1.565,0.1590314136125653,PASS,
2025-10-24_588000_RECONSTRUCTED,2025-10-24,588000,科创50ETF,2,0.675,NeoQuasar/Kronos-small,NeoQuasar/Kronos-Tokenizer-base,cuda:0,120,24,1,1.535,1.0942693948745728,1.379,-0.2871208786964416,-0.1016286644951139,-0.1854922142013276,0.1854922142013276,0.0344073615293112,DOWN,DOWN,True,1.351,1.565,0.1394136807817589,PASS,
2025-10-24_159937_RECONSTRUCTED,2025-10-24,159937,黄金ETF,3,0.6499999999999999,NeoQuasar/Kronos-small,NeoQuasar/Kronos-Tokenizer-base,cuda:0,120,24,1,8.93,7.509211540222168,8.993,-0.1591028571128845,0.0070548712206046,-0.1661577283334891,0.1661577283334891,0.0276083906849455,DOWN,UP,False,8.577,9.152,0.0643896976483761,PASS,
2025-10-24_588080_RECONSTRUCTED,2025-10-24,588080,科创板50ETF,4,0.625,NeoQuasar/Kronos-small,NeoQuasar/Kronos-Tokenizer-base,cuda:0,120,24,1,1.487,1.17009174823761,1.336,-0.2131192088127136,-0.101546738399462,-0.1115724704132515,0.1115724704132515,0.0124484161541159,DOWN,DOWN,True,1.308,1.515,0.1392064559515802,PASS,
2025-10-24_512760_RECONSTRUCTED,2025-10-24,512760,芯片ETF,5,0.6050000000000001,NeoQuasar/Kronos-small,NeoQuasar/Kronos-Tokenizer-base,cuda:0,120,24,1,0.853,0.6011402606964111,0.76,-0.2952634692192077,-0.1090269636576787,-0.186236505561529,0.186236505561529,0.0346840360037694,DOWN,DOWN,True,0.734,0.874,0.164126611957796,PASS,
2025-10-27_588000_RECONSTRUCTED,2025-10-27,588000,科创50ETF,1,0.675,NeoQuasar/Kronos-small,NeoQuasar/Kronos-Tokenizer-base,cuda:0,120,24,1,1.558,1.072611689567566,1.393,-0.311545729637146,-0.1059050064184852,-0.2056407232186607,0.2056407232186607,0.0422881070458938,DOWN,DOWN,True,1.351,1.565,0.1373555840821566,PASS,
2025-10-27_512480_RECONSTRUCTED,2025-10-27,512480,半导体ETF,2,0.6700000000000002,NeoQuasar/Kronos-small,NeoQuasar/Kronos-Tokenizer-base,cuda:0,120,24,1,1.565,1.246096134185791,1.391,-0.203772485256195,-0.111182108626198,-0.092590376629997,0.092590376629997,0.0085729778444847,DOWN,DOWN,True,1.322,1.555,0.1488817891373801,PASS,
2025-10-27_159949_RECONSTRUCTED,2025-10-27,159949,创业板50ETF,3,0.655,NeoQuasar/Kronos-small,NeoQuasar/Kronos-Tokenizer-base,cuda:0,120,24,1,1.541,0.98002827167511,1.448,-0.3640309572219848,-0.0603504218040233,-0.3036805354179615,0.3036805354179615,0.0922218675917397,DOWN,DOWN,True,1.384,1.59,0.1336794289422454,PASS,
2025-10-27_159937_RECONSTRUCTED,2025-10-27,159937,黄金ETF,4,0.6499999999999999,NeoQuasar/Kronos-small,NeoQuasar/Kronos-Tokenizer-base,cuda:0,120,24,1,8.894,7.577244758605957,9.052,-0.1480498313903808,0.0177647852484821,-0.165814616638863,0.165814616638863,0.0274944870910931,DOWN,UP,False,8.577,9.152,0.0646503260625139,PASS,
2025-10-27_588080_RECONSTRUCTED,2025-10-27,588080,科创板50ETF,5,0.625,NeoQuasar/Kronos-small,NeoQuasar/Kronos-Tokenizer-base,cuda:0,120,24,1,1.509,1.1239317655563354,1.35,-0.2551810145378113,-0.1053677932405565,-0.1498132212972547,0.1498132212972547,0.0224440012754602,DOWN,DOWN,True,1.308,1.515,0.1371769383697812,PASS,
2025-10-28_512480_RECONSTRUCTED,2025-10-28,512480,半导体ETF,1,0.68,NeoQuasar/Kronos-small,NeoQuasar/Kronos-Tokenizer-base,cuda:0,120,24,1,1.551,1.2698055505752563,1.416,-0.1812987923622131,-0.0870406189555126,-0.0942581734067005,0.0942581734067005,0.0088846032539676,DOWN,DOWN,True,1.322,1.555,0.1502256608639586,PASS,
2025-10-28_159937_RECONSTRUCTED,2025-10-28,159937,黄金ETF,2,0.655,NeoQuasar/Kronos-small,NeoQuasar/Kronos-Tokenizer-base,cuda:0,120,24,1,8.577,8.053427696228027,9.144,-0.0610437393188476,0.0661070304302204,-0.1271507697490681,0.1271507697490681,0.0161673182477805,DOWN,UP,False,8.671,9.152,0.0560802145272239,PASS,
2025-10-28_159949_RECONSTRUCTED,2025-10-28,159949,创业板50ETF,3,0.655,NeoQuasar/Kronos-small,NeoQuasar/Kronos-Tokenizer-base,cuda:0,120,24,1,1.538,1.0263243913650513,1.468,-0.3326889276504516,-0.0455136540962288,-0.2871752735542228,0.2871752735542228,0.0824696377409427,DOWN,DOWN,True,1.384,1.59,0.1339401820546165,PASS,
2025-10-28_588000_RECONSTRUCTED,2025-10-28,588000,科创50ETF,4,0.615,NeoQuasar/Kronos-small,NeoQuasar/Kronos-Tokenizer-base,cuda:0,120,24,1,1.545,1.133471131324768,1.404,-0.2663617134094238,-0.0912621359223301,-0.1750995774870937,0.1750995774870937,0.0306598620361587,DOWN,DOWN,True,1.351,1.565,0.1385113268608414,PASS,
2025-10-28_512760_RECONSTRUCTED,2025-10-28,512760,芯片ETF,5,0.6050000000000001,NeoQuasar/Kronos-small,NeoQuasar/Kronos-Tokenizer-base,cuda:0,120,24,1,0.867,0.6957683563232422,0.784,-0.1974989771842956,-0.0957324106113033,-0.1017665665729923,0.1017665665729923,0.0103564340720552,DOWN,DOWN,True,0.734,0.869,0.1557093425605536,PASS,
2025-10-29_159949_RECONSTRUCTED,2025-10-29,159949,创业板50ETF,1,0.745,NeoQuasar/Kronos-small,NeoQuasar/Kronos-Tokenizer-base,cuda:0,120,24,1,1.59,1.1019020080566406,1.46,-0.3069798946380615,-0.0817610062893082,-0.2252188883487532,0.2252188883487532,0.0507235476690481,DOWN,DOWN,True,1.384,1.558,0.109433962264151,PASS,
2025-10-29_159915_RECONSTRUCTED,2025-10-29,159915,创业板ETF,2,0.67,NeoQuasar/Kronos-small,NeoQuasar/Kronos-Tokenizer-base,cuda:0,120,24,1,3.3,2.195348262786865,3.052,-0.3347429633140564,-0.075151515151515,-0.2595914481625413,0.2595914481625413,0.0673877199591253,DOWN,DOWN,True,2.904,3.239,0.1015151515151515,PASS,
2025-10-29_588000_RECONSTRUCTED,2025-10-29,588000,科创50ETF,3,0.645,NeoQuasar/Kronos-small,NeoQuasar/Kronos-Tokenizer-base,cuda:0,120,24,1,1.565,1.3385019302368164,1.387,-0.1447272300720214,-0.113738019169329,-0.0309892109026924,0.0309892109026924,0.0009603311923715,DOWN,DOWN,True,1.351,1.535,0.1175718849840255,PASS,
2025-10-29_159937_RECONSTRUCTED,2025-10-29,159937,黄金ETF,4,0.615,NeoQuasar/Kronos-small,NeoQuasar/Kronos-Tokenizer-base,cuda:0,120,24,1,8.676,7.971357345581055,9.099,-0.0812174081802368,0.0487551867219917,-0.1299725949022285,0.1299725949022285,0.0168928754256188,DOWN,UP,False,8.671,9.152,0.055440295066851,PASS,
2025-10-29_515030_RECONSTRUCTED,2025-10-29,515030,新能源车ETF,5,0.5700000000000001,NeoQuasar/Kronos-small,NeoQuasar/Kronos-Tokenizer-base,cuda:0,120,24,1,1.888,1.2895002365112305,1.785,-0.31700199842453,-0.0545550847457626,-0.2624469136787674,0.2624469136787674,0.0688783824995103,DOWN,DOWN,True,1.742,1.961,0.1159957627118644,PASS,
2025-10-30_159949_RECONSTRUCTED,2025-10-30,159949,创业板50ETF,1,0.6850000000000002,NeoQuasar/Kronos-small,NeoQuasar/Kronos-Tokenizer-base,cuda:0,120,24,1,1.558,1.177166223526001,1.443,-0.244437575340271,-0.0738125802310654,-0.1706249951092056,0.1706249951092056,0.0291128889560164,DOWN,DOWN,True,1.384,1.535,0.0969191270860077,PASS,
2025-10-30_510300_RECONSTRUCTED,2025-10-30,510300,沪深300ETF,2,0.66,NeoQuasar/Kronos-small,NeoQuasar/Kronos-Tokenizer-base,cuda:0,120,24,1,4.7,4.071332931518555,4.522,-0.1337589025497436,-0.0378723404255318,-0.0958865621242117,0.0958865621242117,0.0091942327960003,DOWN,DOWN,True,4.434,4.689,0.0542553191489361,PASS,
2025-10-30_159937_RECONSTRUCTED,2025-10-30,159937,黄金ETF,3,0.6499999999999999,NeoQuasar/Kronos-small,NeoQuasar/Kronos-Tokenizer-base,cuda:0,120,24,1,8.671,7.840047836303711,9.077,-0.0958311557769775,0.0468227424749163,-0.1426538982518939,0.1426538982518939,0.0203501346864616,DOWN,UP,False,8.688,9.152,0.0535117056856185,PASS,
2025-10-30_510050_RECONSTRUCTED,2025-10-30,510050,上证50ETF,4,0.6300000000000001,NeoQuasar/Kronos-small,NeoQuasar/Kronos-Tokenizer-base,cuda:0,120,24,1,3.113,2.9616053104400635,3.028,-0.0486330389976501,-0.0273048506264054,-0.0213281883712447,0.0213281883712447,0.0004548916191992,DOWN,DOWN,True,3.014,3.141,0.0407966591712175,PASS,
2025-10-30_515030_RECONSTRUCTED,2025-10-30,515030,新能源车ETF,5,0.6150000000000001,NeoQuasar/Kronos-small,NeoQuasar/Kronos-Tokenizer-base,cuda:0,120,24,1,1.895,1.298052191734314,1.751,-0.3150120377540588,-0.0759894459102903,-0.2390225918437685,0.2390225918437685,0.0571317994117127,DOWN,DOWN,True,1.742,1.961,0.1155672823218997,PASS,
2025-10-31_159937_RECONSTRUCTED,2025-10-31,159937,黄金ETF,1,0.6699999999999999,NeoQuasar/Kronos-small,NeoQuasar/Kronos-Tokenizer-base,cuda:0,120,24,1,8.77,7.641998291015625,9.045,-0.1286205649375915,0.0313568985176739,-0.1599774634552655,0.1599774634552655,0.0255927888135808,DOWN,UP,False,8.688,9.152,0.0529076396807296,PASS,
2025-10-31_510300_RECONSTRUCTED,2025-10-31,510300,沪深300ETF,2,0.6200000000000001,NeoQuasar/Kronos-small,NeoQuasar/Kronos-Tokenizer-base,cuda:0,120,24,1,4.633,3.934420585632324,4.534,-0.150783360004425,-0.0213684437729333,-0.1294149162314917,0.1294149162314917,0.016748220543204,DOWN,DOWN,True,4.434,4.689,0.0550399309302827,PASS,
2025-10-31_515030_RECONSTRUCTED,2025-10-31,515030,新能源车ETF,3,0.615,NeoQuasar/Kronos-small,NeoQuasar/Kronos-Tokenizer-base,cuda:0,120,24,1,1.894,1.439680814743042,1.768,-0.2398728728294372,-0.0665258711721223,-0.1733470016573148,0.1733470016573148,0.0300491829835811,DOWN,DOWN,True,1.742,1.961,0.1156282998944034,PASS,
2025-10-31_510050_RECONSTRUCTED,2025-10-31,510050,上证50ETF,4,0.5900000000000001,NeoQuasar/Kronos-small,NeoQuasar/Kronos-Tokenizer-base,cuda:0,120,24,1,3.08,2.9295434951782227,3.036,-0.0488494634628295,-0.0142857142857143,-0.0345637491771152,0.0345637491771152,0.0011946527571785,DOWN,DOWN,True,3.014,3.141,0.0412337662337663,PASS,
2025-10-31_512880_RECONSTRUCTED,2025-10-31,512880,证券ETF,5,0.565,NeoQuasar/Kronos-small,NeoQuasar/Kronos-Tokenizer-base,cuda:0,120,24,1,1.254,1.2240796089172363,1.164,-0.0238599181175231,-0.0717703349282297,0.0479104168107065,0.0479104168107065,0.0022954080389756,DOWN,DOWN,True,1.161,1.26,0.0789473684210526,PASS,
2025-11-03_159937_RECONSTRUCTED,2025-11-03,159937,黄金ETF,1,0.6699999999999999,NeoQuasar/Kronos-small,NeoQuasar/Kronos-Tokenizer-base,cuda:0,120,24,1,8.779,7.881017684936523,9.119,-0.1022875905036926,0.0387287845996127,-0.1410163751033053,0.1410163751033053,0.0198856180472761,DOWN,UP,False,8.688,9.152,0.0528534001594713,PASS,
2025-11-03_159949_RECONSTRUCTED,2025-11-03,159949,创业板50ETF,2,0.645,NeoQuasar/Kronos-small,NeoQuasar/Kronos-Tokenizer-base,cuda:0,120,24,1,1.521,1.118064045906067,1.482,-0.2649151682853699,-0.0256410256410255,-0.2392741426443443,0.2392741426443443,0.057252115338186,DOWN,DOWN,True,1.384,1.535,0.0992767915844839,PASS,
2025-11-03_510300_RECONSTRUCTED,2025-11-03,510300,沪深300ETF,3,0.6400000000000001,NeoQuasar/Kronos-small,NeoQuasar/Kronos-Tokenizer-base,cuda:0,120,24,1,4.64,4.3292741775512695,4.575,-0.0669667720794677,-0.014008620689655,-0.0529581513898127,0.0529581513898127,0.0028045657986263,DOWN,DOWN,True,4.434,4.689,0.0549568965517241,PASS,
2025-11-03_159915_RECONSTRUCTED,2025-11-03,159915,创业板ETF,4,0.63,NeoQuasar/Kronos-small,NeoQuasar/Kronos-Tokenizer-base,cuda:0,120,24,1,3.176,2.501112699508667,3.089,-0.2124960422515869,-0.0273929471032746,-0.1851030951483122,0.1851030951483122,0.0342631558334851,DOWN,DOWN,True,2.904,3.201,0.0935138539042821,PASS,
2025-11-03_510050_RECONSTRUCTED,2025-11-03,510050,上证50ETF,5,0.6100000000000001,NeoQuasar/Kronos-small,NeoQuasar/Kronos-Tokenizer-base,cuda:0,120,24,1,3.081,2.8539793491363525,3.065,-0.0736840963363647,-0.0051931191171697,-0.0684909772191949,0.0684909772191949,0.0046910139604402,DOWN,DOWN,True,3.014,3.141,0.0412203829925349,PASS,
2025-11-04_510300_RECONSTRUCTED,2025-11-04,510300,沪深300ETF,1,0.655,NeoQuasar/Kronos-small,NeoQuasar/Kronos-Tokenizer-base,cuda:0,120,24,1,4.606,4.194652080535889,4.609,-0.0893069505691528,0.0006513243595309,-0.0899582749286838,0.0899582749286838,0.0080924912281446,DOWN,UP,False,4.434,4.689,0.0553625705601389,PASS,
2025-11-04_159937_RECONSTRUCTED,2025-11-04,159937,黄金ETF,2,0.6499999999999999,NeoQuasar/Kronos-small,NeoQuasar/Kronos-Tokenizer-base,cuda:0,120,24,1,8.717,7.736946582794189,9.094,-0.1124301552772522,0.0432488241367441,-0.1556789794139963,0.1556789794139963,0.0242359446313834,DOWN,UP,False,8.688,9.152,0.0532293220144543,PASS,
2025-11-04_510050_RECONSTRUCTED,2025-11-04,510050,上证50ETF,3,0.645,NeoQuasar/Kronos-small,NeoQuasar/Kronos-Tokenizer-base,cuda:0,120,24,1,3.076,2.782315492630005,3.084,-0.0954760909080505,0.0026007802340701,-0.0980768711421207,0.0980768711421207,0.0096190726530281,DOWN,UP,False,3.014,3.141,0.0412873862158648,PASS,
2025-11-04_510500_RECONSTRUCTED,2025-11-04,510500,中证500ETF,4,0.5449999999999999,NeoQuasar/Kronos-small,NeoQuasar/Kronos-Tokenizer-base,cuda:0,120,24,1,7.251,6.432768821716309,7.216,-0.1128438711166381,-0.004826920424769,-0.1080169506918691,0.1080169506918691,0.0116676616367696,DOWN,DOWN,True,6.86,7.403,0.0748862225899874,PASS,
2025-11-04_159915_RECONSTRUCTED,2025-11-04,159915,创业板ETF,5,0.535,NeoQuasar/Kronos-small,NeoQuasar/Kronos-Tokenizer-base,cuda:0,120,24,1,3.112,2.085829496383667,3.171,-0.3297463059425354,0.0189588688946014,-0.3487051748371368,0.3487051748371368,0.1215952989581981,DOWN,UP,False,2.904,3.201,0.0954370179948586,PASS,
2025-11-05_510300_RECONSTRUCTED,2025-11-05,510300,沪深300ETF,1,0.655,NeoQuasar/Kronos-small,NeoQuasar/Kronos-Tokenizer-base,cuda:0,120,24,1,4.612,4.539943218231201,4.585,-0.0156237483024597,-0.0058542931483087,-0.0097694551541509,0.0097694551541509,9.54422540089666e-05,DOWN,DOWN,True,4.434,4.689,0.0552905464006938,PASS,
2025-11-05_159937_RECONSTRUCTED,2025-11-05,159937,黄金ETF,2,0.6499999999999999,NeoQuasar/Kronos-small,NeoQuasar/Kronos-Tokenizer-base,cuda:0,120,24,1,8.688,7.682711124420166,9.028,-0.1157100200653076,0.039134438305709,-0.1548444583710166,0.1548444583710166,0.0239768062882135,DOWN,UP,False,8.735,9.152,0.0479972375690607,PASS,
2025-11-05_510050_RECONSTRUCTED,2025-11-05,510050,上证50ETF,3,0.645,NeoQuasar/Kronos-small,NeoQuasar/Kronos-Tokenizer-base,cuda:0,120,24,1,3.07,2.902275562286377,3.062,-0.0546333193778991,-0.0026058631921823,-0.0520274561857168,0.0520274561857168,0.0027068561971566,DOWN,DOWN,True,3.014,3.141,0.0413680781758958,PASS,
2025-11-05_159915_RECONSTRUCTED,2025-11-05,159915,创业板ETF,4,0.63,NeoQuasar/Kronos-small,NeoQuasar/Kronos-Tokenizer-base,cuda:0,120,24,1,3.142,2.638679027557373,3.188,-0.1601912379264831,0.014640356460853,-0.1748315943873362,0.1748315943873362,0.030566086396018,DOWN,UP,False,2.904,3.201,0.0945257797581159,PASS,
2025-11-05_159949_RECONSTRUCTED,2025-11-05,159949,创业板50ETF,5,0.6200000000000001,NeoQuasar/Kronos-small,NeoQuasar/Kronos-Tokenizer-base,cuda:0,120,24,1,1.505,1.228039026260376,1.535,-0.1840271949768066,0.0199335548172756,-0.2039607497940823,0.2039607497940823,0.0415999874565642,DOWN,UP,False,1.384,1.535,0.1003322259136212,PASS,
2025-11-06_510050_RECONSTRUCTED,2025-11-06,510050,上证50ETF,1,0.665,NeoQuasar/Kronos-small,NeoQuasar/Kronos-Tokenizer-base,cuda:0,120,24,1,3.11,2.930396318435669,3.052,-0.0577503442764282,-0.0186495176848874,-0.0391008265915407,0.0391008265915407,0.0015288746401417,DOWN,DOWN,True,3.014,3.141,0.0408360128617364,PASS,
2025-11-06_159949_RECONSTRUCTED,2025-11-06,159949,创业板50ETF,2,0.6600000000000001,NeoQuasar/Kronos-small,NeoQuasar/Kronos-Tokenizer-base,cuda:0,120,24,1,1.535,1.2552249431610107,1.532,-0.1822638511657714,-0.0019543973941367,-0.1803094537716347,0.1803094537716347,0.0325114991194252,DOWN,DOWN,True,1.384,1.535,0.098371335504886,PASS,
2025-11-06_510300_RECONSTRUCTED,2025-11-06,510300,沪深300ETF,3,0.655,NeoQuasar/Kronos-small,NeoQuasar/Kronos-Tokenizer-base,cuda:0,120,24,1,4.682,4.012376308441162,4.579,-0.1430208683013916,-0.0219991456642462,-0.1210217226371453,0.1210217226371453,0.0146462573500621,DOWN,DOWN,True,4.434,4.689,0.0544639043143955,PASS,
2025-11-06_159937_RECONSTRUCTED,2025-11-06,159937,黄金ETF,4,0.6300000000000001,NeoQuasar/Kronos-small,NeoQuasar/Kronos-Tokenizer-base,cuda:0,120,24,1,8.735,7.81121826171875,9.073,-0.1057563424110412,0.0386949055523755,-0.1444512479634168,0.1444512479634168,0.0208661630381885,DOWN,UP,False,8.761,9.152,0.0447624499141385,PASS,
2025-11-06_159915_RECONSTRUCTED,2025-11-06,159915,创业板ETF,5,0.5950000000000001,NeoQuasar/Kronos-small,NeoQuasar/Kronos-Tokenizer-base,cuda:0,120,24,1,3.201,2.1273796558380127,3.192,-0.3354015350341797,-0.0028116213683223,-0.3325899136658573,0.3325899136658573,0.1106160506722624,DOWN,DOWN,True,2.904,3.192,0.0899718837863168,PASS,
2025-11-07_159915_RECONSTRUCTED,2025-11-07,159915,创业板ETF,1,0.7250000000000001,NeoQuasar/Kronos-small,NeoQuasar/Kronos-Tokenizer-base,cuda:0,120,24,1,3.185,2.160017967224121,3.146,-0.3218153715133667,-0.0122448979591837,-0.309570473554183,0.309570473554183,0.0958338780965611,DOWN,DOWN,True,2.904,3.192,0.0904238618524333,PASS,
2025-11-07_159949_RECONSTRUCTED,2025-11-07,159949,创业板50ETF,2,0.7050000000000001,NeoQuasar/Kronos-small,NeoQuasar/Kronos-Tokenizer-base,cuda:0,120,24,1,1.527,1.0669840574264526,1.511,-0.3012546896934509,-0.0104780615586116,-0.2907766281348393,0.2907766281348393,0.0845510474694666,DOWN,DOWN,True,1.384,1.535,0.0988867059593975,PASS,
2025-11-07_515030_RECONSTRUCTED,2025-11-07,515030,新能源车ETF,3,0.63,NeoQuasar/Kronos-small,NeoQuasar/Kronos-Tokenizer-base,cuda:0,120,24,1,1.912,1.485581874847412,1.79,-0.2230219841003418,-0.0638075313807531,-0.1592144527195886,0.1592144527195886,0.0253492419547981,DOWN,DOWN,True,1.742,1.961,0.1145397489539749,PASS,
2025-11-07_510050_RECONSTRUCTED,2025-11-07,510050,上证50ETF,4,0.6050000000000001,NeoQuasar/Kronos-small,NeoQuasar/Kronos-Tokenizer-base,cuda:0,120,24,1,3.106,2.8578007221221924,3.04,-0.0799096226692199,-0.0212491951062459,-0.058660427562974,0.058660427562974,0.0034410457618709,DOWN,DOWN,True,3.014,3.141,0.040888602704443,PASS,
2025-11-07_510300_RECONSTRUCTED,2025-11-07,510300,沪深300ETF,5,0.605,NeoQuasar/Kronos-small,NeoQuasar/Kronos-Tokenizer-base,cuda:0,120,24,1,4.672,4.23663330078125,4.545,-0.0931863784790039,-0.0271832191780821,-0.0660031593009217,0.0660031593009217,0.0043564170377028,DOWN,DOWN,True,4.434,4.689,0.0545804794520547,PASS,
2025-11-10_159915_RECONSTRUCTED,2025-11-10,159915,创业板ETF,1,0.71,NeoQuasar/Kronos-small,NeoQuasar/Kronos-Tokenizer-base,cuda:0,120,24,1,3.158,2.177573204040528,3.174,-0.3104581236839294,0.0050664977834071,-0.3155246214673366,0.3155246214673366,0.099555786752106,DOWN,UP,False,2.904,3.192,0.09119696010133,PASS,
2025-11-10_159949_RECONSTRUCTED,2025-11-10,159949,创业板50ETF,2,0.6950000000000001,NeoQuasar/Kronos-small,NeoQuasar/Kronos-Tokenizer-base,cuda:0,120,24,1,1.504,0.8914645910263062,1.527,-0.4072708487510681,0.0152925531914893,-0.4225634019425575,0.4225634019425575,0.1785598286612674,DOWN,UP,False,1.384,1.535,0.1003989361702127,PASS,
2025-11-10_510050_RECONSTRUCTED,2025-11-10,510050,上证50ETF,3,0.6100000000000001,NeoQuasar/Kronos-small,NeoQuasar/Kronos-Tokenizer-base,cuda:0,120,24,1,3.121,2.9493112564086914,3.054,-0.0550108551979064,-0.0214674783723166,-0.0335433768255898,0.0335433768255898,0.0011251581288635,DOWN,DOWN,True,3.014,3.141,0.0406920858699135,PASS,
2025-11-10_510300_RECONSTRUCTED,2025-11-10,510300,沪深300ETF,4,0.5850000000000001,NeoQuasar/Kronos-small,NeoQuasar/Kronos-Tokenizer-base,cuda:0,120,24,1,4.684,4.472457885742188,4.571,-0.0451627373695373,-0.0241246797608881,-0.0210380576086491,0.0210380576086491,0.0004425998679448,DOWN,DOWN,True,4.434,4.689,0.0544406490179333,PASS,
2025-11-10_515030_RECONSTRUCTED,2025-11-10,515030,新能源车ETF,5,0.5500000000000002,NeoQuasar/Kronos-small,NeoQuasar/Kronos-Tokenizer-base,cuda:0,120,24,1,1.89,1.4696831703186035,1.781,-0.2223898768424987,-0.0576719576719576,-0.1647179191705411,0.1647179191705411,0.0271319928958729,DOWN,DOWN,True,1.742,1.961,0.1158730158730159,PASS,
2025-11-11_159949_RECONSTRUCTED,2025-11-11,159949,创业板50ETF,1,0.7450000000000001,NeoQuasar/Kronos-small,NeoQuasar/Kronos-Tokenizer-base,cuda:0,120,24,1,1.48,0.9760936498641968,1.495,-0.3404772877693176,0.0101351351351353,-0.3506124229044529,0.3506124229044529,0.1229290710949309,DOWN,UP,False,1.384,1.535,0.102027027027027,PASS,
2025-11-11_159915_RECONSTRUCTED,2025-11-11,159915,创业板ETF,2,0.705,NeoQuasar/Kronos-small,NeoQuasar/Kronos-Tokenizer-base,cuda:0,120,24,1,3.113,2.1570582389831543,3.12,-0.3070805072784424,0.0022486347574686,-0.309329142035911,0.309329142035911,0.0956845181126728,DOWN,UP,False,2.904,3.192,0.0925152585929972,PASS,
2025-11-11_515030_RECONSTRUCTED,2025-11-11,515030,新能源车ETF,3,0.635,NeoQuasar/Kronos-small,NeoQuasar/Kronos-Tokenizer-base,cuda:0,120,24,1,1.87,1.4741108417510986,1.744,-0.2117054462432861,-0.067379679144385,-0.1443257670989011,0.1443257670989011,0.0208299270486862,DOWN,DOWN,True,1.742,1.961,0.1171122994652406,PASS,
2025-11-11_510050_RECONSTRUCTED,2025-11-11,510050,上证50ETF,4,0.6050000000000001,NeoQuasar/Kronos-small,NeoQuasar/Kronos-Tokenizer-base,cuda:0,120,24,1,3.1,2.889944314956665,3.053,-0.0677598714828491,-0.0151612903225807,-0.0525985811602683,0.0525985811602683,0.0027666107400733,DOWN,DOWN,True,3.014,3.141,0.0409677419354839,PASS,
2025-11-11_510300_RECONSTRUCTED,2025-11-11,510300,沪深300ETF,5,0.605,NeoQuasar/Kronos-small,NeoQuasar/Kronos-Tokenizer-base,cuda:0,120,24,1,4.64,4.46956729888916,4.544,-0.0367311835289001,-0.0206896551724138,-0.0160415283564863,0.0160415283564863,0.0002573306320119,DOWN,DOWN,True,4.434,4.689,0.0549568965517241,PASS,
2025-11-12_159915_RECONSTRUCTED,2025-11-12,159915,创业板ETF,1,0.7450000000000001,NeoQuasar/Kronos-small,NeoQuasar/Kronos-Tokenizer-base,cuda:0,120,24,1,3.108,2.078505277633667,3.06,-0.3312402963638305,-0.0154440154440154,-0.3157962809198151,0.3157962809198151,0.0997272910427868,DOWN,DOWN,True,2.904,3.192,0.0926640926640927,PASS,
2025-11-12_159949_RECONSTRUCTED,2025-11-12,159949,创业板50ETF,2,0.7250000000000001,NeoQuasar/Kronos-small,NeoQuasar/Kronos-Tokenizer-base,cuda:0,120,24,1,1.481,0.8761442303657532,1.463,-0.408410370349884,-0.0121539500337609,-0.396256420316123,0.396256420316123,0.1570191506417479,DOWN,DOWN,True,1.384,1.535,0.1019581363943281,PASS,
2025-11-12_510050_RECONSTRUCTED,2025-11-12,510050,上证50ETF,3,0.6250000000000001,NeoQuasar/Kronos-small,NeoQuasar/Kronos-Tokenizer-base,cuda:0,120,24,1,3.117,3.028329372406006,3.023,-0.0284474492073059,-0.0301572024382418,0.0017097532309359,0.0017097532309359,2.923256110695809e-06,DOWN,DOWN,True,3.014,3.141,0.04074430542188,PASS,
2025-11-12_510300_RECONSTRUCTED,2025-11-12,510300,沪深300ETF,4,0.605,NeoQuasar/Kronos-small,NeoQuasar/Kronos-Tokenizer-base,cuda:0,120,24,1,4.642,4.468472957611084,4.497,-0.0373820066452026,-0.0312365359758726,-0.00614547066933,0.00614547066933,3.776680974759559e-05,DOWN,DOWN,True,4.434,4.689,0.0549332184403274,PASS,
2025-11-12_515030_RECONSTRUCTED,2025-11-12,515030,新能源车ETF,5,0.595,NeoQuasar/Kronos-small,NeoQuasar/Kronos-Tokenizer-base,cuda:0,120,24,1,1.848,1.7029306888580322,1.716,-0.078500747680664,-0.0714285714285715,-0.0070721762520925,0.0070721762520925,5.001567694066189e-05,DOWN,DOWN,True,1.716,1.961,0.1325757575757576,PASS,
2025-11-13_159949_RECONSTRUCTED,2025-11-13,159949,创业板50ETF,1,0.7300000000000001,NeoQuasar/Kronos-small,NeoQuasar/Kronos-Tokenizer-base,cuda:0,120,24,1,1.514,1.135673761367798,1.517,-0.2498852610588073,0.0019815059445178,-0.2518667670033252,0.2518667670033252,0.0634368683207073,DOWN,UP,False,1.384,1.535,0.0997357992073976,PASS,
2025-11-13_159915_RECONSTRUCTED,2025-11-13,159915,创业板ETF,2,0.6900000000000001,NeoQuasar/Kronos-small,NeoQuasar/Kronos-Tokenizer-base,cuda:0,120,24,1,3.182,2.213618993759156,3.164,-0.3043308854103088,-0.0056568196103079,-0.2986740658000009,0.2986740658000009,0.0892061975815032,DOWN,DOWN,True,2.904,3.192,0.0905091137649278,PASS,
2025-11-13_515030_RECONSTRUCTED,2025-11-13,515030,新能源车ETF,3,0.63,NeoQuasar/Kronos-small,NeoQuasar/Kronos-Tokenizer-base,cuda:0,120,24,1,1.961,1.4452266693115234,1.769,-0.2630154490470886,-0.0979092299847017,-0.1651062190623868,0.1651062190623868,0.0272600635730768,DOWN,DOWN,True,1.716,1.96,0.1244263131055583,PASS,
2025-11-13_510050_RECONSTRUCTED,2025-11-13,510050,上证50ETF,4,0.585,NeoQuasar/Kronos-small,NeoQuasar/Kronos-Tokenizer-base,cuda:0,120,24,1,3.141,2.69039249420166,3.058,-0.1434599161148071,-0.0264247055078,-0.117035210607007,0.117035210607007,0.0136972405218264,DOWN,DOWN,True,3.014,3.103,0.0283349251830628,PASS,
2025-11-13_510300_RECONSTRUCTED,2025-11-13,510300,沪深300ETF,5,0.5800000000000001,NeoQuasar/Kronos-small,NeoQuasar/Kronos-Tokenizer-base,cuda:0,120,24,1,4.689,4.377944946289063,4.576,-0.0663372278213501,-0.0240989550010664,-0.0422382728202836,0.0422382728202836,0.0017840716908407,DOWN,DOWN,True,4.434,4.618,0.0392407762849221,PASS,
2025-11-14_159915_RECONSTRUCTED,2025-11-14,159915,创业板ETF,1,0.74,NeoQuasar/Kronos-small,NeoQuasar/Kronos-Tokenizer-base,cuda:0,120,24,1,3.093,2.3018181324005127,3.092,-0.2557975649833679,-0.0003233107015842,-0.2554742542817837,0.2554742542817837,0.0652670946008334,DOWN,DOWN,True,2.904,3.192,0.0931134820562561,PASS,
2025-11-14_159949_RECONSTRUCTED,2025-11-14,159949,创业板50ETF,2,0.7250000000000001,NeoQuasar/Kronos-small,NeoQuasar/Kronos-Tokenizer-base,cuda:0,120,24,1,1.47,0.9857733249664308,1.479,-0.3294059038162231,0.0061224489795919,-0.335528352795815,0.335528352795815,0.1125792755298729,DOWN,UP,False,1.384,1.535,0.1027210884353741,PASS,
2025-11-14_515030_RECONSTRUCTED,2025-11-14,515030,新能源车ETF,3,0.635,NeoQuasar/Kronos-small,NeoQuasar/Kronos-Tokenizer-base,cuda:0,120,24,1,1.924,1.3861043453216553,1.737,-0.279571533203125,-0.0971933471933471,-0.1823781860097778,0.1823781860097778,0.0332618027322171,DOWN,DOWN,True,1.716,1.96,0.1268191268191268,PASS,
2025-11-14_510300_RECONSTRUCTED,2025-11-14,510300,沪深300ETF,4,0.5800000000000001,NeoQuasar/Kronos-small,NeoQuasar/Kronos-Tokenizer-base,cuda:0,120,24,1,4.618,4.526294708251953,4.545,-0.0198582410812377,-0.01580770896492,-0.0040505321163177,0.0040505321163177,1.6406810425321827e-05,DOWN,DOWN,True,4.434,4.609,0.0378951927241229,PASS,
2025-11-14_510050_RECONSTRUCTED,2025-11-14,510050,上证50ETF,5,0.545,NeoQuasar/Kronos-small,NeoQuasar/Kronos-Tokenizer-base,cuda:0,120,24,1,3.103,2.8082833290100098,3.064,-0.0949779748916626,-0.0125684821140832,-0.0824094927775793,0.0824094927775793,0.0067913244998579,DOWN,DOWN,True,3.014,3.085,0.0228810828230744,PASS,
2025-11-17_159915_RECONSTRUCTED,2025-11-17,159915,创业板ETF,1,0.7200000000000001,NeoQuasar/Kronos-small,NeoQuasar/Kronos-Tokenizer-base,cuda:0,120,24,1,3.084,2.5788536071777344,3.107,-0.1637958884239196,0.0074578469520103,-0.17125373537593,0.17125373537593,0.029327841880209,DOWN,UP,False,2.904,3.192,0.0933852140077821,PASS,
2025-11-17_159949_RECONSTRUCTED,2025-11-17,159949,创业板50ETF,2,0.6900000000000001,NeoQuasar/Kronos-small,NeoQuasar/Kronos-Tokenizer-base,cuda:0,120,24,1,1.464,1.2476568222045898,1.485,-0.1477754116058349,0.014344262295082,-0.1621196739009169,0.1621196739009169,0.0262827886657396,DOWN,UP,False,1.384,1.535,0.1031420765027322,PASS,
2025-11-17_515030_RECONSTRUCTED,2025-11-17,515030,新能源车ETF,3,0.63,NeoQuasar/Kronos-small,NeoQuasar/Kronos-Tokenizer-base,cuda:0,120,24,1,1.96,1.557740330696106,1.756,-0.2052345275878906,-0.1040816326530612,-0.1011528949348293,0.1011528949348293,0.0102319081536966,DOWN,DOWN,True,1.716,1.905,0.0964285714285714,PASS,
2025-11-17_510050_RECONSTRUCTED,2025-11-17,510050,上证50ETF,4,0.585,NeoQuasar/Kronos-small,NeoQuasar/Kronos-Tokenizer-base,cuda:0,120,24,1,3.079,2.770315647125244,3.078,-0.1002547144889831,-0.0003247807729783,-0.0999299337160047,0.0999299337160047,0.0099859916524851,DOWN,DOWN,True,3.014,3.085,0.023059434881455,PASS,
2025-11-17_510300_RECONSTRUCTED,2025-11-17,510300,沪深300ETF,5,0.5800000000000001,NeoQuasar/Kronos-small,NeoQuasar/Kronos-Tokenizer-base,cuda:0,120,24,1,4.587,3.912220001220703,4.565,-0.1471070051193237,-0.0047961630695442,-0.1423108420497795,0.1423108420497795,0.0202523757649172,DOWN,DOWN,True,4.434,4.609,0.0381512971441028,PASS,
2025-11-18_510050_RECONSTRUCTED,2025-11-18,510050,上证50ETF,1,0.6250000000000001,NeoQuasar/Kronos-small,NeoQuasar/Kronos-Tokenizer-base,cuda:0,120,24,1,3.07,2.9816744327545166,3.092,-0.0287705063819885,0.0071661237785016,-0.0359366301604902,0.0359366301604902,0.0012914413872918,DOWN,UP,False,3.014,3.092,0.0254071661237785,PASS,
2025-11-18_515030_RECONSTRUCTED,2025-11-18,515030,新能源车ETF,2,0.62,NeoQuasar/Kronos-small,NeoQuasar/Kronos-Tokenizer-base,cuda:0,120,24,1,1.89,1.7483290433883667,1.785,-0.0749581456184387,-0.0555555555555555,-0.0194025900628831,0.0194025900628831,0.0003764605011482,DOWN,DOWN,True,1.716,1.905,0.1,PASS,
2025-11-18_512100_RECONSTRUCTED,2025-11-18,512100,中证1000ETF,3,0.58,NeoQuasar/Kronos-small,NeoQuasar/Kronos-Tokenizer-base,cuda:0,120,24,1,2.977,2.762511730194092,2.96,-0.0720484852790832,-0.0057104467584816,-0.0663380385206016,0.0663380385206016,0.0044007353547608,DOWN,DOWN,True,2.821,2.963,0.0476990258649646,PASS,
2025-11-18_510300_RECONSTRUCTED,2025-11-18,510300,沪深300ETF,4,0.56,NeoQuasar/Kronos-small,NeoQuasar/Kronos-Tokenizer-base,cuda:0,120,24,1,4.56,4.236649990081787,4.607,-0.070910096168518,0.0103070175438597,-0.0812171137123778,0.0812171137123778,0.0065962195597693,DOWN,UP,False,4.434,4.609,0.0383771929824561,PASS,
2025-11-18_159915_RECONSTRUCTED,2025-11-18,159915,创业板ETF,5,0.555,NeoQuasar/Kronos-small,NeoQuasar/Kronos-Tokenizer-base,cuda:0,120,24,1,3.051,2.1317052841186523,3.175,-0.3013093471527099,0.040642412323828,-0.341951759476538,0.341951759476538,0.1169310058091001,DOWN,UP,False,2.904,3.192,0.0943952802359882,PASS,
2025-11-19_159915_RECONSTRUCTED,2025-11-19,159915,创业板ETF,1,0.6550000000000001,NeoQuasar/Kronos-small,NeoQuasar/Kronos-Tokenizer-base,cuda:0,120,24,1,3.057,2.523061752319336,3.185,-0.1746608614921569,0.0418711154726856,-0.2165319769648426,0.2165319769648426,0.0468860970483031,DOWN,UP,False,2.904,3.192,0.0942100098135427,PASS,
2025-11-19_510050_RECONSTRUCTED,2025-11-19,510050,上证50ETF,2,0.6400000000000001,NeoQuasar/Kronos-small,NeoQuasar/Kronos-Tokenizer-base,cuda:0,120,24,1,3.085,2.8699982166290283,3.098,-0.0696926712989807,0.0042139384116692,-0.07390660971065,0.07390660971065,0.0054621869589223,DOWN,UP,False,3.014,3.098,0.0272285251215559,PASS,
2025-11-19_515030_RECONSTRUCTED,2025-11-19,515030,新能源车ETF,3,0.62,NeoQuasar/Kronos-small,NeoQuasar/Kronos-Tokenizer-base,cuda:0,120,24,1,1.905,1.414610505104065,1.818,-0.2574222683906555,-0.0456692913385826,-0.2117529770520728,0.2117529770520728,0.0448393232904156,DOWN,DOWN,True,1.716,1.875,0.0834645669291338,PASS,
2025-11-19_159949_RECONSTRUCTED,2025-11-19,159949,创业板50ETF,4,0.5950000000000001,NeoQuasar/Kronos-small,NeoQuasar/Kronos-Tokenizer-base,cuda:0,120,24,1,1.455,1.3114852905273438,1.53,-0.0986355543136596,0.0515463917525773,-0.150181946066237,0.150181946066237,0.0225546169242421,DOWN,UP,False,1.384,1.535,0.1037800687285223,PASS,
2025-11-19_510300_RECONSTRUCTED,2025-11-19,510300,沪深300ETF,5,0.58,NeoQuasar/Kronos-small,NeoQuasar/Kronos-Tokenizer-base,cuda:0,120,24,1,4.574,4.080231189727783,4.617,-0.1079511642456054,0.0094009619588981,-0.1173521262045036,0.1173521262045036,0.0137715215247177,DOWN,UP,False,4.434,4.617,0.0400087450808919,PASS,
2025-11-20_159915_RECONSTRUCTED,2025-11-20,159915,创业板ETF,1,0.6750000000000002,NeoQuasar/Kronos-small,NeoQuasar/Kronos-Tokenizer-base,cuda:0,120,24,1,3.026,3.439580202102661,3.212,0.1366755962371826,0.0614672835426306,0.0752083126945519,0.0752083126945519,0.0056562902983615,UP,UP,True,2.904,3.212,0.1017845340383345,PASS,
2025-11-20_510050_RECONSTRUCTED,2025-11-20,510050,上证50ETF,2,0.66,NeoQuasar/Kronos-small,NeoQuasar/Kronos-Tokenizer-base,cuda:0,120,24,1,3.076,2.9572768211364746,3.099,-0.0385966300964355,0.0074772431729519,-0.0460738732693875,0.0460738732693875,0.0021228017980435,DOWN,UP,False,3.014,3.099,0.0276332899869962,PASS,
2025-11-20_515030_RECONSTRUCTED,2025-11-20,515030,新能源车ETF,3,0.62,NeoQuasar/Kronos-small,NeoQuasar/Kronos-Tokenizer-base,cuda:0,120,24,1,1.875,1.5570825338363647,1.833,-0.1695559620857238,-0.0223999999999999,-0.1471559620857239,0.1471559620857239,0.021654877177375,DOWN,DOWN,True,1.716,1.833,0.0624,PASS,
2025-11-20_510300_RECONSTRUCTED,2025-11-20,510300,沪深300ETF,4,0.605,NeoQuasar/Kronos-small,NeoQuasar/Kronos-Tokenizer-base,cuda:0,120,24,1,4.553,4.1047868728637695,4.634,-0.0984434485435485,0.0177904678234133,-0.1162339163669619,0.1162339163669619,0.0135103233140018,DOWN,UP,False,4.434,4.634,0.0439270810454645,PASS,
2025-11-20_512800_RECONSTRUCTED,2025-11-20,512800,银行ETF,5,0.6,NeoQuasar/Kronos-small,NeoQuasar/Kronos-Tokenizer-base,cuda:0,120,24,1,0.849,0.8579350709915161,0.82,0.0105242729187011,-0.0341578327444052,0.0446821056631063,0.0446821056631063,0.001996490566489,UP,DOWN,False,0.81,0.846,0.0424028268551235,PASS,
2025-11-21_159937_RECONSTRUCTED,2025-11-21,159937,黄金ETF,1,0.685,NeoQuasar/Kronos-small,NeoQuasar/Kronos-Tokenizer-base,cuda:0,120,24,1,8.814,8.411209106445312,9.551,-0.0456990003585815,0.083616972997504,-0.1293159733560855,0.1293159733560855,0.0167226209650318,DOWN,UP,False,8.845,9.622,0.088155207624234,PASS,
2025-11-21_510050_RECONSTRUCTED,2025-11-21,510050,上证50ETF,2,0.6200000000000001,NeoQuasar/Kronos-small,NeoQuasar/Kronos-Tokenizer-base,cuda:0,120,24,1,3.021,2.9491660594940186,3.107,-0.0237781405448913,0.0284673949023503,-0.0522455354472417,0.0522455354472417,0.0027295959741689,DOWN,UP,False,3.014,3.107,0.0307845084409137,PASS,
2025-11-21_512800_RECONSTRUCTED,2025-11-21,512800,银行ETF,3,0.62,NeoQuasar/Kronos-small,NeoQuasar/Kronos-Tokenizer-base,cuda:0,120,24,1,0.84,0.9066193103790284,0.819,0.0793087482452392,-0.025,0.1043087482452392,0.1043087482452392,0.0108803149604887,UP,DOWN,False,0.81,0.846,0.0428571428571427,PASS,
2025-11-21_510300_RECONSTRUCTED,2025-11-21,510300,沪深300ETF,4,0.595,NeoQuasar/Kronos-small,NeoQuasar/Kronos-Tokenizer-base,cuda:0,120,24,1,4.441,4.376942157745361,4.643,-0.0144242048263549,0.0454852510695789,-0.0599094558959338,0.0599094558959338,0.0035891429057468,DOWN,UP,False,4.434,4.643,0.0470614726412969,PASS,
2025-11-21_515030_RECONSTRUCTED,2025-11-21,515030,新能源车ETF,5,0.5400000000000001,NeoQuasar/Kronos-small,NeoQuasar/Kronos-Tokenizer-base,cuda:0,120,24,1,1.763,1.534090518951416,1.84,-0.1298409104347229,0.0436755530346002,-0.1735164634693231,0.1735164634693231,0.0301079630949009,DOWN,UP,False,1.716,1.84,0.0703346568349405,PASS,
2025-11-24_159937_RECONSTRUCTED,2025-11-24,159937,黄金ETF,1,0.69,NeoQuasar/Kronos-small,NeoQuasar/Kronos-Tokenizer-base,cuda:0,120,24,1,8.845,8.282196998596191,9.629,-0.0636295080184936,0.0886376483889201,-0.1522671564074138,0.1522671564074138,0.0231852869203998,DOWN,UP,False,8.991,9.629,0.0721311475409835,PASS,
2025-11-24_510050_RECONSTRUCTED,2025-11-24,510050,上证50ETF,2,0.6200000000000001,NeoQuasar/Kronos-small,NeoQuasar/Kronos-Tokenizer-base,cuda:0,120,24,1,3.014,3.0130441188812256,3.12,-0.0003171563148498,0.0351692103516922,-0.0354863666665421,0.0354863666665421,0.0012592822191922,DOWN,UP,False,3.023,3.12,0.0321831453218314,PASS,
2025-11-24_512800_RECONSTRUCTED,2025-11-24,512800,银行ETF,3,0.62,NeoQuasar/Kronos-small,NeoQuasar/Kronos-Tokenizer-base,cuda:0,120,24,1,0.835,0.8831624388694763,0.816,0.0576796531677246,-0.0227544910179641,0.0804341441856887,0.0804341441856887,0.0064696515508841,UP,DOWN,False,0.81,0.846,0.0431137724550897,PASS,
2025-11-24_510300_RECONSTRUCTED,2025-11-24,510300,沪深300ETF,4,0.55,NeoQuasar/Kronos-small,NeoQuasar/Kronos-Tokenizer-base,cuda:0,120,24,1,4.434,4.537649631500244,4.661,0.0233761072158813,0.0511953089760937,-0.0278192017602123,0.0278192017602123,0.0007739079865754,UP,UP,True,4.474,4.661,0.0421741091565176,PASS,
2025-11-24_512690_RECONSTRUCTED,2025-11-24,512690,酒ETF,5,0.515,NeoQuasar/Kronos-small,NeoQuasar/Kronos-Tokenizer-base,cuda:0,120,24,1,0.581,0.6151050925254822,0.55,0.058700680732727,-0.0533562822719447,0.1120569630046718,0.1120569630046718,0.0125567629578303,UP,DOWN,False,0.548,0.583,0.0602409638554215,PASS,
2025-11-25_159937_RECONSTRUCTED,2025-11-25,159937,黄金ETF,1,0.77,NeoQuasar/Kronos-small,NeoQuasar/Kronos-Tokenizer-base,cuda:0,120,24,1,8.992,8.301763534545898,9.537,-0.0767611265182495,0.0606094306049822,-0.1373705571232317,0.1373705571232317,0.018870669964347,DOWN,UP,False,8.991,9.629,0.0709519572953736,PASS,
2025-11-25_510050_RECONSTRUCTED,2025-11-25,510050,上证50ETF,2,0.6050000000000001,NeoQuasar/Kronos-small,NeoQuasar/Kronos-Tokenizer-base,cuda:0,120,24,1,3.03,2.910364389419556,3.109,-0.0394836664199829,0.0260726072607262,-0.0655562736807091,0.0655562736807091,0.0042976250189,DOWN,UP,False,3.023,3.12,0.032013201320132,PASS,
2025-11-25_512800_RECONSTRUCTED,2025-11-25,512800,银行ETF,3,0.605,NeoQuasar/Kronos-small,NeoQuasar/Kronos-Tokenizer-base,cuda:0,120,24,1,0.846,0.8112725019454956,0.824,-0.0410490632057189,-0.0260047281323877,-0.0150443350733312,0.0150443350733312,0.0002263320177986,DOWN,DOWN,True,0.81,0.842,0.0378250591016547,PASS,
2025-11-25_515030_RECONSTRUCTED,2025-11-25,515030,新能源车ETF,4,0.5400000000000001,NeoQuasar/Kronos-small,NeoQuasar/Kronos-Tokenizer-base,cuda:0,120,24,1,1.769,1.4666156768798828,1.849,-0.1709352135658264,0.0452232899943472,-0.2161585035601736,0.2161585035601736,0.0467244986613736,DOWN,UP,False,1.716,1.882,0.0938383267382701,PASS,
2025-11-25_510300_RECONSTRUCTED,2025-11-25,510300,沪深300ETF,5,0.535,NeoQuasar/Kronos-small,NeoQuasar/Kronos-Tokenizer-base,cuda:0,120,24,1,4.474,4.319912910461426,4.64,-0.0344405770301818,0.0371032632990611,-0.0715438403292429,0.0715438403292429,0.0051185210890562,DOWN,UP,False,4.497,4.661,0.0366562360303977,PASS,
2025-11-26_159937_RECONSTRUCTED,2025-11-26,159937,黄金ETF,1,0.765,NeoQuasar/Kronos-small,NeoQuasar/Kronos-Tokenizer-base,cuda:0,120,24,1,8.991,7.894435405731201,9.345,-0.1219624876976013,0.0393727060393727,-0.161335193736974,0.161335193736974,0.0260290447381469,DOWN,UP,False,8.993,9.629,0.0707374040707373,PASS,
2025-11-26_510050_RECONSTRUCTED,2025-11-26,510050,上证50ETF,2,0.6200000000000001,NeoQuasar/Kronos-small,NeoQuasar/Kronos-Tokenizer-base,cuda:0,120,24,1,3.034,2.899765968322754,3.108,-0.0442432165145874,0.024390243902439,-0.0686334604170264,0.0686334604170264,0.0047105518888155,DOWN,UP,False,3.023,3.12,0.0319709953856295,PASS,
2025-11-26_512800_RECONSTRUCTED,2025-11-26,512800,银行ETF,3,0.605,NeoQuasar/Kronos-small,NeoQuasar/Kronos-Tokenizer-base,cuda:0,120,24,1,0.839,0.799515426158905,0.824,-0.0470614433288574,-0.0178784266984505,-0.0291830166304069,0.0291830166304069,0.0008516484596506,DOWN,DOWN,True,0.81,0.842,0.038140643623361,PASS,
2025-11-26_510300_RECONSTRUCTED,2025-11-26,510300,沪深300ETF,4,0.58,NeoQuasar/Kronos-small,NeoQuasar/Kronos-Tokenizer-base,cuda:0,120,24,1,4.503,4.295477867126465,4.65,-0.046085238456726,0.0326449033977349,-0.078730141854461,0.078730141854461,0.0061984352364235,DOWN,UP,False,4.497,4.661,0.0364201643348877,PASS,
2025-11-26_159915_RECONSTRUCTED,2025-11-26,159915,创业板ETF,5,0.5149999999999999,NeoQuasar/Kronos-small,NeoQuasar/Kronos-Tokenizer-base,cuda:0,120,24,1,3.027,2.777677297592163,3.229,-0.0823662281036377,0.0667327386851668,-0.1490989667888045,0.1490989667888045,0.022230501897489,DOWN,UP,False,3.012,3.229,0.0716881400726792,PASS,
2025-11-27_159937_RECONSTRUCTED,2025-11-27,159937,黄金ETF,1,0.765,NeoQuasar/Kronos-small,NeoQuasar/Kronos-Tokenizer-base,cuda:0,120,24,1,8.993,8.222623825073242,9.274,-0.0856639742851257,0.0312465250750582,-0.1169104993601839,0.1169104993601839,0.0136680648606475,DOWN,UP,False,9.028,9.629,0.0668297564772599,PASS,
2025-11-27_512800_RECONSTRUCTED,2025-11-27,512800,银行ETF,2,0.605,NeoQuasar/Kronos-small,NeoQuasar/Kronos-Tokenizer-base,cuda:0,120,24,1,0.842,0.8447896838188171,0.823,0.0033131837844848,-0.0225653206650832,0.025878504449568,0.025878504449568,0.0006696969925463,UP,DOWN,False,0.81,0.842,0.0380047505938241,PASS,
2025-11-27_510050_RECONSTRUCTED,2025-11-27,510050,上证50ETF,3,0.6,NeoQuasar/Kronos-small,NeoQuasar/Kronos-Tokenizer-base,cuda:0,120,24,1,3.032,2.837511777877808,3.105,-0.0641452074050903,0.0240765171503958,-0.0882217245554861,0.0882217245554861,0.007783072683544,DOWN,UP,False,3.023,3.12,0.0319920844327176,PASS,
2025-11-27_510300_RECONSTRUCTED,2025-11-27,510300,沪深300ETF,4,0.5700000000000001,NeoQuasar/Kronos-small,NeoQuasar/Kronos-Tokenizer-base,cuda:0,120,24,1,4.499,4.065927505493164,4.63,-0.0962597131729126,0.0291175816848188,-0.1253772948577314,0.1253772948577314,0.0157194660658425,DOWN,UP,False,4.497,4.661,0.0364525450100021,PASS,
2025-11-27_159915_RECONSTRUCTED,2025-11-27,159915,创业板ETF,5,0.5149999999999999,NeoQuasar/Kronos-small,NeoQuasar/Kronos-Tokenizer-base,cuda:0,120,24,1,3.012,2.503925323486328,3.186,-0.1686835289001464,0.0577689243027887,-0.2264524532029352,0.2264524532029352,0.0512807135616275,DOWN,UP,False,3.019,3.229,0.0697211155378486,PASS,
2025-11-28_159937_RECONSTRUCTED,2025-11-28,159937,黄金ETF,1,0.765,NeoQuasar/Kronos-small,NeoQuasar/Kronos-Tokenizer-base,cuda:0,120,24,1,9.052,8.19653034210205,9.477,-0.0945061445236206,0.0469509500662836,-0.1414570945899043,0.1414570945899043,0.0200101096098171,DOWN,UP,False,9.028,9.629,0.0663941670349093,PASS,
2025-11-28_510050_RECONSTRUCTED,2025-11-28,510050,上证50ETF,2,0.7000000000000001,NeoQuasar/Kronos-small,NeoQuasar/Kronos-Tokenizer-base,cuda:0,120,24,1,3.033,2.747990608215332,3.174,-0.0939694643020629,0.04648862512364,-0.140458089425703,0.140458089425703,0.0197284748851187,DOWN,UP,False,3.023,3.174,0.0497856907352455,PASS,
2025-11-28_512800_RECONSTRUCTED,2025-11-28,512800,银行ETF,3,0.6749999999999999,NeoQuasar/Kronos-small,NeoQuasar/Kronos-Tokenizer-base,cuda:0,120,24,1,0.836,0.8305379152297974,0.82,-0.0065336227416992,-0.0191387559808612,0.012605133239162,0.012605133239162,0.000158889383977,DOWN,DOWN,True,0.81,0.842,0.0382775119617223,PASS,
2025-11-28_510300_RECONSTRUCTED,2025-11-28,510300,沪深300ETF,4,0.665,NeoQuasar/Kronos-small,NeoQuasar/Kronos-Tokenizer-base,cuda:0,120,24,1,4.512,4.250856399536133,4.721,-0.0578776001930236,0.0463209219858158,-0.1041985221788395,0.1041985221788395,0.0108573320242541,DOWN,UP,False,4.497,4.721,0.049645390070922,PASS,
2025-11-28_159915_RECONSTRUCTED,2025-11-28,159915,创业板ETF,5,0.575,NeoQuasar/Kronos-small,NeoQuasar/Kronos-Tokenizer-base,cuda:0,120,24,1,3.035,2.6110832691192627,3.281,-0.139676034450531,0.0810543657331137,-0.2207304001836447,0.2207304001836447,0.0487219095652319,DOWN,UP,False,3.019,3.281,0.086326194398682,PASS,
2025-12-01_159937_RECONSTRUCTED,2025-12-01,159937,黄金ETF,1,0.7899999999999999,NeoQuasar/Kronos-small,NeoQuasar/Kronos-Tokenizer-base,cuda:0,120,24,1,9.144,8.532346725463867,9.561,-0.0668911933898925,0.0456036745406824,-0.112494867930575,0.112494867930575,0.0126550953107175,DOWN,UP,False,9.028,9.629,0.0657261592300961,PASS,
2025-12-01_510050_RECONSTRUCTED,2025-12-01,510050,上证50ETF,2,0.655,NeoQuasar/Kronos-small,NeoQuasar/Kronos-Tokenizer-base,cuda:0,120,24,1,3.057,2.793151378631592,3.235,-0.0863096117973327,0.0582270199542034,-0.1445366317515362,0.1445366317515362,0.0208908379180791,DOWN,UP,False,3.023,3.235,0.0693490350016355,PASS,
2025-12-01_510300_RECONSTRUCTED,2025-12-01,510300,沪深300ETF,3,0.645,NeoQuasar/Kronos-small,NeoQuasar/Kronos-Tokenizer-base,cuda:0,120,24,1,4.564,4.513566970825195,4.796,-0.0110502243041992,0.0508326029798422,-0.0618828272840414,0.0618828272840414,0.0038294843126665,DOWN,UP,False,4.497,4.796,0.065512708150745,PASS,
2025-12-01_512800_RECONSTRUCTED,2025-12-01,512800,银行ETF,4,0.645,NeoQuasar/Kronos-small,NeoQuasar/Kronos-Tokenizer-base,cuda:0,120,24,1,0.842,0.8754555583000183,0.825,0.0397334098815918,-0.0201900237529691,0.0599234336345609,0.0599234336345609,0.0035908178985556,UP,DOWN,False,0.81,0.841,0.0368171021377671,PASS,
2025-12-01_159915_RECONSTRUCTED,2025-12-01,159915,创业板ETF,5,0.5149999999999999,NeoQuasar/Kronos-small,NeoQuasar/Kronos-Tokenizer-base,cuda:0,120,24,1,3.073,2.4529731273651123,3.303,-0.2017659544944763,0.0748454279205987,-0.2766113824150751,0.2766113824150751,0.0765138568815789,DOWN,UP,False,3.019,3.303,0.0924178327367392,PASS,
2025-12-02_159937_RECONSTRUCTED,2025-12-02,159937,黄金ETF,1,0.7849999999999999,NeoQuasar/Kronos-small,NeoQuasar/Kronos-Tokenizer-base,cuda:0,120,24,1,9.099,8.619291305541992,9.501,-0.0527210235595703,0.0441806791955159,-0.0969017027550862,0.0969017027550862,0.009389939996835,DOWN,UP,False,9.028,9.629,0.0660512144191668,PASS,
2025-12-02_512800_RECONSTRUCTED,2025-12-02,512800,银行ETF,2,0.7050000000000001,NeoQuasar/Kronos-small,NeoQuasar/Kronos-Tokenizer-base,cuda:0,120,24,1,0.841,0.8123877644538879,0.819,-0.0340217351913452,-0.0261593341260404,-0.0078624010653047,0.0078624010653047,6.181735051170574e-05,DOWN,DOWN,True,0.81,0.834,0.0285374554102258,PASS,
2025-12-02_510050_RECONSTRUCTED,2025-12-02,510050,上证50ETF,3,0.66,NeoQuasar/Kronos-small,NeoQuasar/Kronos-Tokenizer-base,cuda:0,120,24,1,3.042,2.908968448638916,3.22,-0.0437316298484802,0.0585141354372125,-0.1022457652856927,0.1022457652856927,0.0104541965188569,DOWN,UP,False,3.023,3.235,0.0696909927679157,PASS,
2025-12-02_510300_RECONSTRUCTED,2025-12-02,510300,沪深300ETF,4,0.615,NeoQuasar/Kronos-small,NeoQuasar/Kronos-Tokenizer-base,cuda:0,120,24,1,4.543,3.984659433364868,4.778,-0.1229013204574585,0.0517279330838651,-0.1746292535413236,0.1746292535413236,0.0304953761923998,DOWN,UP,False,4.497,4.796,0.0658155403918116,PASS,
2025-12-02_159996_RECONSTRUCTED,2025-12-02,159996,家电ETF,5,0.5599999999999999,NeoQuasar/Kronos-small,NeoQuasar/Kronos-Tokenizer-base,cuda:0,120,24,1,1.508,1.4587724208831787,1.584,-0.0326442718505859,0.050397877984085,-0.0830421498346709,0.0830421498346709,0.0068959986491639,DOWN,UP,False,1.49,1.586,0.0636604774535809,PASS,
2025-12-03_159937_RECONSTRUCTED,2025-12-03,159937,黄金ETF,1,0.7899999999999999,NeoQuasar/Kronos-small,NeoQuasar/Kronos-Tokenizer-base,cuda:0,120,24,1,9.077,8.194746971130371,9.493,-0.0971965193748474,0.0458301200837281,-0.1430266394585755,0.1430266394585755,0.0204566195948133,DOWN,UP,False,9.028,9.629,0.0662113032940397,PASS,
2025-12-03_510050_RECONSTRUCTED,2025-12-03,510050,上证50ETF,2,0.6400000000000001,NeoQuasar/Kronos-small,NeoQuasar/Kronos-Tokenizer-base,cuda:0,120,24,1,3.028,2.950568675994873,3.198,-0.0255718231201171,0.0561426684280053,-0.0817144915481224,0.0817144915481224,0.0066772581289681,DOWN,UP,False,3.023,3.235,0.07001321003963,PASS,
2025-12-03_510300_RECONSTRUCTED,2025-12-03,510300,沪深300ETF,3,0.64,NeoQuasar/Kronos-small,NeoQuasar/Kronos-Tokenizer-base,cuda:0,120,24,1,4.522,4.545860290527344,4.74,0.0052765607833862,0.0482087571870852,-0.042932196403699,0.042932196403699,0.0018431734880457,UP,UP,True,4.497,4.796,0.0661211853162318,PASS,
2025-12-03_512800_RECONSTRUCTED,2025-12-03,512800,银行ETF,4,0.5850000000000001,NeoQuasar/Kronos-small,NeoQuasar/Kronos-Tokenizer-base,cuda:0,120,24,1,0.834,0.8024577498435974,0.811,-0.0378204584121704,-0.02757793764988,-0.0102425207622903,0.0102425207622903,0.0001049092315659,DOWN,DOWN,True,0.81,0.831,0.0251798561151078,PASS,
2025-12-03_159996_RECONSTRUCTED,2025-12-03,159996,家电ETF,5,0.5599999999999999,NeoQuasar/Kronos-small,NeoQuasar/Kronos-Tokenizer-base,cuda:0,120,24,1,1.513,1.4908087253570557,1.575,-0.0146670937538146,0.0409781890284204,-0.0556452827822351,0.0556452827822351,0.0030963974959149,DOWN,UP,False,1.49,1.586,0.0634500991407799,PASS,
2025-12-04_159937_RECONSTRUCTED,2025-12-04,159937,黄金ETF,1,0.775,NeoQuasar/Kronos-small,NeoQuasar/Kronos-Tokenizer-base,cuda:0,120,24,1,9.045,8.394124031066895,9.569,-0.0719597339630127,0.0579325594250967,-0.1298922933881094,0.1298922933881094,0.0168720078816227,DOWN,UP,False,9.028,9.629,0.0664455500276394,PASS,
2025-12-04_510300_RECONSTRUCTED,2025-12-04,510300,沪深300ETF,2,0.6,NeoQuasar/Kronos-small,NeoQuasar/Kronos-Tokenizer-base,cuda:0,120,24,1,4.534,4.34647274017334,4.762,-0.0413601994514465,0.0502867225408028,-0.0916469219922493,0.0916469219922493,0.0083991583106534,DOWN,UP,False,4.497,4.796,0.0659461843846494,PASS,
2025-12-04_510050_RECONSTRUCTED,2025-12-04,510050,上证50ETF,3,0.5800000000000001,NeoQuasar/Kronos-small,NeoQuasar/Kronos-Tokenizer-base,cuda:0,120,24,1,3.036,2.8692989349365234,3.209,-0.0549081563949584,0.0569828722002634,-0.1118910285952219,0.1118910285952219,0.0125196022800967,DOWN,UP,False,3.023,3.235,0.0698287220026349,PASS,
2025-12-04_512800_RECONSTRUCTED,2025-12-04,512800,银行ETF,4,0.575,NeoQuasar/Kronos-small,NeoQuasar/Kronos-Tokenizer-base,cuda:0,120,24,1,0.831,0.8103638291358948,0.808,-0.0248329043388366,-0.0276774969915762,0.0028445926527396,0.0028445926527396,8.091707360020224e-06,DOWN,DOWN,True,0.808,0.827,0.0228640192539108,PASS,
2025-12-04_159996_RECONSTRUCTED,2025-12-04,159996,家电ETF,5,0.5650000000000001,NeoQuasar/Kronos-small,NeoQuasar/Kronos-Tokenizer-base,cuda:0,120,24,1,1.52,1.4297618865966797,1.604,-0.0593671798706054,0.0552631578947369,-0.1146303377653423,0.1146303377653423,0.0131401143361964,DOWN,UP,False,1.49,1.604,0.075,PASS,
2025-12-05_159937_RECONSTRUCTED,2025-12-05,159937,黄金ETF,1,0.775,NeoQuasar/Kronos-small,NeoQuasar/Kronos-Tokenizer-base,cuda:0,120,24,1,9.119,8.490428924560547,9.758,-0.0689298510551452,0.0700734729685272,-0.1390033240236725,0.1390033240236725,0.0193219240896301,DOWN,UP,False,9.028,9.758,0.0800526373505865,PASS,
2025-12-05_510050_RECONSTRUCTED,2025-12-05,510050,上证50ETF,2,0.5800000000000001,NeoQuasar/Kronos-small,NeoQuasar/Kronos-Tokenizer-base,cuda:0,120,24,1,3.065,2.8463244438171387,3.218,-0.0713460445404052,0.0499184339314844,-0.1212644784718897,0.1212644784718897,0.0147050737390594,DOWN,UP,False,3.023,3.235,0.0691680261011418,PASS,
2025-12-05_510300_RECONSTRUCTED,2025-12-05,510300,沪深300ETF,3,0.5800000000000001,NeoQuasar/Kronos-small,NeoQuasar/Kronos-Tokenizer-base,cuda:0,120,24,1,4.575,4.495506286621094,4.79,-0.0173756480216979,0.0469945355191256,-0.0643701835408236,0.0643701835408236,0.0041435205290793,DOWN,UP,False,4.497,4.796,0.0653551912568306,PASS,
2025-12-05_159949_RECONSTRUCTED,2025-12-05,159949,创业板50ETF,4,0.515,NeoQuasar/Kronos-small,NeoQuasar/Kronos-Tokenizer-base,cuda:0,120,24,1,1.482,1.0319160223007202,1.591,-0.3037003874778747,0.073549257759784,-0.3772496452376588,0.3772496452376588,0.1423172948319394,DOWN,UP,False,1.463,1.591,0.0863697705802968,PASS,
2025-12-05_159996_RECONSTRUCTED,2025-12-05,159996,家电ETF,5,0.515,NeoQuasar/Kronos-small,NeoQuasar/Kronos-Tokenizer-base,cuda:0,120,24,1,1.526,1.3840214014053345,1.621,-0.0930397510528564,0.0622542595019659,-0.1552940105548224,0.1552940105548224,0.0241162297142012,DOWN,UP,False,1.49,1.621,0.0858453473132372,PASS,
2025-12-08_159937_RECONSTRUCTED,2025-12-08,159937,黄金ETF,1,0.7899999999999999,NeoQuasar/Kronos-small,NeoQuasar/Kronos-Tokenizer-base,cuda:0,120,24,1,9.094,8.517730712890625,9.769,-0.0633680820465087,0.0742247635803827,-0.1375928456268915,0.1375928456268915,0.0189317911677056,DOWN,UP,False,9.028,9.769,0.0814822960193533,PASS,
2025-12-08_159915_RECONSTRUCTED,2025-12-08,159915,创业板ETF,2,0.6849999999999998,NeoQuasar/Kronos-small,NeoQuasar/Kronos-Tokenizer-base,cuda:0,120,24,1,3.171,2.1436147689819336,3.306,-0.3239941000938415,0.0425733207190162,-0.3665674208128577,0.3665674208128577,0.1343716740013907,DOWN,UP,False,3.06,3.371,0.0980763166193629,PASS,
2025-12-08_159949_RECONSTRUCTED,2025-12-08,159949,创业板50ETF,3,0.6450000000000001,NeoQuasar/Kronos-small,NeoQuasar/Kronos-Tokenizer-base,cuda:0,120,24,1,1.53,1.2451114654541016,1.56,-0.1862016320228576,0.0196078431372548,-0.2058094751601125,0.2058094751601125,0.0423575400656809,DOWN,UP,False,1.463,1.591,0.0836601307189541,PASS,
2025-12-08_512480_RECONSTRUCTED,2025-12-08,512480,半导体ETF,4,0.6000000000000001,NeoQuasar/Kronos-small,NeoQuasar/Kronos-Tokenizer-base,cuda:0,120,24,1,1.441,1.310066819190979,1.593,-0.0908626914024353,0.1054823039555863,-0.1963449953580216,0.1963449953580216,0.0385513572021415,DOWN,UP,False,1.382,1.646,0.183206106870229,PASS,
2025-12-08_510300_RECONSTRUCTED,2025-12-08,510300,沪深300ETF,5,0.545,NeoQuasar/Kronos-small,NeoQuasar/Kronos-Tokenizer-base,cuda:0,120,24,1,4.609,4.204073905944824,4.773,-0.087855577468872,0.0355825558689519,-0.123438133337824,0.123438133337824,0.0152369727619264,DOWN,UP,False,4.497,4.796,0.0648730744196138,PASS,
2025-12-09_159949_RECONSTRUCTED,2025-12-09,159949,创业板50ETF,1,0.7300000000000001,NeoQuasar/Kronos-small,NeoQuasar/Kronos-Tokenizer-base,cuda:0,120,24,1,1.535,0.9476457834243774,1.571,-0.3826411962509155,0.0234527687296417,-0.4060939649805573,0.4060939649805573,0.16491230839363,DOWN,UP,False,1.463,1.591,0.083387622149837,PASS,
2025-12-09_159915_RECONSTRUCTED,2025-12-09,159915,创业板ETF,2,0.72,NeoQuasar/Kronos-small,NeoQuasar/Kronos-Tokenizer-base,cuda:0,120,24,1,3.188,2.638023853302002,3.332,-0.1725144386291504,0.0451693851944792,-0.2176838238236296,0.2176838238236296,0.047386247154477,DOWN,UP,False,3.06,3.371,0.0975533249686323,PASS,
2025-12-09_159937_RECONSTRUCTED,2025-12-09,159937,黄金ETF,3,0.7100000000000001,NeoQuasar/Kronos-small,NeoQuasar/Kronos-Tokenizer-base,cuda:0,120,24,1,9.028,8.61252498626709,9.9,-0.0460206866264343,0.0965883916703589,-0.1426090782967932,0.1426090782967932,0.0203373492126609,DOWN,UP,False,9.073,9.9,0.0916038989809481,PASS,
2025-12-09_512480_RECONSTRUCTED,2025-12-09,512480,半导体ETF,4,0.6400000000000001,NeoQuasar/Kronos-small,NeoQuasar/Kronos-Tokenizer-base,cuda:0,120,24,1,1.436,1.2759569883346558,1.617,-0.1114505529403686,0.1260445682451254,-0.2374951211854941,0.2374951211854941,0.0564039325869125,DOWN,UP,False,1.382,1.646,0.1838440111420613,PASS,
2025-12-09_510300_RECONSTRUCTED,2025-12-09,510300,沪深300ETF,5,0.585,NeoQuasar/Kronos-small,NeoQuasar/Kronos-Tokenizer-base,cuda:0,120,24,1,4.585,4.2002854347229,4.743,-0.0839072465896606,0.0344601962922574,-0.1183674428819181,0.1183674428819181,0.0140108515344041,DOWN,UP,False,4.497,4.796,0.0652126499454744,PASS,
2025-12-10_159915_RECONSTRUCTED,2025-12-10,159915,创业板ETF,1,0.72,NeoQuasar/Kronos-small,NeoQuasar/Kronos-Tokenizer-base,cuda:0,120,24,1,3.192,2.742236852645874,3.352,-0.1409032344818115,0.050125313283208,-0.1910285477650195,0.1910285477650195,0.0364919060612123,DOWN,UP,False,3.06,3.371,0.0974310776942355,PASS,
2025-12-10_159949_RECONSTRUCTED,2025-12-10,159949,创业板50ETF,2,0.7100000000000001,NeoQuasar/Kronos-small,NeoQuasar/Kronos-Tokenizer-base,cuda:0,120,24,1,1.532,1.059566855430603,1.582,-0.3083767294883728,0.0326370757180156,-0.3410138052063884,0.3410138052063884,0.1162904153413406,DOWN,UP,False,1.463,1.591,0.08355091383812,PASS,
2025-12-10_512480_RECONSTRUCTED,2025-12-10,512480,半导体ETF,3,0.68,NeoQuasar/Kronos-small,NeoQuasar/Kronos-Tokenizer-base,cuda:0,120,24,1,1.438,1.160081386566162,1.649,-0.1932674646377563,0.1467315716272601,-0.3399990362650165,0.3399990362650165,0.11559934466114,DOWN,UP,False,1.382,1.649,0.1856745479833102,PASS,
2025-12-10_159937_RECONSTRUCTED,2025-12-10,159937,黄金ETF,4,0.655,NeoQuasar/Kronos-small,NeoQuasar/Kronos-Tokenizer-base,cuda:0,120,24,1,9.073,8.345470428466797,9.846,-0.0801861882209777,0.0851978397442962,-0.165384027965274,0.165384027965274,0.0273518767060185,DOWN,UP,False,9.09,9.9,0.0892758734707374,PASS,
2025-12-10_512660_RECONSTRUCTED,2025-12-10,512660,军工ETF,5,0.575,NeoQuasar/Kronos-small,NeoQuasar/Kronos-Tokenizer-base,cuda:0,120,24,1,1.225,1.121074914932251,1.503,-0.0848368406295776,0.2269387755102039,-0.3117756161397815,0.3117756161397815,0.0972040348193404,DOWN,UP,False,1.22,1.682,0.3771428571428571,PASS,
2025-12-11_159937_RECONSTRUCTED,2025-12-11,159937,黄金ETF,1,0.725,NeoQuasar/Kronos-small,NeoQuasar/Kronos-Tokenizer-base,cuda:0,120,24,1,9.09,8.291123390197754,9.834,-0.0878852605819702,0.0818481848184817,-0.169733445400452,0.169733445400452,0.0288094424875082,DOWN,UP,False,9.207,9.9,0.0762376237623762,PASS,
2025-12-11_159949_RECONSTRUCTED,2025-12-11,159949,创业板50ETF,2,0.6950000000000001,NeoQuasar/Kronos-small,NeoQuasar/Kronos-Tokenizer-base,cuda:0,120,24,1,1.511,1.0394021272659302,1.582,-0.3121097683906555,0.0469887491727334,-0.3590985175633889,0.3590985175633889,0.1289517453162235,DOWN,UP,False,1.463,1.591,0.0847121111846458,PASS,
2025-12-11_159915_RECONSTRUCTED,2025-12-11,159915,创业板ETF,3,0.6849999999999998,NeoQuasar/Kronos-small,NeoQuasar/Kronos-Tokenizer-base,cuda:0,120,24,1,3.146,2.804618120193481,3.346,-0.1085129976272583,0.0635727908455181,-0.1720857884727764,0.1720857884727764,0.0296135185942971,DOWN,UP,False,3.06,3.371,0.0988556897647806,PASS,
2025-12-11_512480_RECONSTRUCTED,2025-12-11,512480,半导体ETF,4,0.615,NeoQuasar/Kronos-small,NeoQuasar/Kronos-Tokenizer-base,cuda:0,120,24,1,1.415,1.3198403120040894,1.702,-0.0672506093978881,0.2028268551236749,-0.2700774645215631,0.2700774645215631,0.0729418368423961,DOWN,UP,False,1.382,1.702,0.2261484098939929,PASS,
2025-12-11_512660_RECONSTRUCTED,2025-12-11,512660,军工ETF,5,0.575,NeoQuasar/Kronos-small,NeoQuasar/Kronos-Tokenizer-base,cuda:0,120,24,1,1.22,1.2055855989456177,1.495,-0.0118151307106018,0.2254098360655738,-0.2372249667761756,0.2372249667761756,0.0562756848619576,DOWN,UP,False,1.226,1.682,0.3737704918032786,PASS,
2025-12-12_159915_RECONSTRUCTED,2025-12-12,159915,创业板ETF,1,0.6849999999999998,NeoQuasar/Kronos-small,NeoQuasar/Kronos-Tokenizer-base,cuda:0,120,24,1,3.174,2.736045837402344,3.318,-0.1379817724227905,0.0453686200378071,-0.1833503924605977,0.1833503924605977,0.0336173664154552,DOWN,UP,False,3.06,3.371,0.0979836168872085,PASS,
2025-12-12_159949_RECONSTRUCTED,2025-12-12,159949,创业板50ETF,2,0.68,NeoQuasar/Kronos-small,NeoQuasar/Kronos-Tokenizer-base,cuda:0,120,24,1,1.527,1.1060794591903689,1.563,-0.2756519317626953,0.0235756385068761,-0.2992275702695715,0.2992275702695715,0.0895371388094313,DOWN,UP,False,1.463,1.591,0.0838244924688931,PASS,
2025-12-12_512480_RECONSTRUCTED,2025-12-12,512480,半导体ETF,3,0.6600000000000001,NeoQuasar/Kronos-small,NeoQuasar/Kronos-Tokenizer-base,cuda:0,120,24,1,1.44,1.2870330810546875,1.694,-0.1062270402908325,0.1763888888888889,-0.2826159291797214,0.2826159291797214,0.0798717634261173,DOWN,UP,False,1.382,1.702,0.2222222222222222,PASS,
2025-12-12_159937_RECONSTRUCTED,2025-12-12,159937,黄金ETF,4,0.655,NeoQuasar/Kronos-small,NeoQuasar/Kronos-Tokenizer-base,cuda:0,120,24,1,9.207,8.489297866821289,9.984,-0.0779517889022827,0.0843923101987618,-0.1623440991010445,0.1623440991010445,0.0263556065129297,DOWN,UP,False,9.22,9.984,0.082980341044857,PASS,
2025-12-12_512660_RECONSTRUCTED,2025-12-12,512660,军工ETF,5,0.605,NeoQuasar/Kronos-small,NeoQuasar/Kronos-Tokenizer-base,cuda:0,120,24,1,1.233,1.2463334798812866,1.526,0.01081383228302,0.2376317923763178,-0.2268179600932978,0.2268179600932978,0.0514463870208848,UP,UP,True,1.226,1.682,0.3698296836982968,PASS,
2025-12-15_159937_RECONSTRUCTED,2025-12-15,159937,黄金ETF,1,0.7599999999999999,NeoQuasar/Kronos-small,NeoQuasar/Kronos-Tokenizer-base,cuda:0,120,24,1,9.33,7.29545783996582,10.061,-0.218064546585083,0.0783494105037512,-0.2964139570888342,0.2964139570888342,0.0878612339570612,DOWN,UP,False,9.22,10.061,0.0901393354769559,PASS,
2025-12-15_159915_RECONSTRUCTED,2025-12-15,159915,创业板ETF,2,0.7149999999999999,NeoQuasar/Kronos-small,NeoQuasar/Kronos-Tokenizer-base,cuda:0,120,24,1,3.12,2.2569048404693604,3.263,-0.2766330242156982,0.0458333333333331,-0.3224663575490314,0.3224663575490314,0.1039845517509397,DOWN,UP,False,3.06,3.371,0.0996794871794871,PASS,
2025-12-15_159949_RECONSTRUCTED,2025-12-15,159949,创业板50ETF,3,0.6750000000000002,NeoQuasar/Kronos-small,NeoQuasar/Kronos-Tokenizer-base,cuda:0,120,24,1,1.495,1.4950045347213743,1.534,2.9802322387695312e-06,0.0260869565217389,-0.0260839762895002,0.0260839762895002,0.0006803738190712,UP,UP,True,1.463,1.591,0.0856187290969898,PASS,
2025-12-15_512660_RECONSTRUCTED,2025-12-15,512660,军工ETF,4,0.615,NeoQuasar/Kronos-small,NeoQuasar/Kronos-Tokenizer-base,cuda:0,120,24,1,1.245,1.1607334613800049,1.477,-0.06768399477005,0.1863453815261044,-0.2540293762961545,0.2540293762961545,0.0645309240214132,DOWN,UP,False,1.226,1.682,0.3662650602409638,PASS,
2025-12-15_510050_RECONSTRUCTED,2025-12-15,510050,上证50ETF,5,0.5800000000000001,NeoQuasar/Kronos-small,NeoQuasar/Kronos-Tokenizer-base,cuda:0,120,24,1,3.053,3.047761917114258,3.15,-0.0017157196998596,0.0317720275139208,-0.0334877472137804,0.0334877472137804,0.001121429213454,DOWN,UP,False,3.023,3.235,0.0694398951850637,PASS,
2025-12-16_159937_RECONSTRUCTED,2025-12-16,159937,黄金ETF,1,0.7599999999999999,NeoQuasar/Kronos-small,NeoQuasar/Kronos-Tokenizer-base,cuda:0,120,24,1,9.22,8.060076713562012,10.359,-0.1258051395416259,0.1235357917570498,-0.2493409312986758,0.2493409312986758,0.0621709000208909,DOWN,UP,False,9.274,10.359,0.1176789587852495,PASS,
2025-12-16_159915_RECONSTRUCTED,2025-12-16,159915,创业板ETF,2,0.7,NeoQuasar/Kronos-small,NeoQuasar/Kronos-Tokenizer-base,cuda:0,120,24,1,3.06,2.8574635982513428,3.281,-0.0661883354187011,0.0722222222222221,-0.1384105576409233,0.1384105576409233,0.0191574824664713,DOWN,UP,False,3.092,3.371,0.0911764705882352,PASS,
2025-12-16_159949_RECONSTRUCTED,2025-12-16,159949,创业板50ETF,3,0.66,NeoQuasar/Kronos-small,NeoQuasar/Kronos-Tokenizer-base,cuda:0,120,24,1,1.463,1.2847940921783447,1.542,-0.1218085885047912,0.0539986329460013,-0.1758072214507926,0.1758072214507926,0.030908179114248,DOWN,UP,False,1.479,1.591,0.0765550239234448,PASS,
2025-12-16_512660_RECONSTRUCTED,2025-12-16,512660,军工ETF,4,0.6599999999999999,NeoQuasar/Kronos-small,NeoQuasar/Kronos-Tokenizer-base,cuda:0,120,24,1,1.226,1.1359021663665771,1.479,-0.073489248752594,0.2063621533442088,-0.2798514020968028,0.2798514020968028,0.0783168072555464,DOWN,UP,False,1.226,1.682,0.3719412724306688,PASS,
2025-12-16_510300_RECONSTRUCTED,2025-12-16,510300,沪深300ETF,5,0.645,NeoQuasar/Kronos-small,NeoQuasar/Kronos-Tokenizer-base,cuda:0,120,24,1,4.497,4.637414455413818,4.73,0.0312240123748779,0.0518123193239938,-0.0205883069491159,0.0205883069491159,0.000423878383031,UP,UP,True,4.545,4.796,0.0558149877696242,PASS,
2025-12-17_159949_RECONSTRUCTED,2025-12-17,159949,创业板50ETF,1,0.7300000000000001,NeoQuasar/Kronos-small,NeoQuasar/Kronos-Tokenizer-base,cuda:0,120,24,1,1.517,1.210092544555664,1.558,-0.2023120522499084,0.0270270270270271,-0.2293390792769356,0.2293390792769356,0.0525964132835925,DOWN,UP,False,1.479,1.591,0.073829927488464,PASS,
2025-12-17_159937_RECONSTRUCTED,2025-12-17,159937,黄金ETF,2,0.72,NeoQuasar/Kronos-small,NeoQuasar/Kronos-Tokenizer-base,cuda:0,120,24,1,9.29,7.896440029144287,10.319,-0.1500064730644226,0.1107642626480087,-0.2607707357124313,0.2607707357124313,0.0680013766040027,DOWN,UP,False,9.274,10.359,0.1167922497308935,PASS,
2025-12-17_159915_RECONSTRUCTED,2025-12-17,159915,创业板ETF,3,0.6950000000000001,NeoQuasar/Kronos-small,NeoQuasar/Kronos-Tokenizer-base,cuda:0,120,24,1,3.164,2.565510034561157,3.315,-0.1891561150550842,0.0477243994943108,-0.236880514549395,0.236880514549395,0.0561123781731861,DOWN,UP,False,3.092,3.371,0.0881795195954487,PASS,
2025-12-17_512660_RECONSTRUCTED,2025-12-17,512660,军工ETF,4,0.6399999999999999,NeoQuasar/Kronos-small,NeoQuasar/Kronos-Tokenizer-base,cuda:0,120,24,1,1.226,1.1334595680236816,1.526,-0.0754815340042114,0.2446982055464928,-0.3201797395507042,0.3201797395507042,0.1025150656187567,DOWN,UP,False,1.239,1.682,0.361337683523654,PASS,
2025-12-17_510300_RECONSTRUCTED,2025-12-17,510300,沪深300ETF,5,0.575,NeoQuasar/Kronos-small,NeoQuasar/Kronos-Tokenizer-base,cuda:0,120,24,1,4.576,4.321728229522705,4.727,-0.0555664300918579,0.0329982517482518,-0.0885646818401098,0.0885646818401098,0.0078437028694398,DOWN,UP,False,4.545,4.796,0.0548513986013986,PASS,
2025-12-18_159937_RECONSTRUCTED,2025-12-18,159937,黄金ETF,1,0.7449999999999999,NeoQuasar/Kronos-small,NeoQuasar/Kronos-Tokenizer-base,cuda:0,120,24,1,9.297,7.603634834289551,10.595,-0.1821410059928894,0.1396149295471658,-0.3217559355400552,0.3217559355400552,0.1035268820552561,DOWN,UP,False,9.274,10.595,0.1420888458642574,PASS,
2025-12-18_512660_RECONSTRUCTED,2025-12-18,512660,军工ETF,2,0.69,NeoQuasar/Kronos-small,NeoQuasar/Kronos-Tokenizer-base,cuda:0,120,24,1,1.239,1.130564570426941,1.574,-0.0875184535980224,0.2703793381759483,-0.3578977917739707,0.3578977917739707,0.1280908293566845,DOWN,UP,False,1.243,1.682,0.3543179983857948,PASS,
2025-12-18_159915_RECONSTRUCTED,2025-12-18,159915,创业板ETF,3,0.63,NeoQuasar/Kronos-small,NeoQuasar/Kronos-Tokenizer-base,cuda:0,120,24,1,3.092,2.523552656173706,3.337,-0.1838445663452148,0.0792367399741267,-0.2630813063193415,0.2630813063193415,0.0692117737346912,DOWN,UP,False,3.107,3.371,0.0853816300129365,PASS,
2025-12-18_159949_RECONSTRUCTED,2025-12-18,159949,创业板50ETF,4,0.6100000000000001,NeoQuasar/Kronos-small,NeoQuasar/Kronos-Tokenizer-base,cuda:0,120,24,1,1.479,1.3018609285354614,1.562,-0.1197694540023803,0.0561189993238675,-0.1758884533262479,0.1758884533262479,0.0309367480134996,DOWN,UP,False,1.485,1.591,0.0716700473292764,PASS,
2025-12-18_510050_RECONSTRUCTED,2025-12-18,510050,上证50ETF,5,0.61,NeoQuasar/Kronos-small,NeoQuasar/Kronos-Tokenizer-base,cuda:0,120,24,1,3.064,3.003296375274658,3.106,-0.0198118686676025,0.0137075718015664,-0.0335194404691689,0.0335194404691689,0.0011235528893661,DOWN,UP,False,3.078,3.235,0.0512402088772846,PASS,
2025-12-19_159937_RECONSTRUCTED,2025-12-19,159937,黄金ETF,1,0.685,NeoQuasar/Kronos-small,NeoQuasar/Kronos-Tokenizer-base,cuda:0,120,24,1,9.295,8.217674255371094,10.885,-0.1159037947654724,0.171059709521248,-0.2869635042867204,0.2869635042867204,0.0823480527925146,DOWN,UP,False,9.274,10.885,0.1733189887036041,PASS,
2025-12-19_512660_RECONSTRUCTED,2025-12-19,512660,军工ETF,2,0.685,NeoQuasar/Kronos-small,NeoQuasar/Kronos-Tokenizer-base,cuda:0,120,24,1,1.255,1.2163056135177612,1.503,-0.0308321714401245,0.197609561752988,-0.2284417331931125,0.2284417331931125,0.0521856254642732,DOWN,UP,False,1.243,1.682,0.3498007968127489,PASS,
2025-12-19_159915_RECONSTRUCTED,2025-12-19,159915,创业板ETF,3,0.6600000000000001,NeoQuasar/Kronos-small,NeoQuasar/Kronos-Tokenizer-base,cuda:0,120,24,1,3.107,2.617435932159424,3.305,-0.157568097114563,0.0637270679111683,-0.2212951650257313,0.2212951650257313,0.0489715500637656,DOWN,UP,False,3.175,3.371,0.0630833601544899,PASS,
2025-12-19_159949_RECONSTRUCTED,2025-12-19,159949,创业板50ETF,4,0.63,NeoQuasar/Kronos-small,NeoQuasar/Kronos-Tokenizer-base,cuda:0,120,24,1,1.485,1.2880486249923706,1.549,-0.1326271891593933,0.043097643097643,-0.1757248322570364,0.1757248322570364,0.0308792166717635,DOWN,UP,False,1.521,1.591,0.0471380471380471,PASS,
2025-12-19_510300_RECONSTRUCTED,2025-12-19,510300,沪深300ETF,5,0.595,NeoQuasar/Kronos-small,NeoQuasar/Kronos-Tokenizer-base,cuda:0,120,24,1,4.565,4.110331535339356,4.712,-0.0995988249778747,0.0322015334063525,-0.1318003583842273,0.1318003583842273,0.0173713344702107,DOWN,UP,False,4.607,4.796,0.0414019715224534,PASS,
2025-12-22_159949_RECONSTRUCTED,2025-12-22,159949,创业板50ETF,1,0.7100000000000001,NeoQuasar/Kronos-small,NeoQuasar/Kronos-Tokenizer-base,cuda:0,120,24,1,1.521,1.2548457384109497,1.563,-0.1749863624572754,0.0276134122287967,-0.2025997746860721,0.2025997746860721,0.0410466687028472,DOWN,UP,False,1.522,1.591,0.0453648915187376,PASS,
2025-12-22_159915_RECONSTRUCTED,2025-12-22,159915,创业板ETF,2,0.71,NeoQuasar/Kronos-small,NeoQuasar/Kronos-Tokenizer-base,cuda:0,120,24,1,3.175,2.5015697479248047,3.327,-0.2121040225028991,0.0478740157480315,-0.2599780382509307,0.2599780382509307,0.0675885803728023,DOWN,UP,False,3.185,3.371,0.0585826771653543,PASS,
2025-12-22_159937_RECONSTRUCTED,2025-12-22,159937,黄金ETF,3,0.68,NeoQuasar/Kronos-small,NeoQuasar/Kronos-Tokenizer-base,cuda:0,120,24,1,9.482,8.630378723144531,10.903,-0.08981454372406,0.149862898122759,-0.239677441846819,0.239677441846819,0.0574452761302353,DOWN,UP,False,9.274,10.903,0.1717991984813332,PASS,
2025-12-22_510300_RECONSTRUCTED,2025-12-22,510300,沪深300ETF,4,0.61,NeoQuasar/Kronos-small,NeoQuasar/Kronos-Tokenizer-base,cuda:0,120,24,1,4.607,4.390973091125488,4.71,-0.0468909740447998,0.0223572823963533,-0.0692482564411531,0.0692482564411531,0.0047953210201397,DOWN,UP,False,4.617,4.796,0.0388539179509442,PASS,
2025-12-22_512660_RECONSTRUCTED,2025-12-22,512660,军工ETF,5,0.595,NeoQuasar/Kronos-small,NeoQuasar/Kronos-Tokenizer-base,cuda:0,120,24,1,1.262,1.1597208976745603,1.525,-0.0810452103614807,0.2083993660855783,-0.289444576447059,0.289444576447059,0.0837781628346173,DOWN,UP,False,1.243,1.682,0.3478605388272582,PASS,
2025-12-23_159949_RECONSTRUCTED,2025-12-23,159949,创业板50ETF,1,0.6950000000000001,NeoQuasar/Kronos-small,NeoQuasar/Kronos-Tokenizer-base,cuda:0,120,24,1,1.53,1.3167284727096558,1.553,-0.139393150806427,0.015032679738562,-0.154425830544989,0.154425830544989,0.0238473371395096,DOWN,UP,False,1.522,1.591,0.0450980392156862,PASS,
2025-12-23_159937_RECONSTRUCTED,2025-12-23,159937,黄金ETF,2,0.6900000000000001,NeoQuasar/Kronos-small,NeoQuasar/Kronos-Tokenizer-base,cuda:0,120,24,1,9.618,7.927778720855713,11.252,-0.1757352352142334,0.1698897899771263,-0.3456250251913597,0.3456250251913597,0.119456658038528,DOWN,UP,False,9.274,11.252,0.2056560615512582,PASS,
2025-12-23_159915_RECONSTRUCTED,2025-12-23,159915,创业板ETF,3,0.665,NeoQuasar/Kronos-small,NeoQuasar/Kronos-Tokenizer-base,cuda:0,120,24,1,3.185,2.531213998794556,3.307,-0.2052702903747558,0.0383045525902667,-0.2435748429650226,0.2435748429650226,0.0593287041254354,DOWN,UP,False,3.186,3.371,0.0580847723704866,PASS,
2025-12-23_510300_RECONSTRUCTED,2025-12-23,510300,沪深300ETF,4,0.605,NeoQuasar/Kronos-small,NeoQuasar/Kronos-Tokenizer-base,cuda:0,120,24,1,4.617,4.134292125701904,4.725,-0.1045501232147216,0.023391812865497,-0.1279419360802187,0.1279419360802187,0.0163691390079547,DOWN,UP,False,4.63,4.796,0.0359540827377085,PASS,
2025-12-23_512480_RECONSTRUCTED,2025-12-23,512480,半导体ETF,5,0.595,NeoQuasar/Kronos-small,NeoQuasar/Kronos-Tokenizer-base,cuda:0,120,24,1,1.45,1.2202192544937134,1.764,-0.1584694981575012,0.2165517241379311,-0.3750212222954323,0.3750212222954323,0.14064091717196,DOWN,UP,False,1.464,1.764,0.2068965517241379,PASS,
2025-12-24_159937_RECONSTRUCTED,2025-12-24,159937,黄金ETF,1,0.72,NeoQuasar/Kronos-small,NeoQuasar/Kronos-Tokenizer-base,cuda:0,120,24,1,9.622,7.866841316223144,11.888,-0.1824109554290771,0.2355019746414466,-0.4179129300705237,0.4179129300705237,0.1746512171201305,DOWN,UP,False,9.274,11.888,0.2716690916649346,PASS,
2025-12-24_512660_RECONSTRUCTED,2025-12-24,512660,军工ETF,2,0.69,NeoQuasar/Kronos-small,NeoQuasar/Kronos-Tokenizer-base,cuda:0,120,24,1,1.278,1.2191530466079712,1.473,-0.0460461378097534,0.1525821596244132,-0.1986282974341666,0.1986282974341666,0.0394532005415957,DOWN,UP,False,1.317,1.682,0.2856025039123631,PASS,
2025-12-24_159915_RECONSTRUCTED,2025-12-24,159915,创业板ETF,3,0.635,NeoQuasar/Kronos-small,NeoQuasar/Kronos-Tokenizer-base,cuda:0,120,24,1,3.212,2.7088491916656494,3.292,-0.1566471457481384,0.0249066002490658,-0.1815537459972043,0.1815537459972043,0.0329617626856173,DOWN,UP,False,3.186,3.371,0.0575965130759651,PASS,
2025-12-24_159949_RECONSTRUCTED,2025-12-24,159949,创业板50ETF,4,0.6150000000000001,NeoQuasar/Kronos-small,NeoQuasar/Kronos-Tokenizer-base,cuda:0,120,24,1,1.539,1.1563957929611206,1.547,-0.248605728149414,0.0051981806367771,-0.2538039087861912,0.2538039087861912,0.0644164241151492,DOWN,UP,False,1.522,1.591,0.0448343079922027,PASS,
2025-12-24_512480_RECONSTRUCTED,2025-12-24,512480,半导体ETF,5,0.56,NeoQuasar/Kronos-small,NeoQuasar/Kronos-Tokenizer-base,cuda:0,120,24,1,1.472,1.1681439876556396,1.694,-0.2064239382743835,0.1508152173913044,-0.357239155665688,0.357239155665688,0.1276198143407336,DOWN,UP,False,1.464,1.764,0.203804347826087,PASS,
2025-12-25_512660_RECONSTRUCTED,2025-12-25,512660,军工ETF,1,0.69,NeoQuasar/Kronos-small,NeoQuasar/Kronos-Tokenizer-base,cuda:0,120,24,1,1.317,1.1456645727157593,1.446,-0.1300952434539795,0.0979498861047836,-0.2280451295587631,0.2280451295587631,0.052004581115473,DOWN,UP,False,1.332,1.682,0.2657555049354593,PASS,
2025-12-25_159937_RECONSTRUCTED,2025-12-25,159937,黄金ETF,2,0.6699999999999999,NeoQuasar/Kronos-small,NeoQuasar/Kronos-Tokenizer-base,cuda:0,120,24,1,9.551,7.609680652618408,10.998,-0.203258216381073,0.1515024604753427,-0.3547606768564157,0.3547606768564157,0.1258551378436222,DOWN,UP,False,9.274,11.888,0.2736886189927757,PASS,
2025-12-25_159915_RECONSTRUCTED,2025-12-25,159915,创业板ETF,3,0.645,NeoQuasar/Kronos-small,NeoQuasar/Kronos-Tokenizer-base,cuda:0,120,24,1,3.222,2.7507848739624023,3.335,-0.146249234676361,0.0350713842333954,-0.1813206189097564,0.1813206189097564,0.0328771668418171,DOWN,UP,False,3.186,3.371,0.0574177529484792,PASS,
2025-12-25_159949_RECONSTRUCTED,2025-12-25,159949,创业板50ETF,4,0.645,NeoQuasar/Kronos-small,NeoQuasar/Kronos-Tokenizer-base,cuda:0,120,24,1,1.542,1.2140194177627563,1.577,-0.212698221206665,0.0226977950713358,-0.2353960162780008,0.2353960162780008,0.0554112844795528,DOWN,UP,False,1.522,1.591,0.0447470817120622,PASS,
2025-12-25_510500_RECONSTRUCTED,2025-12-25,510500,中证500ETF,5,0.595,NeoQuasar/Kronos-small,NeoQuasar/Kronos-Tokenizer-base,cuda:0,120,24,1,7.472,6.2996673583984375,8.44,-0.1568967700004577,0.1295503211991433,-0.2864470911996011,0.2864470911996011,0.0820519360567125,DOWN,UP,False,7.486,8.719,0.1650160599571734,PASS,
2025-12-26_159937_RECONSTRUCTED,2025-12-26,159937,黄金ETF,1,0.75,NeoQuasar/Kronos-small,NeoQuasar/Kronos-Tokenizer-base,cuda:0,120,24,1,9.629,7.851859092712402,9.898,-0.1845613121986389,0.0279364419981307,-0.2124977541967696,0.2124977541967696,0.0451552955386707,DOWN,UP,False,9.274,11.888,0.2714715962197529,PASS,
2025-12-26_512660_RECONSTRUCTED,2025-12-26,512660,军工ETF,2,0.69,NeoQuasar/Kronos-small,NeoQuasar/Kronos-Tokenizer-base,cuda:0,120,24,1,1.332,1.1772171258926392,1.42,-0.1162033677101135,0.0660660660660659,-0.1822694337761794,0.1822694337761794,0.033222146489089,DOWN,UP,False,1.34,1.682,0.2567567567567566,PASS,
2025-12-26_510500_RECONSTRUCTED,2025-12-26,510500,中证500ETF,3,0.625,NeoQuasar/Kronos-small,NeoQuasar/Kronos-Tokenizer-base,cuda:0,120,24,1,7.518,6.480422496795654,8.049,-0.1380124688148498,0.0706304868316041,-0.2086429556464539,0.2086429556464539,0.0435318829408881,DOWN,UP,False,7.486,8.719,0.1640063846767757,PASS,
2025-12-26_159915_RECONSTRUCTED,2025-12-26,159915,创业板ETF,4,0.605,NeoQuasar/Kronos-small,NeoQuasar/Kronos-Tokenizer-base,cuda:0,120,24,1,3.226,2.9115476608276367,3.252,-0.0974743962287902,0.0080595164290142,-0.1055339126578045,0.1055339126578045,0.0111374067208651,DOWN,UP,False,3.186,3.371,0.0573465592064476,PASS,
2025-12-26_159949_RECONSTRUCTED,2025-12-26,159949,创业板50ETF,5,0.6000000000000001,NeoQuasar/Kronos-small,NeoQuasar/Kronos-Tokenizer-base,cuda:0,120,24,1,1.544,1.072084903717041,1.539,-0.3056445121765136,-0.003238341968912,-0.3024061702076016,0.3024061702076016,0.0914494917796289,DOWN,DOWN,True,1.522,1.591,0.0446891191709844,PASS,
2025-12-29_159937_RECONSTRUCTED,2025-12-29,159937,黄金ETF,1,0.71,NeoQuasar/Kronos-small,NeoQuasar/Kronos-Tokenizer-base,cuda:0,120,24,1,9.537,7.868821620941162,10.385,-0.1749164462089538,0.0889168501625248,-0.2638332963714787,0.2638332963714787,0.0696080082742405,DOWN,UP,False,9.274,11.888,0.2740903848170284,PASS,
2025-12-29_510500_RECONSTRUCTED,2025-12-29,510500,中证500ETF,2,0.71,NeoQuasar/Kronos-small,NeoQuasar/Kronos-Tokenizer-base,cuda:0,120,24,1,7.486,6.804943561553955,8.366,-0.0909773707389831,0.117552765161635,-0.2085301359006182,0.2085301359006182,0.0434848175787302,DOWN,UP,False,7.519,8.719,0.1602992252204113,PASS,
2025-12-29_512660_RECONSTRUCTED,2025-12-29,512660,军工ETF,3,0.69,NeoQuasar/Kronos-small,NeoQuasar/Kronos-Tokenizer-base,cuda:0,120,24,1,1.35,1.19955313205719,1.483,-0.1114421486854553,0.0985185185185184,-0.2099606672039737,0.2099606672039737,0.0440834817727378,DOWN,UP,False,1.34,1.682,0.2533333333333332,PASS,
2025-12-29_159949_RECONSTRUCTED,2025-12-29,159949,创业板50ETF,4,0.5950000000000001,NeoQuasar/Kronos-small,NeoQuasar/Kronos-Tokenizer-base,cuda:0,120,24,1,1.532,1.1736935377120972,1.565,-0.2338814735412597,0.0215404699738903,-0.2554219435151501,0.2554219435151501,0.0652403692290565,DOWN,UP,False,1.522,1.591,0.0450391644908615,PASS,
2025-12-29_510050_RECONSTRUCTED,2025-12-29,510050,上证50ETF,5,0.5850000000000001,NeoQuasar/Kronos-small,NeoQuasar/Kronos-Tokenizer-base,cuda:0,120,24,1,3.109,2.828452110290528,3.108,-0.0902373194694519,-0.0003216468317787,-0.0899156726376732,0.0899156726376732,0.0080848281858852,DOWN,DOWN,True,3.08,3.235,0.0498552589256995,PASS,
2025-12-30_512660_RECONSTRUCTED,2025-12-30,512660,军工ETF,1,0.69,NeoQuasar/Kronos-small,NeoQuasar/Kronos-Tokenizer-base,cuda:0,120,24,1,1.34,1.1930619478225708,1.485,-0.1096552610397338,0.1082089552238805,-0.2178642162636144,0.2178642162636144,0.0474648167281589,DOWN,UP,False,1.373,1.682,0.230597014925373,PASS,
2025-12-30_510500_RECONSTRUCTED,2025-12-30,510500,中证500ETF,2,0.6749999999999999,NeoQuasar/Kronos-small,NeoQuasar/Kronos-Tokenizer-base,cuda:0,120,24,1,7.519,7.1830010414123535,8.388,-0.0446866750717163,0.1155738795052532,-0.1602605545769695,0.1602605545769695,0.0256834453533178,DOWN,UP,False,7.526,8.719,0.1586647160526665,PASS,
2025-12-30_159915_RECONSTRUCTED,2025-12-30,159915,创业板ETF,3,0.5750000000000002,NeoQuasar/Kronos-small,NeoQuasar/Kronos-Tokenizer-base,cuda:0,120,24,1,3.229,2.7573611736297607,3.297,-0.1460634469985962,0.0210591514400744,-0.1671225984386706,0.1671225984386706,0.0279299629088931,DOWN,UP,False,3.186,3.371,0.0572932796531434,PASS,
2025-12-30_512480_RECONSTRUCTED,2025-12-30,512480,半导体ETF,4,0.56,NeoQuasar/Kronos-small,NeoQuasar/Kronos-Tokenizer-base,cuda:0,120,24,1,1.486,1.3093432188034058,1.608,-0.1188806891441345,0.0820995962314941,-0.2009802853756286,0.2009802853756286,0.0403930751096691,DOWN,UP,False,1.464,1.764,0.2018842530282638,PASS,
2025-12-30_512100_RECONSTRUCTED,2025-12-30,512100,中证1000ETF,5,0.5449999999999999,NeoQuasar/Kronos-small,NeoQuasar/Kronos-Tokenizer-base,cuda:0,120,24,1,3.039,2.910950183868408,3.289,-0.0421355366706848,0.0822639025995393,-0.1243994392702241,0.1243994392702241,0.0154752204907461,DOWN,UP,False,3.038,3.402,0.1197762421849293,PASS,
2025-12-31_510500_RECONSTRUCTED,2025-12-31,510500,中证500ETF,1,0.715,NeoQuasar/Kronos-small,NeoQuasar/Kronos-Tokenizer-base,cuda:0,120,24,1,7.526,6.706379890441895,8.217,-0.1089051365852356,0.0918150411905396,-0.2007201777757752,0.2007201777757752,0.0402885897663388,DOWN,UP,False,7.73,8.719,0.1314111081583841,PASS,
2025-12-31_512660_RECONSTRUCTED,2025-12-31,512660,军工ETF,2,0.7049999999999998,NeoQuasar/Kronos-small,NeoQuasar/Kronos-Tokenizer-base,cuda:0,120,24,1,1.373,1.1517382860183716,1.466,-0.1611520051956176,0.0677348871085214,-0.2288868923041391,0.2288868923041391,0.0523892094686466,DOWN,UP,False,1.407,1.682,0.2002913328477785,PASS,
2025-12-31_159915_RECONSTRUCTED,2025-12-31,159915,创业板ETF,3,0.5900000000000001,NeoQuasar/Kronos-small,NeoQuasar/Kronos-Tokenizer-base,cuda:0,120,24,1,3.186,2.54505467414856,3.238,-0.201175570487976,0.0163214061519145,-0.2174969766398906,0.2174969766398906,0.0473049348474931,DOWN,UP,False,3.238,3.371,0.0417451349654739,PASS,
2025-12-31_510050_RECONSTRUCTED,2025-12-31,510050,上证50ETF,4,0.56,NeoQuasar/Kronos-small,NeoQuasar/Kronos-Tokenizer-base,cuda:0,120,24,1,3.105,2.950932264328003,3.137,-0.0496192574501037,0.010305958132045,-0.0599252155821488,0.0599252155821488,0.003591031462567,DOWN,UP,False,3.08,3.235,0.0499194847020933,PASS,
2025-12-31_512100_RECONSTRUCTED,2025-12-31,512100,中证1000ETF,5,0.5399999999999999,NeoQuasar/Kronos-small,NeoQuasar/Kronos-Tokenizer-base,cuda:0,120,24,1,3.038,2.8644120693206787,3.232,-0.0571389198303222,0.0638578011849901,-0.1209967210153124,0.1209967210153124,0.0146402064964573,DOWN,UP,False,3.109,3.402,0.0964450296247531,PASS,
2026-01-05_510500_RECONSTRUCTED,2026-01-05,510500,中证500ETF,1,0.71,NeoQuasar/Kronos-small,NeoQuasar/Kronos-Tokenizer-base,cuda:0,120,24,1,7.73,7.027095794677734,8.213,-0.090932011604309,0.0624838292367397,-0.1534158408410488,0.1534158408410488,0.023536420220966,DOWN,UP,False,7.899,8.719,0.1060802069857696,PASS,
2026-01-05_512660_RECONSTRUCTED,2026-01-05,512660,军工ETF,2,0.7049999999999998,NeoQuasar/Kronos-small,NeoQuasar/Kronos-Tokenizer-base,cuda:0,120,24,1,1.407,1.1474310159683228,1.44,-0.1844839453697204,0.023454157782516,-0.2079381031522365,0.2079381031522365,0.0432382547425501,DOWN,UP,False,1.42,1.682,0.1862117981520966,PASS,
2026-01-05_159915_RECONSTRUCTED,2026-01-05,159915,创业板ETF,3,0.585,NeoQuasar/Kronos-small,NeoQuasar/Kronos-Tokenizer-base,cuda:0,120,24,1,3.281,2.588531255722046,3.229,-0.2110541462898254,-0.015848826577263,-0.1952053197125624,0.1952053197125624,0.0381051168440837,DOWN,DOWN,True,3.229,3.371,0.0432794879609874,PASS,
2026-01-05_512100_RECONSTRUCTED,2026-01-05,512100,中证1000ETF,4,0.5799999999999998,NeoQuasar/Kronos-small,NeoQuasar/Kronos-Tokenizer-base,cuda:0,120,24,1,3.109,2.863452911376953,3.221,-0.0789794325828552,0.0360244451592153,-0.1150038777420705,0.1150038777420705,0.0132258918957131,DOWN,UP,False,3.154,3.402,0.0797684142811194,PASS,
2026-01-05_510050_RECONSTRUCTED,2026-01-05,510050,上证50ETF,5,0.55,NeoQuasar/Kronos-small,NeoQuasar/Kronos-Tokenizer-base,cuda:0,120,24,1,3.174,3.025742769241333,3.115,-0.0467098951339721,-0.0185885318210459,-0.0281213633129262,0.0281213633129262,0.0007908110745775,DOWN,DOWN,True,3.08,3.235,0.0488342785129173,PASS,
2026-01-06_512660_RECONSTRUCTED,2026-01-06,512660,军工ETF,1,0.7049999999999998,NeoQuasar/Kronos-small,NeoQuasar/Kronos-Tokenizer-base,cuda:0,120,24,1,1.453,1.1875492334365845,1.466,-0.1826914548873901,0.008947006194081,-0.1916384610814712,0.1916384610814712,0.0367252997656745,DOWN,UP,False,1.42,1.682,0.1803165863730213,PASS,
2026-01-06_510500_RECONSTRUCTED,2026-01-06,510500,中证500ETF,2,0.67,NeoQuasar/Kronos-small,NeoQuasar/Kronos-Tokenizer-base,cuda:0,120,24,1,7.899,6.84729528427124,8.395,-0.1331440806388855,0.0627927585770349,-0.1959368392159204,0.1959368392159204,0.0383912449619254,DOWN,UP,False,7.937,8.719,0.0989998734016963,PASS,
2026-01-06_159915_RECONSTRUCTED,2026-01-06,159915,创业板ETF,3,0.5850000000000001,NeoQuasar/Kronos-small,NeoQuasar/Kronos-Tokenizer-base,cuda:0,120,24,1,3.303,2.730828046798706,3.321,-0.1732279658317566,0.005449591280654,-0.1786775571124106,0.1786775571124106,0.0319256694156587,DOWN,UP,False,3.229,3.371,0.0429912201029367,PASS,
2026-01-06_510050_RECONSTRUCTED,2026-01-06,510050,上证50ETF,4,0.555,NeoQuasar/Kronos-small,NeoQuasar/Kronos-Tokenizer-base,cuda:0,120,24,1,3.235,2.9364049434661865,3.161,-0.0923013687133789,-0.0228748068006181,-0.0694265619127607,0.0694265619127607,0.0048200474990264,DOWN,DOWN,True,3.08,3.22,0.0432766615146831,PASS,
2026-01-06_512480_RECONSTRUCTED,2026-01-06,512480,半导体ETF,5,0.535,NeoQuasar/Kronos-small,NeoQuasar/Kronos-Tokenizer-base,cuda:0,120,24,1,1.563,1.1551618576049805,1.628,-0.2609329223632812,0.0415866922584773,-0.3025196146217586,0.3025196146217586,0.0915181172308973,DOWN,UP,False,1.577,1.764,0.1196417146513116,PASS,
2026-01-07_510500_RECONSTRUCTED,2026-01-07,510500,中证500ETF,1,0.7100000000000001,NeoQuasar/Kronos-small,NeoQuasar/Kronos-Tokenizer-base,cuda:0,120,24,1,7.937,6.845510005950928,8.377,-0.1375191807746887,0.0554365629330981,-0.1929557437077869,0.1929557437077869,0.0372319190298251,DOWN,UP,False,7.962,8.719,0.0953760866826256,PASS,
2026-01-07_512660_RECONSTRUCTED,2026-01-07,512660,军工ETF,2,0.7049999999999998,NeoQuasar/Kronos-small,NeoQuasar/Kronos-Tokenizer-base,cuda:0,120,24,1,1.44,1.203960657119751,1.469,-0.1639162302017212,0.0201388888888889,-0.1840551190906101,0.1840551190906101,0.0338762868634586,DOWN,UP,False,1.42,1.682,0.1819444444444444,PASS,
2026-01-07_159915_RECONSTRUCTED,2026-01-07,159915,创业板ETF,3,0.6000000000000001,NeoQuasar/Kronos-small,NeoQuasar/Kronos-Tokenizer-base,cuda:0,120,24,1,3.311,3.0295276641845703,3.311,-0.0850113034248352,0.0,-0.0850113034248352,0.0850113034248352,0.0072269217099893,DOWN,FLAT,False,3.229,3.371,0.0428873452129265,PASS,
2026-01-07_159937_RECONSTRUCTED,2026-01-07,159937,黄金ETF,4,0.58,NeoQuasar/Kronos-small,NeoQuasar/Kronos-Tokenizer-base,cuda:0,120,24,1,9.501,8.499610900878906,10.652,-0.1053982973098754,0.1211451426165666,-0.2265434399264421,0.2265434399264421,0.0513219301737054,DOWN,UP,False,9.493,11.888,0.2520787285548889,PASS,
2026-01-07_510050_RECONSTRUCTED,2026-01-07,510050,上证50ETF,5,0.5599999999999999,NeoQuasar/Kronos-small,NeoQuasar/Kronos-Tokenizer-base,cuda:0,120,24,1,3.22,2.912305355072021,3.17,-0.0955573320388794,-0.015527950310559,-0.0800293817283203,0.0800293817283203,0.0064047019398172,DOWN,DOWN,True,3.08,3.218,0.0428571428571428,PASS,
2026-01-08_510500_RECONSTRUCTED,2026-01-08,510500,中证500ETF,1,0.715,NeoQuasar/Kronos-small,NeoQuasar/Kronos-Tokenizer-base,cuda:0,120,24,1,7.962,6.954427719116211,8.411,-0.126547634601593,0.0563928661140415,-0.1829405007156346,0.1829405007156346,0.0334672268020871,DOWN,UP,False,8.049,8.719,0.0841497111278573,PASS,
2026-01-08_512660_RECONSTRUCTED,2026-01-08,512660,军工ETF,2,0.6799999999999999,NeoQuasar/Kronos-small,NeoQuasar/Kronos-Tokenizer-base,cuda:0,120,24,1,1.505,1.239625334739685,1.458,-0.1763286590576172,-0.0312292358803986,-0.1450994231772185,0.1450994231772185,0.0210538426063615,DOWN,DOWN,True,1.42,1.682,0.1740863787375415,PASS,
2026-01-08_512480_RECONSTRUCTED,2026-01-08,512480,半导体ETF,3,0.64,NeoQuasar/Kronos-small,NeoQuasar/Kronos-Tokenizer-base,cuda:0,120,24,1,1.607,1.375978946685791,1.617,-0.1437591910362243,0.0062227753578096,-0.149981966394034,0.149981966394034,0.0224945902434211,DOWN,UP,False,1.577,1.764,0.1163658991910392,PASS,
2026-01-08_512100_RECONSTRUCTED,2026-01-08,512100,中证1000ETF,4,0.5900000000000001,NeoQuasar/Kronos-small,NeoQuasar/Kronos-Tokenizer-base,cuda:0,120,24,1,3.19,2.905935525894165,3.303,-0.0890484452247619,0.035423197492163,-0.124471642716925,0.124471642716925,0.0154931898406498,DOWN,UP,False,3.175,3.402,0.0711598746081505,PASS,
2026-01-08_159915_RECONSTRUCTED,2026-01-08,159915,创业板ETF,5,0.5450000000000002,NeoQuasar/Kronos-small,NeoQuasar/Kronos-Tokenizer-base,cuda:0,120,24,1,3.287,3.177464008331299,3.273,-0.0333240032196044,-0.0042592029205962,-0.0290648002990082,0.0290648002990082,0.0008447626164212,DOWN,DOWN,True,3.229,3.371,0.043200486766048,PASS,
2026-01-09_510500_RECONSTRUCTED,2026-01-09,510500,中证500ETF,1,0.78,NeoQuasar/Kronos-small,NeoQuasar/Kronos-Tokenizer-base,cuda:0,120,24,1,8.154,6.899859428405762,8.514,-0.1538068056106567,0.0441501103752759,-0.1979569159859326,0.1979569159859326,0.0391869405866616,DOWN,UP,False,8.049,8.719,0.0821682609762079,PASS,
2026-01-09_512660_RECONSTRUCTED,2026-01-09,512660,军工ETF,2,0.6699999999999999,NeoQuasar/Kronos-small,NeoQuasar/Kronos-Tokenizer-base,cuda:0,120,24,1,1.567,1.225870132446289,1.478,-0.2176961898803711,-0.0567964262922782,-0.1608997635880928,0.1608997635880928,0.0258887339227041,DOWN,DOWN,True,1.42,1.682,0.1671984684109764,PASS,
2026-01-09_512100_RECONSTRUCTED,2026-01-09,512100,中证1000ETF,3,0.645,NeoQuasar/Kronos-small,NeoQuasar/Kronos-Tokenizer-base,cuda:0,120,24,1,3.264,2.806225776672364,3.336,-0.1402494311332702,0.0220588235294116,-0.1623082546626819,0.1623082546626819,0.026343969531646,DOWN,UP,False,3.175,3.402,0.069546568627451,PASS,
2026-01-09_512480_RECONSTRUCTED,2026-01-09,512480,半导体ETF,4,0.6,NeoQuasar/Kronos-small,NeoQuasar/Kronos-Tokenizer-base,cuda:0,120,24,1,1.618,1.2632187604904177,1.652,-0.2192714810371399,0.0210135970333744,-0.2402850780705143,0.2402850780705143,0.0577369187433531,DOWN,UP,False,1.577,1.764,0.1155747836835599,PASS,
2026-01-09_159915_RECONSTRUCTED,2026-01-09,159915,创业板ETF,5,0.53,NeoQuasar/Kronos-small,NeoQuasar/Kronos-Tokenizer-base,cuda:0,120,24,1,3.314,2.779503107070923,3.319,-0.1612845063209533,0.0015087507543753,-0.1627932570753287,0.1627932570753287,0.026501644549194,DOWN,UP,False,3.229,3.371,0.0428485214242606,PASS,
2026-01-12_510500_RECONSTRUCTED,2026-01-12,510500,中证500ETF,1,0.795,NeoQuasar/Kronos-small,NeoQuasar/Kronos-Tokenizer-base,cuda:0,120,24,1,8.354,6.868546009063721,8.373,-0.1778135299682617,0.0022743595882213,-0.180087889556483,0.180087889556483,0.032431647964908,DOWN,UP,False,8.049,8.719,0.0802011012688532,PASS,
2026-01-12_512100_RECONSTRUCTED,2026-01-12,512100,中证1000ETF,2,0.685,NeoQuasar/Kronos-small,NeoQuasar/Kronos-Tokenizer-base,cuda:0,120,24,1,3.365,2.872269630432129,3.285,-0.1464280486106872,-0.0237741456166419,-0.1226539029940453,0.1226539029940453,0.0150439799196726,DOWN,DOWN,True,3.175,3.402,0.0674591381872214,PASS,
2026-01-12_512660_RECONSTRUCTED,2026-01-12,512660,军工ETF,3,0.6699999999999999,NeoQuasar/Kronos-small,NeoQuasar/Kronos-Tokenizer-base,cuda:0,120,24,1,1.682,1.1852357387542725,1.483,-0.295341432094574,-0.1183115338882282,-0.1770298982063457,0.1770298982063457,0.0313395848589491,DOWN,DOWN,True,1.42,1.574,0.0915576694411415,PASS,
2026-01-12_512480_RECONSTRUCTED,2026-01-12,512480,半导体ETF,4,0.605,NeoQuasar/Kronos-small,NeoQuasar/Kronos-Tokenizer-base,cuda:0,120,24,1,1.646,1.2713379859924316,1.655,-0.2276197075843811,0.00546780072904,-0.2330875083134211,0.2330875083134211,0.0543297865317591,DOWN,UP,False,1.577,1.764,0.1136087484811665,PASS,
2026-01-12_588000_RECONSTRUCTED,2026-01-12,588000,科创50ETF,5,0.585,NeoQuasar/Kronos-small,NeoQuasar/Kronos-Tokenizer-base,cuda:0,120,24,1,1.594,1.2360985279083252,1.548,-0.2245303988456726,-0.0288582183186951,-0.1956721805269774,0.1956721805269774,0.038287602232182,DOWN,DOWN,True,1.499,1.64,0.0884567126725218,PASS,
2026-01-13_510500_RECONSTRUCTED,2026-01-13,510500,中证500ETF,1,0.795,NeoQuasar/Kronos-small,NeoQuasar/Kronos-Tokenizer-base,cuda:0,120,24,1,8.244,6.491235733032227,8.469,-0.2126109600067138,0.027292576419214,-0.2399035364259278,0.2399035364259278,0.0575537067896665,DOWN,UP,False,8.049,8.719,0.0812712275594371,PASS,
2026-01-13_512100_RECONSTRUCTED,2026-01-13,512100,中证1000ETF,2,0.7100000000000001,NeoQuasar/Kronos-small,NeoQuasar/Kronos-Tokenizer-base,cuda:0,120,24,1,3.296,2.891969919204712,3.322,-0.1225819587707519,0.0078883495145631,-0.1304703082853151,0.1304703082853151,0.0170225013440651,DOWN,UP,False,3.175,3.402,0.068871359223301,PASS,
2026-01-13_512660_RECONSTRUCTED,2026-01-13,512660,军工ETF,3,0.6699999999999999,NeoQuasar/Kronos-small,NeoQuasar/Kronos-Tokenizer-base,cuda:0,120,24,1,1.552,1.1904423236846924,1.501,-0.232962429523468,-0.0328608247422681,-0.2001016047811998,0.2001016047811998,0.0400406522360115,DOWN,DOWN,True,1.42,1.574,0.0992268041237114,PASS,
2026-01-13_512480_RECONSTRUCTED,2026-01-13,512480,半导体ETF,4,0.585,NeoQuasar/Kronos-small,NeoQuasar/Kronos-Tokenizer-base,cuda:0,120,24,1,1.593,1.151505947113037,1.661,-0.2771463394165039,0.0426867545511613,-0.3198330939676652,0.3198330939676652,0.1022932079969293,DOWN,UP,False,1.577,1.764,0.1173885750156936,PASS,
2026-01-13_588000_RECONSTRUCTED,2026-01-13,588000,科创50ETF,5,0.56,NeoQuasar/Kronos-small,NeoQuasar/Kronos-Tokenizer-base,cuda:0,120,24,1,1.549,1.4410358667373655,1.543,-0.0696992874145507,-0.0038734667527436,-0.065825820661807,0.065825820661807,0.0043330386658003,DOWN,DOWN,True,1.499,1.64,0.0910264686894769,PASS,
2026-01-14_510500_RECONSTRUCTED,2026-01-14,510500,中证500ETF,1,0.79,NeoQuasar/Kronos-small,NeoQuasar/Kronos-Tokenizer-base,cuda:0,120,24,1,8.303,6.750432014465332,8.602,-0.1869888305664062,0.0360110803324098,-0.2229999108988161,0.2229999108988161,0.0497289602608799,DOWN,UP,False,8.049,8.719,0.0806937251595808,PASS,
2026-01-14_512660_RECONSTRUCTED,2026-01-14,512660,军工ETF,2,0.68,NeoQuasar/Kronos-small,NeoQuasar/Kronos-Tokenizer-base,cuda:0,120,24,1,1.563,1.2682549953460691,1.526,-0.1885764598846435,-0.0236724248240562,-0.1649040350605872,0.1649040350605872,0.0271933407792633,DOWN,DOWN,True,1.42,1.574,0.0985284708893155,PASS,
2026-01-14_512100_RECONSTRUCTED,2026-01-14,512100,中证1000ETF,3,0.63,NeoQuasar/Kronos-small,NeoQuasar/Kronos-Tokenizer-base,cuda:0,120,24,1,3.304,2.875079393386841,3.371,-0.1298185586929321,0.020278450363196,-0.1500970090561282,0.1500970090561282,0.0225291121275954,DOWN,UP,False,3.175,3.402,0.0687046004842616,PASS,
2026-01-14_512480_RECONSTRUCTED,2026-01-14,512480,半导体ETF,4,0.625,NeoQuasar/Kronos-small,NeoQuasar/Kronos-Tokenizer-base,cuda:0,120,24,1,1.617,1.1614664793014526,1.675,-0.2817152142524719,0.0358688930117501,-0.317584107264222,0.317584107264222,0.1008596651868128,DOWN,UP,False,1.577,1.764,0.1156462585034013,PASS,
2026-01-14_588000_RECONSTRUCTED,2026-01-14,588000,科创50ETF,5,0.6000000000000001,NeoQuasar/Kronos-small,NeoQuasar/Kronos-Tokenizer-base,cuda:0,120,24,1,1.579,1.3594437837600708,1.552,-0.139047622680664,-0.0170994300189992,-0.1219481926616647,0.1219481926616647,0.0148713616934465,DOWN,DOWN,True,1.499,1.64,0.0892970234325521,PASS,
2026-01-15_510500_RECONSTRUCTED,2026-01-15,510500,中证500ETF,1,0.76,NeoQuasar/Kronos-small,NeoQuasar/Kronos-Tokenizer-base,cuda:0,120,24,1,8.277,6.979796886444092,8.63,-0.1567238569259643,0.0426483025250696,-0.199372159451034,0.199372159451034,0.0397492579641685,DOWN,UP,False,8.049,8.719,0.080947203092908,PASS,
2026-01-15_512660_RECONSTRUCTED,2026-01-15,512660,军工ETF,2,0.6699999999999999,NeoQuasar/Kronos-small,NeoQuasar/Kronos-Tokenizer-base,cuda:0,120,24,1,1.503,1.2190264463424685,1.552,-0.1889378428459167,0.0326014637391884,-0.2215393065851052,0.2215393065851052,0.0490796643622092,DOWN,UP,False,1.42,1.574,0.1024617431803061,PASS,
2026-01-15_512480_RECONSTRUCTED,2026-01-15,512480,半导体ETF,3,0.645,NeoQuasar/Kronos-small,NeoQuasar/Kronos-Tokenizer-base,cuda:0,120,24,1,1.649,1.1276124715805054,1.699,-0.3161841034889221,0.0303214069132808,-0.346505510402203,0.346505510402203,0.1200660687390912,DOWN,UP,False,1.577,1.764,0.1134020618556701,PASS,
2026-01-15_512100_RECONSTRUCTED,2026-01-15,512100,中证1000ETF,4,0.62,NeoQuasar/Kronos-small,NeoQuasar/Kronos-Tokenizer-base,cuda:0,120,24,1,3.304,2.90767788887024,3.396,-0.1199522018432617,0.0278450363196125,-0.1477972381628742,0.1477972381628742,0.0218440236085733,DOWN,UP,False,3.175,3.402,0.0687046004842616,PASS,
2026-01-15_159915_RECONSTRUCTED,2026-01-15,159915,创业板ETF,5,0.6099999999999999,NeoQuasar/Kronos-small,NeoQuasar/Kronos-Tokenizer-base,cuda:0,120,24,1,3.352,3.2328450679779053,3.336,-0.0355474352836608,-0.0047732696897374,-0.0307741655939234,0.0307741655939234,0.0009470492680022,DOWN,DOWN,True,3.229,3.346,0.0349045346062052,PASS,
2026-01-16_510500_RECONSTRUCTED,2026-01-16,510500,中证500ETF,1,0.765,NeoQuasar/Kronos-small,NeoQuasar/Kronos-Tokenizer-base,cuda:0,120,24,1,8.295,7.071191787719727,8.737,-0.1475356817245483,0.0532851115129595,-0.2008207932375079,0.2008207932375079,0.0403289909965419,DOWN,UP,False,8.049,8.737,0.0829415310427969,PASS,
2026-01-16_512480_RECONSTRUCTED,2026-01-16,512480,半导体ETF,2,0.685,NeoQuasar/Kronos-small,NeoQuasar/Kronos-Tokenizer-base,cuda:0,120,24,1,1.702,1.2483322620391846,1.685,-0.2665498256683349,-0.0099882491186839,-0.256561576549651,0.256561576549651,0.0658238425616424,DOWN,DOWN,True,1.577,1.764,0.1098707403055229,PASS,
2026-01-16_512660_RECONSTRUCTED,2026-01-16,512660,军工ETF,3,0.68,NeoQuasar/Kronos-small,NeoQuasar/Kronos-Tokenizer-base,cuda:0,120,24,1,1.495,1.286348819732666,1.55,-0.1395660042762756,0.0367892976588628,-0.1763553019351385,0.1763553019351385,0.0311011925206338,DOWN,UP,False,1.42,1.574,0.1030100334448161,PASS,
2026-01-16_512100_RECONSTRUCTED,2026-01-16,512100,中证1000ETF,4,0.605,NeoQuasar/Kronos-small,NeoQuasar/Kronos-Tokenizer-base,cuda:0,120,24,1,3.295,2.807953119277954,3.431,-0.1478139162063598,0.0412746585735963,-0.1890885747799562,0.1890885747799562,0.035754489112315,DOWN,UP,False,3.175,3.431,0.0776934749620638,PASS,
2026-01-16_588000_RECONSTRUCTED,2026-01-16,588000,科创50ETF,5,0.5500000000000002,NeoQuasar/Kronos-small,NeoQuasar/Kronos-Tokenizer-base,cuda:0,120,24,1,1.593,1.3038852214813232,1.566,-0.1814907789230346,-0.0169491525423728,-0.1645416263806618,0.1645416263806618,0.0270739468119933,DOWN,DOWN,True,1.499,1.64,0.0885122410546138,PASS,
2026-01-19_510500_RECONSTRUCTED,2026-01-19,510500,中证500ETF,1,0.765,NeoQuasar/Kronos-small,NeoQuasar/Kronos-Tokenizer-base,cuda:0,120,24,1,8.348,7.252315044403076,8.733,-0.1312511563301086,0.0461188308576905,-0.1773699871877991,0.1773699871877991,0.031460112355,DOWN,UP,False,8.049,8.737,0.0824149496885482,PASS,
2026-01-19_512660_RECONSTRUCTED,2026-01-19,512660,军工ETF,2,0.69,NeoQuasar/Kronos-small,NeoQuasar/Kronos-Tokenizer-base,cuda:0,120,24,1,1.526,1.197376370429993,1.588,-0.2153496742248535,0.0406290956749673,-0.2559787698998208,0.2559787698998208,0.0655251306394254,DOWN,UP,False,1.42,1.588,0.1100917431192661,PASS,
2026-01-19_512480_RECONSTRUCTED,2026-01-19,512480,半导体ETF,3,0.685,NeoQuasar/Kronos-small,NeoQuasar/Kronos-Tokenizer-base,cuda:0,120,24,1,1.694,1.2016113996505735,1.655,-0.2906662225723266,-0.0230224321133412,-0.2676437904589854,0.2676437904589854,0.0716331985712533,DOWN,DOWN,True,1.577,1.764,0.1103896103896104,PASS,
2026-01-19_512100_RECONSTRUCTED,2026-01-19,512100,中证1000ETF,4,0.61,NeoQuasar/Kronos-small,NeoQuasar/Kronos-Tokenizer-base,cuda:0,120,24,1,3.304,2.948066711425781,3.393,-0.1077279448509216,0.0269370460048425,-0.1346649908557642,0.1346649908557642,0.018134659762183,DOWN,UP,False,3.175,3.431,0.0774818401937046,PASS,
2026-01-19_588080_RECONSTRUCTED,2026-01-19,588080,科创板50ETF,5,0.56,NeoQuasar/Kronos-small,NeoQuasar/Kronos-Tokenizer-base,cuda:0,120,24,1,1.536,1.4232704639434814,1.496,-0.0733916163444519,-0.0260416666666667,-0.0473499496777851,0.0473499496777851,0.0022420177344887,DOWN,DOWN,True,1.45,1.587,0.0891927083333333,PASS,
2026-01-20_510500_RECONSTRUCTED,2026-01-20,510500,中证500ETF,1,0.7799999999999999,NeoQuasar/Kronos-small,NeoQuasar/Kronos-Tokenizer-base,cuda:0,120,24,1,8.324,7.462430477142334,8.375,-0.1035043001174926,0.0061268620855359,-0.1096311622030286,0.1096311622030286,0.0120189917259867,DOWN,UP,False,8.049,8.737,0.0826525708793849,PASS,
2026-01-20_512480_RECONSTRUCTED,2026-01-20,512480,半导体ETF,2,0.66,NeoQuasar/Kronos-small,NeoQuasar/Kronos-Tokenizer-base,cuda:0,120,24,1,1.682,1.1763968467712402,1.559,-0.3005964159965515,-0.0731272294887038,-0.2274691865078476,0.2274691865078476,0.0517422308105419,DOWN,DOWN,True,1.559,1.764,0.1218787158145065,PASS,
2026-01-20_512660_RECONSTRUCTED,2026-01-20,512660,军工ETF,3,0.65,NeoQuasar/Kronos-small,NeoQuasar/Kronos-Tokenizer-base,cuda:0,120,24,1,1.477,1.2235445976257324,1.479,-0.1716014742851257,0.001354096140826,-0.1729555704259517,0.1729555704259517,0.0299136293413663,DOWN,UP,False,1.42,1.588,0.1137440758293839,PASS,
2026-01-20_512100_RECONSTRUCTED,2026-01-20,512100,中证1000ETF,4,0.6149999999999999,NeoQuasar/Kronos-small,NeoQuasar/Kronos-Tokenizer-base,cuda:0,120,24,1,3.277,2.820587396621704,3.268,-0.1392775774002075,-0.0027464144034178,-0.1365311629967897,0.1365311629967897,0.0186407584692559,DOWN,DOWN,True,3.175,3.431,0.0781202319194385,PASS,
2026-01-20_159937_RECONSTRUCTED,2026-01-20,159937,黄金ETF,5,0.57,NeoQuasar/Kronos-small,NeoQuasar/Kronos-Tokenizer-base,cuda:0,120,24,1,10.061,8.040414810180664,11.216,-0.2008334398269653,0.1147997216976444,-0.3156331615246097,0.3156331615246097,0.0996242926540203,DOWN,UP,False,9.898,11.888,0.1977934598946427,PASS,
2026-01-21_510500_RECONSTRUCTED,2026-01-21,510500,中证500ETF,1,0.765,NeoQuasar/Kronos-small,NeoQuasar/Kronos-Tokenizer-base,cuda:0,120,24,1,8.432,6.935771942138672,8.317,-0.1774464249610901,-0.0136385199240987,-0.1638079050369913,0.1638079050369913,0.0268330297526079,DOWN,DOWN,True,8.049,8.737,0.0815939278937382,PASS,
2026-01-21_512480_RECONSTRUCTED,2026-01-21,512480,半导体ETF,2,0.675,NeoQuasar/Kronos-small,NeoQuasar/Kronos-Tokenizer-base,cuda:0,120,24,1,1.746,1.2669910192489624,1.559,-0.2743465304374695,-0.1071019473081329,-0.1672445831293365,0.1672445831293365,0.0279707505861055,DOWN,DOWN,True,1.559,1.764,0.1174112256586483,PASS,
2026-01-21_512660_RECONSTRUCTED,2026-01-21,512660,军工ETF,3,0.65,NeoQuasar/Kronos-small,NeoQuasar/Kronos-Tokenizer-base,cuda:0,120,24,1,1.479,1.2280619144439695,1.497,-0.169667363166809,0.0121703853955374,-0.1818377485623465,0.1818377485623465,0.0330649668022231,DOWN,UP,False,1.42,1.588,0.1135902636916836,PASS,
2026-01-21_512100_RECONSTRUCTED,2026-01-21,512100,中证1000ETF,4,0.615,NeoQuasar/Kronos-small,NeoQuasar/Kronos-Tokenizer-base,cuda:0,120,24,1,3.305,2.9516172409057617,3.238,-0.1069236993789672,-0.0202723146747353,-0.0866513847042319,0.0866513847042319,0.0075084624711608,DOWN,DOWN,True,3.175,3.431,0.0774583963691377,PASS,
2026-01-21_588000_RECONSTRUCTED,2026-01-21,588000,科创50ETF,5,0.5850000000000001,NeoQuasar/Kronos-small,NeoQuasar/Kronos-Tokenizer-base,cuda:0,120,24,1,1.616,1.4663606882095337,1.459,-0.0925986170768737,-0.0971534653465346,0.0045548482696609,0.0045548482696609,2.074664275963294e-05,DOWN,DOWN,True,1.459,1.64,0.1120049504950494,PASS,
2026-01-22_510500_RECONSTRUCTED,2026-01-22,510500,中证500ETF,1,0.765,NeoQuasar/Kronos-small,NeoQuasar/Kronos-Tokenizer-base,cuda:0,120,24,1,8.469,7.568423271179199,8.371,-0.1063380241394043,-0.0115716141220921,-0.0947664100173121,0.0947664100173121,0.0089806724675693,DOWN,DOWN,True,8.049,8.737,0.0812374542448932,PASS,
2026-01-22_512660_RECONSTRUCTED,2026-01-22,512660,军工ETF,2,0.69,NeoQuasar/Kronos-small,NeoQuasar/Kronos-Tokenizer-base,cuda:0,120,24,1,1.526,1.2023578882217407,1.508,-0.2120852470397949,-0.0117955439056356,-0.2002897031341592,0.2002897031341592,0.0401159651815696,DOWN,DOWN,True,1.42,1.588,0.1100917431192661,PASS,
2026-01-22_512480_RECONSTRUCTED,2026-01-22,512480,半导体ETF,3,0.655,NeoQuasar/Kronos-small,NeoQuasar/Kronos-Tokenizer-base,cuda:0,120,24,1,1.735,1.2261790037155151,1.586,-0.293268620967865,-0.085878962536023,-0.2073896584318419,0.2073896584318419,0.043010470424476,DOWN,DOWN,True,1.559,1.764,0.1181556195965418,PASS,
2026-01-22_512100_RECONSTRUCTED,2026-01-22,512100,中证1000ETF,4,0.625,NeoQuasar/Kronos-small,NeoQuasar/Kronos-Tokenizer-base,cuda:0,120,24,1,3.33,2.857375383377075,3.266,-0.1419292688369751,-0.0192192192192192,-0.1227100496177558,0.1227100496177558,0.0150577562771921,DOWN,DOWN,True,3.175,3.431,0.0768768768768769,PASS,
2026-01-22_159937_RECONSTRUCTED,2026-01-22,159937,黄金ETF,5,0.565,NeoQuasar/Kronos-small,NeoQuasar/Kronos-Tokenizer-base,cuda:0,120,24,1,10.319,8.365822792053223,10.93,-0.1892797350883484,0.0592111638724681,-0.2484908989608165,0.2484908989608165,0.0617477268663547,DOWN,UP,False,9.898,11.888,0.1928481442000194,PASS,
2026-01-23_510500_RECONSTRUCTED,2026-01-23,510500,中证500ETF,1,0.76,NeoQuasar/Kronos-small,NeoQuasar/Kronos-Tokenizer-base,cuda:0,120,24,1,8.719,7.314886093139648,8.421,-0.1610406637191772,-0.0341782314485605,-0.1268624322706166,0.1268624322706166,0.0160940767216168,DOWN,DOWN,True,8.049,8.737,0.0789081316664755,PASS,
2026-01-23_512660_RECONSTRUCTED,2026-01-23,512660,军工ETF,2,0.69,NeoQuasar/Kronos-small,NeoQuasar/Kronos-Tokenizer-base,cuda:0,120,24,1,1.574,1.1679192781448364,1.523,-0.2579928636550903,-0.0324015247776366,-0.2255913388774536,0.2255913388774536,0.0508914521765221,DOWN,DOWN,True,1.42,1.588,0.1067344345616265,PASS,
2026-01-23_512480_RECONSTRUCTED,2026-01-23,512480,半导体ETF,3,0.64,NeoQuasar/Kronos-small,NeoQuasar/Kronos-Tokenizer-base,cuda:0,120,24,1,1.738,1.347548246383667,1.586,-0.22465580701828,-0.0874568469505178,-0.1371989600677622,0.1371989600677622,0.0188235546436754,DOWN,DOWN,True,1.559,1.764,0.11795166858458,PASS,
2026-01-23_512100_RECONSTRUCTED,2026-01-23,512100,中证1000ETF,4,0.6299999999999999,NeoQuasar/Kronos-small,NeoQuasar/Kronos-Tokenizer-base,cuda:0,120,24,1,3.402,2.93947172164917,3.3,-0.1359577178955078,-0.0299823633156967,-0.1059753545798111,0.1059753545798111,0.0112307757783166,DOWN,DOWN,True,3.175,3.431,0.0752498530276308,PASS,
2026-01-23_159937_RECONSTRUCTED,2026-01-23,159937,黄金ETF,5,0.585,NeoQuasar/Kronos-small,NeoQuasar/Kronos-Tokenizer-base,cuda:0,120,24,1,10.595,8.449999809265137,10.851,-0.2024540305137634,0.0241623407267579,-0.2266163712405213,0.2266163712405213,0.0513549797142217,DOWN,UP,False,9.898,11.888,0.1878244454931571,PASS,
2026-01-26_510500_RECONSTRUCTED,2026-01-26,510500,中证500ETF,1,0.77,NeoQuasar/Kronos-small,NeoQuasar/Kronos-Tokenizer-base,cuda:0,120,24,1,8.564,7.348615646362305,8.356,-0.1419178247451782,-0.0242877160205511,-0.117630108724627,0.117630108724627,0.0138368424785675,DOWN,DOWN,True,8.049,8.737,0.0803362914525923,PASS,
2026-01-26_512480_RECONSTRUCTED,2026-01-26,512480,半导体ETF,2,0.675,NeoQuasar/Kronos-small,NeoQuasar/Kronos-Tokenizer-base,cuda:0,120,24,1,1.698,1.4570715427398682,1.554,-0.1418895125389099,-0.0848056537102472,-0.0570838588286626,0.0570838588286626,0.0032585669387706,DOWN,DOWN,True,1.554,1.764,0.1236749116607773,PASS,
2026-01-26_159937_RECONSTRUCTED,2026-01-26,159937,黄金ETF,3,0.655,NeoQuasar/Kronos-small,NeoQuasar/Kronos-Tokenizer-base,cuda:0,120,24,1,10.885,8.313084602355957,10.844,-0.2362807393074035,-0.0037666513550758,-0.2325140879523277,0.2325140879523277,0.0540628010963028,DOWN,DOWN,True,9.898,11.888,0.1828203950390445,PASS,
2026-01-26_512660_RECONSTRUCTED,2026-01-26,512660,军工ETF,4,0.615,NeoQuasar/Kronos-small,NeoQuasar/Kronos-Tokenizer-base,cuda:0,120,24,1,1.503,1.1958352327346802,1.493,-0.2043678164482116,-0.0066533599467729,-0.1977144565014387,0.1977144565014387,0.0390910063096592,DOWN,DOWN,True,1.42,1.588,0.1117764471057885,PASS,
2026-01-26_512100_RECONSTRUCTED,2026-01-26,512100,中证1000ETF,5,0.595,NeoQuasar/Kronos-small,NeoQuasar/Kronos-Tokenizer-base,cuda:0,120,24,1,3.344,2.911686658859253,3.287,-0.1292803287506103,-0.0170454545454544,-0.1122348742051558,0.1122348742051558,0.0125966669878471,DOWN,DOWN,True,3.175,3.431,0.076555023923445,PASS,
2026-01-27_510500_RECONSTRUCTED,2026-01-27,510500,中证500ETF,1,0.7,NeoQuasar/Kronos-small,NeoQuasar/Kronos-Tokenizer-base,cuda:0,120,24,1,8.619,7.143908977508545,8.481,-0.1711441278457641,-0.0160111381830838,-0.1551329896626803,0.1551329896626803,0.0240662444816812,DOWN,DOWN,True,8.049,8.737,0.0798236454345052,PASS,
2026-01-27_512480_RECONSTRUCTED,2026-01-27,512480,半导体ETF,2,0.6900000000000001,NeoQuasar/Kronos-small,NeoQuasar/Kronos-Tokenizer-base,cuda:0,120,24,1,1.744,1.3666316270828247,1.595,-0.2163809537887573,-0.0854357798165137,-0.1309451739722436,0.1309451739722436,0.0171466385866211,DOWN,DOWN,True,1.554,1.764,0.1204128440366972,PASS,
2026-01-27_588000_RECONSTRUCTED,2026-01-27,588000,科创50ETF,3,0.6450000000000001,NeoQuasar/Kronos-small,NeoQuasar/Kronos-Tokenizer-base,cuda:0,120,24,1,1.64,1.2982163429260254,1.495,-0.2084046602249145,-0.0884146341463413,-0.1199900260785732,0.1199900260785732,0.0143976063583366,DOWN,DOWN,True,1.459,1.635,0.1073170731707316,PASS,
2026-01-27_159937_RECONSTRUCTED,2026-01-27,159937,黄金ETF,4,0.605,NeoQuasar/Kronos-small,NeoQuasar/Kronos-Tokenizer-base,cuda:0,120,24,1,10.903,8.07718563079834,10.934,-0.2591776847839355,0.0028432541502336,-0.2620209389341692,0.2620209389341692,0.0686549724399436,DOWN,UP,False,9.898,11.888,0.1825185728698523,PASS,
2026-01-27_588080_RECONSTRUCTED,2026-01-27,588080,科创板50ETF,5,0.595,NeoQuasar/Kronos-small,NeoQuasar/Kronos-Tokenizer-base,cuda:0,120,24,1,1.587,1.325556397438049,1.449,-0.1647408008575439,-0.0869565217391303,-0.0777842791184135,0.0777842791184135,0.0060503940779712,DOWN,DOWN,True,1.413,1.583,0.1071203528670447,PASS,
2026-01-28_510500_RECONSTRUCTED,2026-01-28,510500,中证500ETF,1,0.72,NeoQuasar/Kronos-small,NeoQuasar/Kronos-Tokenizer-base,cuda:0,120,24,1,8.691,6.8760247230529785,8.468,-0.2088338732719421,-0.0256587274191693,-0.1831751458527728,0.1831751458527728,0.0335531340581846,DOWN,DOWN,True,8.049,8.737,0.0791623518582442,PASS,
2026-01-28_159937_RECONSTRUCTED,2026-01-28,159937,黄金ETF,2,0.6950000000000001,NeoQuasar/Kronos-small,NeoQuasar/Kronos-Tokenizer-base,cuda:0,120,24,1,11.252,8.089627265930176,10.947,-0.2810498476028442,-0.0271062922147174,-0.2539435553881267,0.2539435553881267,0.0644873293231625,DOWN,DOWN,True,9.898,11.888,0.1768574475648773,PASS,
2026-01-28_512480_RECONSTRUCTED,2026-01-28,512480,半导体ETF,3,0.68,NeoQuasar/Kronos-small,NeoQuasar/Kronos-Tokenizer-base,cuda:0,120,24,1,1.764,1.2781658172607422,1.577,-0.2754162549972534,-0.1060090702947845,-0.1694071847024688,0.1694071847024688,0.0286987942288163,DOWN,DOWN,True,1.554,1.711,0.0890022675736961,PASS,
2026-01-28_588000_RECONSTRUCTED,2026-01-28,588000,科创50ETF,4,0.6050000000000001,NeoQuasar/Kronos-small,NeoQuasar/Kronos-Tokenizer-base,cuda:0,120,24,1,1.635,1.413867712020874,1.477,-0.1352490782737732,-0.0966360856269112,-0.0386129926468619,0.0386129926468619,0.0014909632011466,DOWN,DOWN,True,1.459,1.589,0.0795107033639143,PASS,
2026-01-28_512100_RECONSTRUCTED,2026-01-28,512100,中证1000ETF,5,0.58,NeoQuasar/Kronos-small,NeoQuasar/Kronos-Tokenizer-base,cuda:0,120,24,1,3.366,2.946764707565308,3.346,-0.1245499849319458,-0.005941770647653,-0.1186082142842928,0.1186082142842928,0.0140679084957087,DOWN,DOWN,True,3.175,3.431,0.0760546642899584,PASS,
2026-01-29_510500_RECONSTRUCTED,2026-01-29,510500,中证500ETF,1,0.795,NeoQuasar/Kronos-small,NeoQuasar/Kronos-Tokenizer-base,cuda:0,120,24,1,8.591,7.244773864746094,8.426,-0.1567018628120422,-0.0192061459667092,-0.137495716845333,0.137495716845333,0.0189050721508119,DOWN,DOWN,True,8.049,8.737,0.0800838086369457,PASS,
2026-01-29_159937_RECONSTRUCTED,2026-01-29,159937,黄金ETF,2,0.75,NeoQuasar/Kronos-small,NeoQuasar/Kronos-Tokenizer-base,cuda:0,120,24,1,11.888,8.299060821533203,10.919,-0.3018959164619446,-0.0815107671601614,-0.2203851493017831,0.2203851493017831,0.0485696140327692,DOWN,DOWN,True,9.898,11.379,0.1245794078061911,PASS,
2026-01-29_512480_RECONSTRUCTED,2026-01-29,512480,半导体ETF,3,0.63,NeoQuasar/Kronos-small,NeoQuasar/Kronos-Tokenizer-base,cuda:0,120,24,1,1.694,1.2383935451507568,1.555,-0.2689530253410339,-0.0820543093270366,-0.1868987160139973,0.1868987160139973,0.0349311300476808,DOWN,DOWN,True,1.554,1.711,0.0926800472255017,PASS,
2026-01-29_512100_RECONSTRUCTED,2026-01-29,512100,中证1000ETF,4,0.595,NeoQuasar/Kronos-small,NeoQuasar/Kronos-Tokenizer-base,cuda:0,120,24,1,3.34,2.946091651916504,3.338,-0.1179366111755371,-0.0005988023952094,-0.1173378087803276,0.1173378087803276,0.0137681613693687,DOWN,DOWN,True,3.175,3.431,0.0766467065868264,PASS,
2026-01-29_588000_RECONSTRUCTED,2026-01-29,588000,科创50ETF,5,0.5900000000000001,NeoQuasar/Kronos-small,NeoQuasar/Kronos-Tokenizer-base,cuda:0,120,24,1,1.589,1.2920466661453247,1.456,-0.1868806481361389,-0.0837004405286343,-0.1031802076075045,0.1031802076075045,0.0106461552419277,DOWN,DOWN,True,1.456,1.588,0.0830711139081183,PASS,
2026-01-30_159937_RECONSTRUCTED,2026-01-30,159937,黄金ETF,1,0.73,NeoQuasar/Kronos-small,NeoQuasar/Kronos-Tokenizer-base,cuda:0,120,24,1,10.998,8.608901977539062,10.777,-0.2172302603721618,-0.0200945626477541,-0.1971356977244077,0.1971356977244077,0.038862483317289,DOWN,DOWN,True,9.898,11.379,0.1346608474268048,PASS,
2026-01-30_510500_RECONSTRUCTED,2026-01-30,510500,中证500ETF,2,0.715,NeoQuasar/Kronos-small,NeoQuasar/Kronos-Tokenizer-base,cuda:0,120,24,1,8.44,7.369710445404053,8.311,-0.1268115043640136,-0.0152843601895733,-0.1115271441744403,0.1115271441744403,0.0124383038877063,DOWN,DOWN,True,8.049,8.737,0.0815165876777252,PASS,
2026-01-30_512480_RECONSTRUCTED,2026-01-30,512480,半导体ETF,3,0.6699999999999999,NeoQuasar/Kronos-small,NeoQuasar/Kronos-Tokenizer-base,cuda:0,120,24,1,1.711,1.4308608770370483,1.544,-0.1637282967567443,-0.0976037405026301,-0.0661245562541142,0.0661245562541142,0.0043724569398035,DOWN,DOWN,True,1.544,1.699,0.0905902980713033,PASS,
2026-01-30_512100_RECONSTRUCTED,2026-01-30,512100,中证1000ETF,4,0.6149999999999999,NeoQuasar/Kronos-small,NeoQuasar/Kronos-Tokenizer-base,cuda:0,120,24,1,3.311,2.945884227752685,3.291,-0.1102735996246337,-0.0060404711567502,-0.1042331284678835,0.1042331284678835,0.0108645450702023,DOWN,DOWN,True,3.175,3.431,0.0773180308064029,PASS,
2026-01-30_588080_RECONSTRUCTED,2026-01-30,588080,科创板50ETF,5,0.6000000000000001,NeoQuasar/Kronos-small,NeoQuasar/Kronos-Tokenizer-base,cuda:0,120,24,1,1.538,1.4314557313919067,1.406,-0.0692745447158813,-0.0858257477243173,0.016551203008436,0.016551203008436,0.0002739423210264,DOWN,DOWN,True,1.406,1.519,0.0734720416124837,PASS,
2026-02-02_510500_RECONSTRUCTED,2026-02-02,510500,中证500ETF,1,0.72,NeoQuasar/Kronos-small,NeoQuasar/Kronos-Tokenizer-base,cuda:0,120,24,1,8.049,7.335648536682129,8.259,-0.0886260867118835,0.0260901975400671,-0.1147162842519506,0.1147162842519506,0.0131598258725743,DOWN,UP,False,8.213,8.737,0.0651012548142627,PASS,
2026-02-02_512480_RECONSTRUCTED,2026-02-02,512480,半导体ETF,2,0.6950000000000001,NeoQuasar/Kronos-small,NeoQuasar/Kronos-Tokenizer-base,cuda:0,120,24,1,1.618,1.2907356023788452,1.577,-0.2022647857666015,-0.0253399258343635,-0.176924859932238,0.176924859932238,0.031302406062042,DOWN,DOWN,True,1.544,1.699,0.0957972805933251,PASS,
2026-02-02_159937_RECONSTRUCTED,2026-02-02,159937,黄金ETF,3,0.67,NeoQuasar/Kronos-small,NeoQuasar/Kronos-Tokenizer-base,cuda:0,120,24,1,9.898,8.349343299865723,10.635,-0.1564615368843078,0.074459486765003,-0.2309210236493108,0.2309210236493108,0.0533245191632456,DOWN,UP,False,10.319,11.379,0.1070923418872498,PASS,
2026-02-02_512100_RECONSTRUCTED,2026-02-02,512100,中证1000ETF,4,0.6099999999999999,NeoQuasar/Kronos-small,NeoQuasar/Kronos-Tokenizer-base,cuda:0,120,24,1,3.175,2.969680070877075,3.285,-0.0646677017211914,0.0346456692913386,-0.09931337101253,0.09931337101253,0.0098631456618724,DOWN,UP,False,3.221,3.431,0.0661417322834645,PASS,
2026-02-02_588080_RECONSTRUCTED,2026-02-02,588080,科创板50ETF,5,0.5850000000000002,NeoQuasar/Kronos-small,NeoQuasar/Kronos-Tokenizer-base,cuda:0,120,24,1,1.481,1.4167817831039429,1.413,-0.0433613657951355,-0.0459149223497636,0.0025535565546281,0.0025535565546281,6.520651077684588e-06,DOWN,DOWN,True,1.406,1.519,0.0762997974341661,PASS,
2026-02-03_510500_RECONSTRUCTED,2026-02-03,510500,中证500ETF,1,0.7650000000000001,NeoQuasar/Kronos-small,NeoQuasar/Kronos-Tokenizer-base,cuda:0,120,24,1,8.366,7.186821460723877,8.078,-0.1409489512443542,-0.0344250537891466,-0.1065238974552076,0.1065238974552076,0.0113473407290475,DOWN,DOWN,True,8.078,8.737,0.0787712168300263,PASS,
2026-02-03_159937_RECONSTRUCTED,2026-02-03,159937,黄金ETF,2,0.7100000000000001,NeoQuasar/Kronos-small,NeoQuasar/Kronos-Tokenizer-base,cuda:0,120,24,1,10.385,8.24452018737793,10.612,-0.2061126828193664,0.0218584496870486,-0.2279711325064151,0.2279711325064151,0.0519708372562574,DOWN,UP,False,10.319,11.379,0.102070293692826,PASS,
2026-02-03_512100_RECONSTRUCTED,2026-02-03,512100,中证1000ETF,3,0.645,NeoQuasar/Kronos-small,NeoQuasar/Kronos-Tokenizer-base,cuda:0,120,24,1,3.284,2.987666368484497,3.212,-0.0902355313301086,-0.0219244823386113,-0.0683110489914973,0.0683110489914973,0.0046663994143187,DOWN,DOWN,True,3.212,3.431,0.0666869671132764,PASS,
2026-02-03_512480_RECONSTRUCTED,2026-02-03,512480,半导体ETF,4,0.64,NeoQuasar/Kronos-small,NeoQuasar/Kronos-Tokenizer-base,cuda:0,120,24,1,1.642,1.2314893007278442,1.534,-0.2500064969062805,-0.0657734470158343,-0.1842330498904462,0.1842330498904462,0.0339418166719356,DOWN,DOWN,True,1.534,1.699,0.1004872107186358,PASS,
2026-02-03_588000_RECONSTRUCTED,2026-02-03,588000,科创50ETF,5,0.5700000000000001,NeoQuasar/Kronos-small,NeoQuasar/Kronos-Tokenizer-base,cuda:0,120,24,1,1.548,1.2949628829956057,1.428,-0.1634606719017028,-0.0775193798449612,-0.0859412920567416,0.0859412920567416,0.0073859056803821,DOWN,DOWN,True,1.428,1.566,0.0891472868217055,PASS,
2026-02-04_510500_RECONSTRUCTED,2026-02-04,510500,中证500ETF,1,0.7650000000000001,NeoQuasar/Kronos-small,NeoQuasar/Kronos-Tokenizer-base,cuda:0,120,24,1,8.388,7.274675369262695,8.156,-0.1327282190322876,-0.0276585598474009,-0.1050696591848866,0.1050696591848866,0.0110396332812282,DOWN,DOWN,True,8.078,8.737,0.0785646161182642,PASS,
2026-02-04_159937_RECONSTRUCTED,2026-02-04,159937,黄金ETF,2,0.7050000000000001,NeoQuasar/Kronos-small,NeoQuasar/Kronos-Tokenizer-base,cuda:0,120,24,1,10.845,8.190019607543945,10.585,-0.244811475276947,-0.0239741816505302,-0.2208372936264168,0.2208372936264168,0.0487691102562402,DOWN,DOWN,True,10.319,11.379,0.0977408944213922,PASS,
2026-02-04_512100_RECONSTRUCTED,2026-02-04,512100,中证1000ETF,3,0.685,NeoQuasar/Kronos-small,NeoQuasar/Kronos-Tokenizer-base,cuda:0,120,24,1,3.289,2.913363218307495,3.24,-0.1142100095748901,-0.0148981453329278,-0.0993118642419622,0.0993118642419622,0.0098628463792139,DOWN,DOWN,True,3.212,3.431,0.0665855883247187,PASS,
2026-02-04_512660_RECONSTRUCTED,2026-02-04,512660,军工ETF,4,0.615,NeoQuasar/Kronos-small,NeoQuasar/Kronos-Tokenizer-base,cuda:0,120,24,1,1.485,1.242869257926941,1.4,-0.1630510091781616,-0.0572390572390573,-0.1058119519391043,0.1058119519391043,0.0111961691731633,DOWN,DOWN,True,1.376,1.588,0.1427609427609428,PASS,
2026-02-04_588080_RECONSTRUCTED,2026-02-04,588080,科创板50ETF,5,0.5700000000000001,NeoQuasar/Kronos-small,NeoQuasar/Kronos-Tokenizer-base,cuda:0,120,24,1,1.484,1.4698898792266846,1.4,-0.0095081329345703,-0.0566037735849057,0.0470956406503354,0.0470956406503354,0.0022179993682655,DOWN,DOWN,True,1.384,1.519,0.0909703504043126,PASS,
2026-02-05_510500_RECONSTRUCTED,2026-02-05,510500,中证500ETF,1,0.7450000000000001,NeoQuasar/Kronos-small,NeoQuasar/Kronos-Tokenizer-base,cuda:0,120,24,1,8.217,6.988808155059815,7.945,-0.1494696140289306,-0.033102105391262,-0.1163675086376686,0.1163675086376686,0.0135413970665378,DOWN,DOWN,True,7.945,8.737,0.0963855421686746,PASS,
2026-02-05_159937_RECONSTRUCTED,2026-02-05,159937,黄金ETF,2,0.7150000000000001,NeoQuasar/Kronos-small,NeoQuasar/Kronos-Tokenizer-base,cuda:0,120,24,1,10.488,8.282512664794922,10.085,-0.2102867364883422,-0.0384248665141112,-0.171861869974231,0.171861869974231,0.0295365023510394,DOWN,DOWN,True,10.085,11.379,0.1233790999237222,PASS,
2026-02-05_512100_RECONSTRUCTED,2026-02-05,512100,中证1000ETF,3,0.665,NeoQuasar/Kronos-small,NeoQuasar/Kronos-Tokenizer-base,cuda:0,120,24,1,3.232,2.922938108444214,3.17,-0.0956256389617919,-0.0191831683168317,-0.0764424706449602,0.0764424706449602,0.0058434513183056,DOWN,DOWN,True,3.17,3.431,0.0807549504950495,PASS,
2026-02-05_512480_RECONSTRUCTED,2026-02-05,512480,半导体ETF,4,0.565,NeoQuasar/Kronos-small,NeoQuasar/Kronos-Tokenizer-base,cuda:0,120,24,1,1.591,1.4941028356552124,1.527,-0.0609033107757568,-0.0402262727844123,-0.0206770379913444,0.0206770379913444,0.0004275399000955,DOWN,DOWN,True,1.527,1.699,0.1081081081081082,PASS,
2026-02-05_510300_RECONSTRUCTED,2026-02-05,510300,沪深300ETF,5,0.555,NeoQuasar/Kronos-small,NeoQuasar/Kronos-Tokenizer-base,cuda:0,120,24,1,4.679,4.299196243286133,4.599,-0.0811719894409179,-0.0170976704424022,-0.0640743189985156,0.0640743189985156,0.0041055183551235,DOWN,DOWN,True,4.599,4.75,0.0322718529600341,PASS,
2026-02-06_510500_RECONSTRUCTED,2026-02-06,510500,中证500ETF,1,0.7450000000000001,NeoQuasar/Kronos-small,NeoQuasar/Kronos-Tokenizer-base,cuda:0,120,24,1,8.213,7.113300800323486,7.812,-0.1338974237442016,-0.0488250334835016,-0.0850723902607,0.0850723902607,0.0072373115846688,DOWN,DOWN,True,7.812,8.737,0.112626324120297,PASS,
2026-02-06_159937_RECONSTRUCTED,2026-02-06,159937,黄金ETF,2,0.7150000000000001,NeoQuasar/Kronos-small,NeoQuasar/Kronos-Tokenizer-base,cuda:0,120,24,1,10.319,8.584455490112305,9.87,-0.1680923104286193,-0.0435119682139744,-0.1245803422146449,0.1245803422146449,0.015520261666318,DOWN,DOWN,True,9.87,11.379,0.1462351003004167,PASS,
2026-02-06_512100_RECONSTRUCTED,2026-02-06,512100,中证1000ETF,3,0.65,NeoQuasar/Kronos-small,NeoQuasar/Kronos-Tokenizer-base,cuda:0,120,24,1,3.221,2.9355685710906982,3.117,-0.0886157751083374,-0.0322881092828314,-0.0563276658255059,0.0563276658255059,0.0031728059373498,DOWN,DOWN,True,3.117,3.431,0.0974852530270102,PASS,
2026-02-06_510300_RECONSTRUCTED,2026-02-06,510300,沪深300ETF,4,0.59,NeoQuasar/Kronos-small,NeoQuasar/Kronos-Tokenizer-base,cuda:0,120,24,1,4.649,4.437395095825195,4.576,-0.0455162525177001,-0.0157023015702302,-0.0298139509474699,0.0298139509474699,0.0008888716710981,DOWN,DOWN,True,4.576,4.75,0.0374274037427404,PASS,
2026-02-06_159915_RECONSTRUCTED,2026-02-06,159915,创业板ETF,5,0.56,NeoQuasar/Kronos-small,NeoQuasar/Kronos-Tokenizer-base,cuda:0,120,24,1,3.229,2.9279568195343018,3.341,-0.0932311415672302,0.0346856611954164,-0.1279168027626467,0.1279168027626467,0.0163627084290178,DOWN,UP,False,3.154,3.349,0.0603902136884485,PASS,
2026-02-09_510500_RECONSTRUCTED,2026-02-09,510500,中证500ETF,1,0.7650000000000001,NeoQuasar/Kronos-small,NeoQuasar/Kronos-Tokenizer-base,cuda:0,120,24,1,8.395,7.02893590927124,7.512,-0.1627236008644104,-0.1051816557474687,-0.0575419451169416,0.0575419451169416,0.0033110754478411,DOWN,DOWN,True,7.512,8.737,0.1459201905896367,PASS,
2026-02-09_159937_RECONSTRUCTED,2026-02-09,159937,黄金ETF,2,0.7250000000000001,NeoQuasar/Kronos-small,NeoQuasar/Kronos-Tokenizer-base,cuda:0,120,24,1,10.705,8.67581558227539,8.925,-0.1895548105239868,-0.1662774404483885,-0.0232773700755982,0.0232773700755982,0.0005418359576363,DOWN,DOWN,True,8.925,11.379,0.229238673517048,PASS,
2026-02-09_510300_RECONSTRUCTED,2026-02-09,510300,沪深300ETF,3,0.62,NeoQuasar/Kronos-small,NeoQuasar/Kronos-Tokenizer-base,cuda:0,120,24,1,4.727,4.413079261779785,4.43,-0.0664101839065551,-0.0628305479162261,-0.003579635990329,0.003579635990329,1.2813793823259157e-05,DOWN,DOWN,True,4.43,4.75,0.0676962132430717,PASS,
2026-02-09_512480_RECONSTRUCTED,2026-02-09,512480,半导体ETF,4,0.605,NeoQuasar/Kronos-small,NeoQuasar/Kronos-Tokenizer-base,cuda:0,120,24,1,1.628,1.3759618997573853,1.425,-0.1548145413398742,-0.1246928746928746,-0.0301216666469996,0.0301216666469996,0.0009073148015929,DOWN,DOWN,True,1.425,1.699,0.1683046683046683,PASS,
2026-02-09_159915_RECONSTRUCTED,2026-02-09,159915,创业板ETF,5,0.57,NeoQuasar/Kronos-small,NeoQuasar/Kronos-Tokenizer-base,cuda:0,120,24,1,3.321,2.7520852088928223,3.228,-0.1713082790374755,-0.0280036133694669,-0.1433046656680086,0.1433046656680086,0.0205362272022197,DOWN,DOWN,True,3.154,3.349,0.0587172538392051,PASS,
2026-02-10_159937_RECONSTRUCTED,2026-02-10,159937,黄金ETF,1,0.7250000000000001,NeoQuasar/Kronos-small,NeoQuasar/Kronos-Tokenizer-base,cuda:0,120,24,1,10.652,8.780030250549316,9.269,-0.1757388114929199,-0.1298347728126172,-0.0459040386803026,0.0459040386803026,0.0021071807671627,DOWN,DOWN,True,8.925,11.379,0.23037927149831,PASS,
2026-02-10_510500_RECONSTRUCTED,2026-02-10,510500,中证500ETF,2,0.71,NeoQuasar/Kronos-small,NeoQuasar/Kronos-Tokenizer-base,cuda:0,120,24,1,8.377,7.389681339263916,7.652,-0.1178606152534484,-0.0865464963590785,-0.0313141188943699,0.0313141188943699,0.0009805740421307,DOWN,DOWN,True,7.512,8.737,0.1462337352274084,PASS,
2026-02-10_512480_RECONSTRUCTED,2026-02-10,512480,半导体ETF,3,0.675,NeoQuasar/Kronos-small,NeoQuasar/Kronos-Tokenizer-base,cuda:0,120,24,1,1.636,1.2819101810455322,1.451,-0.2164363265037536,-0.1130806845965769,-0.1033556419071767,0.1033556419071767,0.0106823887140445,DOWN,DOWN,True,1.425,1.699,0.167481662591687,PASS,
2026-02-10_512100_RECONSTRUCTED,2026-02-10,512100,中证1000ETF,4,0.6199999999999999,NeoQuasar/Kronos-small,NeoQuasar/Kronos-Tokenizer-base,cuda:0,120,24,1,3.301,3.057804822921753,3.044,-0.0736731886863708,-0.0778551953953348,0.0041820067089639,0.0041820067089639,1.748918011381956e-05,DOWN,DOWN,True,2.967,3.431,0.1405634656164798,PASS,
2026-02-10_159915_RECONSTRUCTED,2026-02-10,159915,创业板ETF,5,0.56,NeoQuasar/Kronos-small,NeoQuasar/Kronos-Tokenizer-base,cuda:0,120,24,1,3.311,2.994091749191284,3.237,-0.0957137942314148,-0.0223497432799757,-0.073364050951439,0.073364050951439,0.0053822839720053,DOWN,DOWN,True,3.154,3.349,0.0588945937783148,PASS,
2026-02-11_510500_RECONSTRUCTED,2026-02-11,510500,中证500ETF,1,0.75,NeoQuasar/Kronos-small,NeoQuasar/Kronos-Tokenizer-base,cuda:0,120,24,1,8.411,7.457114219665527,7.826,-0.1134093403816223,-0.0695517774343121,-0.0438575629473101,0.0438575629473101,0.0019234858276772,DOWN,DOWN,True,7.512,8.737,0.1456426108667222,PASS,
2026-02-11_159937_RECONSTRUCTED,2026-02-11,159937,黄金ETF,2,0.7250000000000001,NeoQuasar/Kronos-small,NeoQuasar/Kronos-Tokenizer-base,cuda:0,120,24,1,10.727,8.22868537902832,9.613,-0.2328996658325195,-0.1038500978838445,-0.1290495679486749,0.1290495679486749,0.0166537909877396,DOWN,DOWN,True,8.925,11.379,0.2287685280134239,PASS,
2026-02-11_512100_RECONSTRUCTED,2026-02-11,512100,中证1000ETF,3,0.66,NeoQuasar/Kronos-small,NeoQuasar/Kronos-Tokenizer-base,cuda:0,120,24,1,3.303,2.925856351852417,3.101,-0.11418217420578,-0.0611565243717832,-0.0530256498339968,0.0530256498339968,0.0028117195403176,DOWN,DOWN,True,2.967,3.431,0.1404783530124129,PASS,
2026-02-11_512480_RECONSTRUCTED,2026-02-11,512480,半导体ETF,4,0.6450000000000001,NeoQuasar/Kronos-small,NeoQuasar/Kronos-Tokenizer-base,cuda:0,120,24,1,1.617,1.483322024345398,1.49,-0.0826703310012817,-0.0785405071119357,-0.004129823889346,0.004129823889346,1.7055445357013073e-05,DOWN,DOWN,True,1.425,1.699,0.1694495980210266,PASS,
2026-02-11_510300_RECONSTRUCTED,2026-02-11,510300,沪深300ETF,5,0.605,NeoQuasar/Kronos-small,NeoQuasar/Kronos-Tokenizer-base,cuda:0,120,24,1,4.723,4.472434043884277,4.544,-0.0530523061752319,-0.0378996400592843,-0.0151526661159475,0.0151526661159475,0.0002296032904213,DOWN,DOWN,True,4.43,4.75,0.0677535464746983,PASS,
2026-02-12_510500_RECONSTRUCTED,2026-02-12,510500,中证500ETF,1,0.7650000000000001,NeoQuasar/Kronos-small,NeoQuasar/Kronos-Tokenizer-base,cuda:0,120,24,1,8.514,7.752516269683838,7.7,-0.0894389748573303,-0.0956072351421187,0.0061682602847884,0.0061682602847884,3.8047434940898507e-05,DOWN,DOWN,True,7.512,8.737,0.1438806671364811,PASS,
2026-02-12_159937_RECONSTRUCTED,2026-02-12,159937,黄金ETF,2,0.7250000000000001,NeoQuasar/Kronos-small,NeoQuasar/Kronos-Tokenizer-base,cuda:0,120,24,1,10.7,8.455371856689453,9.427,-0.2097783088684082,-0.1189719626168224,-0.0908063462515857,0.0908063462515857,0.0082457925195628,DOWN,DOWN,True,8.925,11.379,0.2293457943925232,PASS,
2026-02-12_512100_RECONSTRUCTED,2026-02-12,512100,中证1000ETF,3,0.7,NeoQuasar/Kronos-small,NeoQuasar/Kronos-Tokenizer-base,cuda:0,120,24,1,3.336,3.052109718322754,3.057,-0.0850989818572998,-0.0836330935251797,-0.00146588833212,0.00146588833212,2.148828602245627e-06,DOWN,DOWN,True,2.967,3.431,0.1390887290167865,PASS,
2026-02-12_510300_RECONSTRUCTED,2026-02-12,510300,沪深300ETF,4,0.6,NeoQuasar/Kronos-small,NeoQuasar/Kronos-Tokenizer-base,cuda:0,120,24,1,4.727,4.60700273513794,4.488,-0.025385558605194,-0.0505606092659192,0.0251750506607251,0.0251750506607251,0.00063378317577,DOWN,DOWN,True,4.43,4.75,0.0676962132430717,PASS,
2026-02-12_512480_RECONSTRUCTED,2026-02-12,512480,半导体ETF,5,0.5950000000000001,NeoQuasar/Kronos-small,NeoQuasar/Kronos-Tokenizer-base,cuda:0,120,24,1,1.652,1.210484743118286,1.453,-0.2672610282897949,-0.1204600484261499,-0.1468009798636449,0.1468009798636449,0.0215505276889262,DOWN,DOWN,True,1.425,1.699,0.1658595641646489,PASS,
2026-02-13_510500_RECONSTRUCTED,2026-02-13,510500,中证500ETF,1,0.7350000000000001,NeoQuasar/Kronos-small,NeoQuasar/Kronos-Tokenizer-base,cuda:0,120,24,1,8.373,7.420505046844482,7.803,-0.1137579083442688,-0.0680759584378358,-0.0456819499064329,0.0456819499064329,0.0020868405472538,DOWN,DOWN,True,7.512,8.737,0.1463035948883316,PASS,
2026-02-13_159937_RECONSTRUCTED,2026-02-13,159937,黄金ETF,2,0.7100000000000001,NeoQuasar/Kronos-small,NeoQuasar/Kronos-Tokenizer-base,cuda:0,120,24,1,10.519,8.636786460876465,9.476,-0.178934633731842,-0.0991539119688182,-0.0797807217630237,0.0797807217630237,0.006364963565029,DOWN,DOWN,True,8.925,11.379,0.2332921380359348,PASS,
2026-02-13_512100_RECONSTRUCTED,2026-02-13,512100,中证1000ETF,3,0.6799999999999999,NeoQuasar/Kronos-small,NeoQuasar/Kronos-Tokenizer-base,cuda:0,120,24,1,3.285,3.0632638931274414,3.106,-0.0674995779991149,-0.0544901065449011,-0.0130094714542138,0.0130094714542138,0.000169246347518,DOWN,DOWN,True,2.967,3.431,0.1412480974124809,PASS,
2026-02-13_510300_RECONSTRUCTED,2026-02-13,510300,沪深300ETF,4,0.58,NeoQuasar/Kronos-small,NeoQuasar/Kronos-Tokenizer-base,cuda:0,120,24,1,4.671,4.437127113342285,4.508,-0.0500691533088684,-0.0348961678441447,-0.0151729854647236,0.0151729854647236,0.0002302194879127,DOWN,DOWN,True,4.43,4.75,0.0685078141725541,PASS,
2026-02-13_512660_RECONSTRUCTED,2026-02-13,512660,军工ETF,5,0.5550000000000002,NeoQuasar/Kronos-small,NeoQuasar/Kronos-Tokenizer-base,cuda:0,120,24,1,1.483,1.1738498210906982,1.296,-0.2084627151489257,-0.1260957518543493,-0.0823669632945764,0.0823669632945764,0.0067843166423701,DOWN,DOWN,True,1.259,1.588,0.2218476062036413,PASS,
2026-02-24_510500_RECONSTRUCTED,2026-02-24,510500,中证500ETF,1,0.75,NeoQuasar/Kronos-small,NeoQuasar/Kronos-Tokenizer-base,cuda:0,120,24,1,8.469,7.282873153686523,7.818,-0.1400551199913025,-0.0768685795253276,-0.0631865404659748,0.0631865404659748,0.0039925388960582,DOWN,DOWN,True,7.512,8.737,0.1446451765261542,PASS,
2026-02-24_159937_RECONSTRUCTED,2026-02-24,159937,黄金ETF,2,0.7250000000000001,NeoQuasar/Kronos-small,NeoQuasar/Kronos-Tokenizer-base,cuda:0,120,24,1,10.926,8.59701919555664,9.638,-0.2131595015525818,-0.1178839465495149,-0.0952755550030668,0.0952755550030668,0.0090774313811424,DOWN,DOWN,True,8.925,11.379,0.2246018671059856,PASS,
2026-02-24_512100_RECONSTRUCTED,2026-02-24,512100,中证1000ETF,3,0.7,NeoQuasar/Kronos-small,NeoQuasar/Kronos-Tokenizer-base,cuda:0,120,24,1,3.322,3.181915760040283,3.109,-0.0421686768531799,-0.0641180012040939,0.021949324350914,0.021949324350914,0.0004817728394616,DOWN,DOWN,True,2.967,3.431,0.139674894641782,PASS,
2026-02-24_510300_RECONSTRUCTED,2026-02-24,510300,沪深300ETF,4,0.635,NeoQuasar/Kronos-small,NeoQuasar/Kronos-Tokenizer-base,cuda:0,120,24,1,4.716,4.454524040222168,4.5,-0.0554444789886474,-0.0458015267175573,-0.0096429522710901,0.0096429522710901,9.298652850252237e-05,DOWN,DOWN,True,4.43,4.75,0.0678541136556404,PASS,
2026-02-24_159915_RECONSTRUCTED,2026-02-24,159915,创业板ETF,5,0.5900000000000001,NeoQuasar/Kronos-small,NeoQuasar/Kronos-Tokenizer-base,cuda:0,120,24,1,3.295,3.1150243282318115,3.264,-0.0546208620071411,-0.0094081942336874,-0.0452126677734536,0.0452126677734536,0.0020441853271926,DOWN,DOWN,True,3.154,3.349,0.0591805766312595,PASS,
2026-02-25_510500_RECONSTRUCTED,2026-02-25,510500,中证500ETF,1,0.7650000000000001,NeoQuasar/Kronos-small,NeoQuasar/Kronos-Tokenizer-base,cuda:0,120,24,1,8.602,7.534905910491943,7.683,-0.1240518689155578,-0.1068356196233434,-0.0172162492922144,0.0172162492922144,0.0002963992396916,DOWN,DOWN,True,7.512,8.737,0.1424087421529877,PASS,
2026-02-25_159937_RECONSTRUCTED,2026-02-25,159937,黄金ETF,2,0.68,NeoQuasar/Kronos-small,NeoQuasar/Kronos-Tokenizer-base,cuda:0,120,24,1,10.928,8.050447463989258,9.679,-0.2633192539215088,-0.1142935578330893,-0.1490256960884194,0.1490256960884194,0.0222086580946379,DOWN,DOWN,True,8.925,11.379,0.2245607613469984,PASS,
2026-02-25_512100_RECONSTRUCTED,2026-02-25,512100,中证1000ETF,3,0.6799999999999999,NeoQuasar/Kronos-small,NeoQuasar/Kronos-Tokenizer-base,cuda:0,120,24,1,3.371,3.008500099182129,3.051,-0.1075348258018493,-0.0949273212696528,-0.0126075045321965,0.0126075045321965,0.0001589491705293,DOWN,DOWN,True,2.967,3.431,0.1376446158409967,PASS,
2026-02-25_512660_RECONSTRUCTED,2026-02-25,512660,军工ETF,4,0.6200000000000001,NeoQuasar/Kronos-small,NeoQuasar/Kronos-Tokenizer-base,cuda:0,120,24,1,1.526,1.30525004863739,1.304,-0.1446592211723327,-0.1454783748361729,0.0008191536638402,0.0008191536638402,6.710127249828593e-07,DOWN,DOWN,True,1.259,1.588,0.2155963302752294,PASS,
2026-02-25_159915_RECONSTRUCTED,2026-02-25,159915,创业板ETF,5,0.62,NeoQuasar/Kronos-small,NeoQuasar/Kronos-Tokenizer-base,cuda:0,120,24,1,3.344,2.9849555492401123,3.182,-0.1073697805404663,-0.0484449760765549,-0.0589248044639113,0.0589248044639113,0.0034721325811101,DOWN,DOWN,True,3.154,3.349,0.0583133971291866,PASS,
2026-02-26_510500_RECONSTRUCTED,2026-02-26,510500,中证500ETF,1,0.71,NeoQuasar/Kronos-small,NeoQuasar/Kronos-Tokenizer-base,cuda:0,120,24,1,8.63,7.937831878662109,7.809,-0.0802049040794372,-0.0951332560834299,0.0149283520039926,0.0149283520039926,0.0002228556935551,DOWN,DOWN,True,7.512,8.737,0.1419466975666281,PASS,
2026-02-26_512100_RECONSTRUCTED,2026-02-26,512100,中证1000ETF,2,0.69,NeoQuasar/Kronos-small,NeoQuasar/Kronos-Tokenizer-base,cuda:0,120,24,1,3.396,3.0625545978546143,3.107,-0.0981876850128173,-0.08510011778563,-0.0130875672271872,0.0130875672271872,0.0001712844159261,DOWN,DOWN,True,2.967,3.431,0.1366313309776207,PASS,
2026-02-26_159937_RECONSTRUCTED,2026-02-26,159937,黄金ETF,3,0.68,NeoQuasar/Kronos-small,NeoQuasar/Kronos-Tokenizer-base,cuda:0,120,24,1,10.89,7.801083564758301,9.985,-0.2836470603942871,-0.0831037649219468,-0.2005432954723403,0.2005432954723403,0.0402176133589063,DOWN,DOWN,True,8.925,11.379,0.2253443526170797,PASS,
2026-02-26_512660_RECONSTRUCTED,2026-02-26,512660,军工ETF,4,0.63,NeoQuasar/Kronos-small,NeoQuasar/Kronos-Tokenizer-base,cuda:0,120,24,1,1.552,1.311598300933838,1.309,-0.1548980474472046,-0.1565721649484537,0.0016741175012491,0.0016741175012491,2.802669407988625e-06,DOWN,DOWN,True,1.259,1.588,0.2119845360824743,PASS,
2026-02-26_159915_RECONSTRUCTED,2026-02-26,159915,创业板ETF,5,0.5900000000000001,NeoQuasar/Kronos-small,NeoQuasar/Kronos-Tokenizer-base,cuda:0,120,24,1,3.336,3.273191213607788,3.232,-0.0188275575637817,-0.0311750599520382,0.0123475023882565,0.0123475023882565,0.000152460815228,DOWN,DOWN,True,3.154,3.349,0.058453237410072,PASS,
2026-02-27_510500_RECONSTRUCTED,2026-02-27,510500,中证500ETF,1,0.7650000000000001,NeoQuasar/Kronos-small,NeoQuasar/Kronos-Tokenizer-base,cuda:0,120,24,1,8.737,7.6174163818359375,7.672,-0.1281428337097168,-0.1218953874327573,-0.0062474462769595,0.0062474462769595,3.903058498349513e-05,DOWN,DOWN,True,7.512,8.733,0.1397504864369922,PASS,
2026-02-27_512100_RECONSTRUCTED,2026-02-27,512100,中证1000ETF,2,0.69,NeoQuasar/Kronos-small,NeoQuasar/Kronos-Tokenizer-base,cuda:0,120,24,1,3.431,3.1505789756774902,3.055,-0.0817315578460693,-0.1095890410958904,0.027857483249821,0.027857483249821,0.000776039373014,DOWN,DOWN,True,2.967,3.393,0.1241620518799183,PASS,
2026-02-27_159937_RECONSTRUCTED,2026-02-27,159937,黄金ETF,3,0.68,NeoQuasar/Kronos-small,NeoQuasar/Kronos-Tokenizer-base,cuda:0,120,24,1,10.91,9.379063606262209,9.712,-0.1403241157531738,-0.10980751604033,-0.0305165997128438,0.0305165997128438,0.0009312628580339,DOWN,DOWN,True,8.925,11.379,0.2249312557286891,PASS,
2026-02-27_510300_RECONSTRUCTED,2026-02-27,510300,沪深300ETF,4,0.6000000000000001,NeoQuasar/Kronos-small,NeoQuasar/Kronos-Tokenizer-base,cuda:0,120,24,1,4.725,4.642939567565918,4.489,-0.0173672437667846,-0.0499470899470898,0.0325798461803051,0.0325798461803051,0.0010614463771323,DOWN,DOWN,True,4.43,4.739,0.0653968253968254,PASS,
2026-02-27_512660_RECONSTRUCTED,2026-02-27,512660,军工ETF,5,0.5950000000000001,NeoQuasar/Kronos-small,NeoQuasar/Kronos-Tokenizer-base,cuda:0,120,24,1,1.55,1.2082082033157349,1.285,-0.2205108404159546,-0.1709677419354839,-0.0495430984804706,0.0495430984804706,0.0024545186070456,DOWN,DOWN,True,1.259,1.588,0.2122580645161291,PASS,
2026-03-02_159937_RECONSTRUCTED,2026-03-02,159937,黄金ETF,1,0.7250000000000001,NeoQuasar/Kronos-small,NeoQuasar/Kronos-Tokenizer-base,cuda:0,120,24,1,11.379,7.990052223205566,9.8,-0.2978247404098511,-0.1387643905439844,-0.1590603498658666,0.1590603498658666,0.0253001948994518,DOWN,DOWN,True,8.925,11.216,0.2013357940065031,PASS,
2026-03-02_510500_RECONSTRUCTED,2026-03-02,510500,中证500ETF,2,0.685,NeoQuasar/Kronos-small,NeoQuasar/Kronos-Tokenizer-base,cuda:0,120,24,1,8.733,7.843209266662598,7.603,-0.1018882989883422,-0.1293942516889958,0.0275059527006535,0.0275059527006535,0.0007565774339705,DOWN,DOWN,True,7.512,8.481,0.1109584335279972,PASS,
2026-03-02_510300_RECONSTRUCTED,2026-03-02,510300,沪深300ETF,3,0.655,NeoQuasar/Kronos-small,NeoQuasar/Kronos-Tokenizer-base,cuda:0,120,24,1,4.739,4.658389568328857,4.454,-0.0170099735260009,-0.060139269888162,0.0431292963621611,0.0431292963621611,0.0018601362046951,DOWN,DOWN,True,4.43,4.711,0.0592952099599072,PASS,
2026-03-02_512660_RECONSTRUCTED,2026-03-02,512660,军工ETF,4,0.6399999999999999,NeoQuasar/Kronos-small,NeoQuasar/Kronos-Tokenizer-base,cuda:0,120,24,1,1.588,1.269948124885559,1.27,-0.2002846002578735,-0.2002518891687658,-3.271108910773979e-05,3.271108910773979e-05,1.0700153506144926e-09,DOWN,DOWN,True,1.259,1.523,0.1662468513853904,PASS,
2026-03-02_512100_RECONSTRUCTED,2026-03-02,512100,中证1000ETF,5,0.5899999999999999,NeoQuasar/Kronos-small,NeoQuasar/Kronos-Tokenizer-base,cuda:0,120,24,1,3.393,3.1105294227600098,3.02,-0.0832509398460388,-0.1099322133804892,0.0266812735344503,0.0266812735344503,0.0007118903574201,DOWN,DOWN,True,2.967,3.346,0.111700559976422,PASS,
2026-03-03_159937_RECONSTRUCTED,2026-03-03,159937,黄金ETF,1,0.7250000000000001,NeoQuasar/Kronos-small,NeoQuasar/Kronos-Tokenizer-base,cuda:0,120,24,1,11.216,8.987136840820312,9.815,-0.198721706867218,-0.1249108416547788,-0.0738108652124391,0.0738108652124391,0.0054480438234088,DOWN,DOWN,True,8.925,10.948,0.1803673323823109,PASS,
2026-03-03_510300_RECONSTRUCTED,2026-03-03,510300,沪深300ETF,2,0.6799999999999999,NeoQuasar/Kronos-small,NeoQuasar/Kronos-Tokenizer-base,cuda:0,120,24,1,4.678,4.7005615234375,4.446,0.0048228502273559,-0.0495938435228731,0.054416693750229,0.054416693750229,0.0029611765587062,UP,DOWN,False,4.43,4.711,0.0600684053014109,PASS,
2026-03-03_510500_RECONSTRUCTED,2026-03-03,510500,中证500ETF,3,0.655,NeoQuasar/Kronos-small,NeoQuasar/Kronos-Tokenizer-base,cuda:0,120,24,1,8.375,7.972128391265869,7.629,-0.0481040477752685,-0.0890746268656716,0.0409705790904031,0.0409705790904031,0.0016785883510029,DOWN,DOWN,True,7.512,8.481,0.1157014925373134,PASS,
2026-03-03_510050_RECONSTRUCTED,2026-03-03,510050,上证50ETF,4,0.5950000000000001,NeoQuasar/Kronos-small,NeoQuasar/Kronos-Tokenizer-base,cuda:0,120,24,1,3.096,3.155308246612549,2.9,0.0191564559936523,-0.0633074935400517,0.082463949533704,0.082463949533704,0.0068003029726972,UP,DOWN,False,2.868,3.068,0.0645994832041344,PASS,
2026-03-03_512660_RECONSTRUCTED,2026-03-03,512660,军工ETF,5,0.5900000000000001,NeoQuasar/Kronos-small,NeoQuasar/Kronos-Tokenizer-base,cuda:0,120,24,1,1.479,1.2181239128112793,1.269,-0.1763867735862732,-0.1419878296146045,-0.0343989439716686,0.0343989439716686,0.0011832873463659,DOWN,DOWN,True,1.259,1.523,0.178498985801217,PASS,
2026-03-04_159937_RECONSTRUCTED,2026-03-04,159937,黄金ETF,1,0.7050000000000001,NeoQuasar/Kronos-small,NeoQuasar/Kronos-Tokenizer-base,cuda:0,120,24,1,10.948,10.531940460205078,10.086,-0.0380032658576965,-0.0787358421629521,0.0407325763052556,0.0407325763052556,0.0016591427724634,DOWN,DOWN,True,8.925,10.947,0.1846912678114722,PASS,
2026-03-04_510500_RECONSTRUCTED,2026-03-04,510500,中证500ETF,2,0.655,NeoQuasar/Kronos-small,NeoQuasar/Kronos-Tokenizer-base,cuda:0,120,24,1,8.317,8.006315231323242,8.026,-0.0373554229736328,-0.0349885776121198,-0.0023668453615129,0.0023668453615129,5.601956965315568e-06,DOWN,DOWN,True,7.512,8.481,0.1165083563785019,PASS,
2026-03-04_510300_RECONSTRUCTED,2026-03-04,510300,沪深300ETF,3,0.6400000000000001,NeoQuasar/Kronos-small,NeoQuasar/Kronos-Tokenizer-base,cuda:0,120,24,1,4.61,4.61467170715332,4.602,0.0010133981704711,-0.0017353579175705,0.0027487560880417,0.0027487560880417,7.555660031546331e-06,UP,DOWN,False,4.43,4.711,0.0609544468546639,PASS,
2026-03-04_512660_RECONSTRUCTED,2026-03-04,512660,军工ETF,4,0.625,NeoQuasar/Kronos-small,NeoQuasar/Kronos-Tokenizer-base,cuda:0,120,24,1,1.497,1.3159054517745972,1.333,-0.1209716200828552,-0.1095524382097529,-0.0114191818731023,0.0114191818731023,0.0001303977146509,DOWN,DOWN,True,1.259,1.523,0.1763527054108216,PASS,
2026-03-04_510050_RECONSTRUCTED,2026-03-04,510050,上证50ETF,5,0.5700000000000001,NeoQuasar/Kronos-small,NeoQuasar/Kronos-Tokenizer-base,cuda:0,120,24,1,3.051,3.18825626373291,2.978,0.0449873208999633,-0.0239265814487052,0.0689139023486686,0.0689139023486686,0.0047491259369218,UP,DOWN,False,2.868,3.068,0.0655522779416585,PASS,
2026-03-05_512660_RECONSTRUCTED,2026-03-05,512660,军工ETF,1,0.6649999999999999,NeoQuasar/Kronos-small,NeoQuasar/Kronos-Tokenizer-base,cuda:0,120,24,1,1.508,1.4859492778778076,1.323,-0.0146225094795227,-0.1226790450928382,0.1080565356133155,0.1080565356133155,0.0116762148887517,DOWN,DOWN,True,1.259,1.523,0.1750663129973474,PASS,
2026-03-05_510300_RECONSTRUCTED,2026-03-05,510300,沪深300ETF,2,0.6549999999999999,NeoQuasar/Kronos-small,NeoQuasar/Kronos-Tokenizer-base,cuda:0,120,24,1,4.654,4.640024662017822,4.572,-0.0030028223991394,-0.0176192522561237,0.0146164298569843,0.0146164298569843,0.0002136400217641,DOWN,DOWN,True,4.43,4.711,0.0603781693167169,PASS,
2026-03-05_159937_RECONSTRUCTED,2026-03-05,159937,黄金ETF,3,0.605,NeoQuasar/Kronos-small,NeoQuasar/Kronos-Tokenizer-base,cuda:0,120,24,1,10.93,8.850110054016113,9.886,-0.1902918815612793,-0.0955169258920403,-0.0947749556692389,0.0947749556692389,0.0089822922221062,DOWN,DOWN,True,8.925,10.947,0.1849954254345835,PASS,
2026-03-05_510500_RECONSTRUCTED,2026-03-05,510500,中证500ETF,4,0.595,NeoQuasar/Kronos-small,NeoQuasar/Kronos-Tokenizer-base,cuda:0,120,24,1,8.371,7.991873741149902,7.964,-0.045290470123291,-0.0486202365308804,0.0033297664075894,0.0033297664075894,1.1087344329110942e-05,DOWN,DOWN,True,7.512,8.481,0.115756779357305,PASS,
2026-03-05_512100_RECONSTRUCTED,2026-03-05,512100,中证1000ETF,5,0.5549999999999999,NeoQuasar/Kronos-small,NeoQuasar/Kronos-Tokenizer-base,cuda:0,120,24,1,3.266,3.2444844245910645,3.171,-0.0065877437591552,-0.0290875688916105,0.0224998251324552,0.0224998251324552,0.000506242130991,DOWN,DOWN,True,2.967,3.346,0.1160440906307409,PASS,
2026-03-06_510500_RECONSTRUCTED,2026-03-06,510500,中证500ETF,1,0.73,NeoQuasar/Kronos-small,NeoQuasar/Kronos-Tokenizer-base,cuda:0,120,24,1,8.421,7.873953342437744,8.035,-0.0649621486663818,-0.0458377864861654,-0.0191243621802164,0.0191243621802164,0.0003657412288,DOWN,DOWN,True,7.512,8.481,0.1150694691841824,PASS,
2026-03-06_512100_RECONSTRUCTED,2026-03-06,512100,中证1000ETF,2,0.675,NeoQuasar/Kronos-small,NeoQuasar/Kronos-Tokenizer-base,cuda:0,120,24,1,3.3,3.1699674129486084,3.201,-0.0394037961959838,-0.0299999999999999,-0.0094037961959839,0.0094037961959839,8.84313828956026e-05,DOWN,DOWN,True,2.967,3.346,0.1148484848484848,PASS,
2026-03-06_512660_RECONSTRUCTED,2026-03-06,512660,军工ETF,3,0.6749999999999999,NeoQuasar/Kronos-small,NeoQuasar/Kronos-Tokenizer-base,cuda:0,120,24,1,1.523,1.4428138732910156,1.339,-0.0526500940322876,-0.1208141825344714,0.0681640885021838,0.0681640885021838,0.0046463429613335,DOWN,DOWN,True,1.259,1.511,0.1654629021667761,PASS,
2026-03-06_159915_RECONSTRUCTED,2026-03-06,159915,创业板ETF,4,0.63,NeoQuasar/Kronos-small,NeoQuasar/Kronos-Tokenizer-base,cuda:0,120,24,1,3.225,3.374492883682251,3.437,0.0463544130325317,0.0657364341085271,-0.0193820210759954,0.0193820210759954,0.0003756627409903,UP,UP,True,3.141,3.437,0.091782945736434,PASS,
2026-03-06_510300_RECONSTRUCTED,2026-03-06,510300,沪深300ETF,5,0.6150000000000001,NeoQuasar/Kronos-small,NeoQuasar/Kronos-Tokenizer-base,cuda:0,120,24,1,4.667,4.734019756317139,4.642,0.0143604278564453,-0.0053567602314119,0.0197171880878572,0.0197171880878572,0.0003887675060919,UP,DOWN,False,4.43,4.711,0.0602099850010714,PASS,
2026-03-09_510500_RECONSTRUCTED,2026-03-09,510500,中证500ETF,1,0.69,NeoQuasar/Kronos-small,NeoQuasar/Kronos-Tokenizer-base,cuda:0,120,24,1,8.356,7.957137107849121,8.028,-0.047733724117279,-0.0392532312111056,-0.0084804929061733,0.0084804929061733,7.191875993165676e-05,DOWN,DOWN,True,7.512,8.481,0.1159645763523217,PASS,
2026-03-09_512100_RECONSTRUCTED,2026-03-09,512100,中证1000ETF,2,0.6799999999999999,NeoQuasar/Kronos-small,NeoQuasar/Kronos-Tokenizer-base,cuda:0,120,24,1,3.287,3.188206195831299,3.213,-0.0300558805465698,-0.0225129297231517,-0.007542950823418,0.007542950823418,5.689610712450302e-05,DOWN,DOWN,True,2.967,3.346,0.1153027076361423,PASS,
2026-03-09_512660_RECONSTRUCTED,2026-03-09,512660,军工ETF,3,0.6749999999999999,NeoQuasar/Kronos-small,NeoQuasar/Kronos-Tokenizer-base,cuda:0,120,24,1,1.493,1.5036640167236328,1.351,0.0071426630020141,-0.0951105157401206,0.1022531787421348,0.1022531787421348,0.0104557125628709,UP,DOWN,False,1.259,1.511,0.1687876758204956,PASS,
2026-03-09_159937_RECONSTRUCTED,2026-03-09,159937,黄金ETF,4,0.615,NeoQuasar/Kronos-small,NeoQuasar/Kronos-Tokenizer-base,cuda:0,120,24,1,10.844,8.147520065307617,9.9,-0.2486609816551208,-0.0870527480634451,-0.1616082335916757,0.1616082335916757,0.0261172211646216,DOWN,DOWN,True,8.925,10.947,0.186462559940981,PASS,
2026-03-09_510300_RECONSTRUCTED,2026-03-09,510300,沪深300ETF,5,0.5599999999999999,NeoQuasar/Kronos-small,NeoQuasar/Kronos-Tokenizer-base,cuda:0,120,24,1,4.629,4.670712947845459,4.652,0.0090111494064331,0.0049686757399007,0.0040424736665323,0.0040424736665323,1.634159334460726e-05,UP,UP,True,4.43,4.711,0.060704255778786,PASS,
2026-03-10_510500_RECONSTRUCTED,2026-03-10,510500,中证500ETF,1,0.7600000000000001,NeoQuasar/Kronos-small,NeoQuasar/Kronos-Tokenizer-base,cuda:0,120,24,1,8.481,7.849543571472168,8.159,-0.074455440044403,-0.0379672208465982,-0.0364882191978048,0.0364882191978048,0.001331390140227,DOWN,DOWN,True,7.512,8.468,0.1127225563023228,PASS,
2026-03-10_159937_RECONSTRUCTED,2026-03-10,159937,黄金ETF,2,0.7350000000000001,NeoQuasar/Kronos-small,NeoQuasar/Kronos-Tokenizer-base,cuda:0,120,24,1,10.934,9.254727363586426,9.983,-0.1535826325416565,-0.0869764038778122,-0.0666062286638442,0.0666062286638442,0.0044363896968203,DOWN,DOWN,True,8.925,10.947,0.1849277483080298,PASS,
2026-03-10_512100_RECONSTRUCTED,2026-03-10,512100,中证1000ETF,3,0.6950000000000001,NeoQuasar/Kronos-small,NeoQuasar/Kronos-Tokenizer-base,cuda:0,120,24,1,3.344,3.150472402572632,3.263,-0.0578731298446655,-0.0242224880382775,-0.0336506418063879,0.0336506418063879,0.0011323656939818,DOWN,DOWN,True,2.967,3.346,0.1133373205741626,PASS,
2026-03-10_512660_RECONSTRUCTED,2026-03-10,512660,军工ETF,4,0.6549999999999999,NeoQuasar/Kronos-small,NeoQuasar/Kronos-Tokenizer-base,cuda:0,120,24,1,1.511,1.4923985004425049,1.375,-0.0123107433319091,-0.0900066181336862,0.077695874801777,0.077695874801777,0.0060366489612134,DOWN,DOWN,True,1.259,1.489,0.1522170747849108,PASS,
2026-03-10_159915_RECONSTRUCTED,2026-03-10,159915,创业板ETF,5,0.62,NeoQuasar/Kronos-small,NeoQuasar/Kronos-Tokenizer-base,cuda:0,120,24,1,3.296,3.273177146911621,3.55,-0.0069243907928466,0.0770631067961165,-0.0839874975889631,0.0839874975889631,0.007053899751256,DOWN,UP,False,3.141,3.55,0.1240898058252426,PASS,
2026-03-11_510500_RECONSTRUCTED,2026-03-11,510500,中证500ETF,1,0.74,NeoQuasar/Kronos-small,NeoQuasar/Kronos-Tokenizer-base,cuda:0,120,24,1,8.468,7.99767255783081,8.111,-0.0555418133735656,-0.0421587151629664,-0.0133830982105992,0.0133830982105992,0.0001791073177145,DOWN,DOWN,True,7.512,8.426,0.1079357581483231,PASS,
2026-03-11_159937_RECONSTRUCTED,2026-03-11,159937,黄金ETF,2,0.7350000000000001,NeoQuasar/Kronos-small,NeoQuasar/Kronos-Tokenizer-base,cuda:0,120,24,1,10.947,9.579304695129396,10.042,-0.124937891960144,-0.0826710514296154,-0.0422668405305286,0.0422668405305286,0.0017864858084331,DOWN,DOWN,True,8.925,10.919,0.182150360829451,PASS,
2026-03-11_512100_RECONSTRUCTED,2026-03-11,512100,中证1000ETF,3,0.71,NeoQuasar/Kronos-small,NeoQuasar/Kronos-Tokenizer-base,cuda:0,120,24,1,3.346,3.2175424098968506,3.246,-0.0383913516998291,-0.0298864315600717,-0.0085049201397573,0.0085049201397573,7.233366658365008e-05,DOWN,DOWN,True,2.967,3.338,0.1108786610878661,PASS,
2026-03-11_159915_RECONSTRUCTED,2026-03-11,159915,创业板ETF,4,0.6199999999999999,NeoQuasar/Kronos-small,NeoQuasar/Kronos-Tokenizer-base,cuda:0,120,24,1,3.335,3.120476007461548,3.511,-0.0643250346183776,0.0527736131934033,-0.117098647811781,0.117098647811781,0.0137120933193475,DOWN,UP,False,3.141,3.55,0.1226386806596701,PASS,
2026-03-11_510300_RECONSTRUCTED,2026-03-11,510300,沪深300ETF,5,0.6000000000000001,NeoQuasar/Kronos-small,NeoQuasar/Kronos-Tokenizer-base,cuda:0,120,24,1,4.711,4.648407936096191,4.694,-0.0132863521575927,-0.0036085756739546,-0.0096777764836381,0.0096777764836381,9.365935766725864e-05,DOWN,DOWN,True,4.43,4.712,0.0598599023561876,PASS,
2026-03-12_510500_RECONSTRUCTED,2026-03-12,510500,中证500ETF,1,0.74,NeoQuasar/Kronos-small,NeoQuasar/Kronos-Tokenizer-base,cuda:0,120,24,1,8.426,7.428356647491455,8.253,-0.1184005737304687,-0.0205316876335153,-0.0978688860969534,0.0978688860969534,0.0095783188658584,DOWN,DOWN,True,7.512,8.311,0.0948255399952528,PASS,
2026-03-12_512100_RECONSTRUCTED,2026-03-12,512100,中证1000ETF,2,0.73,NeoQuasar/Kronos-small,NeoQuasar/Kronos-Tokenizer-base,cuda:0,120,24,1,3.338,3.1403281688690186,3.298,-0.0592186450958251,-0.011983223487118,-0.0472354216087071,0.0472354216087071,0.0022311850545523,DOWN,DOWN,True,2.967,3.298,0.0991611743559017,PASS,
2026-03-12_159937_RECONSTRUCTED,2026-03-12,159937,黄金ETF,3,0.7000000000000001,NeoQuasar/Kronos-small,NeoQuasar/Kronos-Tokenizer-base,cuda:0,120,24,1,10.919,8.608784675598145,10.072,-0.2115775346755981,-0.0775712061544098,-0.1340063285211883,0.1340063285211883,0.0179576960837286,DOWN,DOWN,True,8.925,10.777,0.1696126018866195,PASS,
2026-03-12_159915_RECONSTRUCTED,2026-03-12,159915,创业板ETF,4,0.6200000000000001,NeoQuasar/Kronos-small,NeoQuasar/Kronos-Tokenizer-base,cuda:0,120,24,1,3.308,3.2441494464874268,3.624,-0.0193018913269042,0.0955259975816205,-0.1148278889085248,0.1148278889085248,0.0131854440711885,DOWN,UP,False,3.141,3.624,0.1460096735187424,PASS,
2026-03-12_515030_RECONSTRUCTED,2026-03-12,515030,新能源车ETF,5,0.575,NeoQuasar/Kronos-small,NeoQuasar/Kronos-Tokenizer-base,cuda:0,120,24,1,1.907,1.9024475812911987,2.025,-0.0023871660232543,0.0618772941793392,-0.0642644602025936,0.0642644602025936,0.0041299208451307,DOWN,UP,False,1.795,2.025,0.1206082852648138,PASS,
2026-03-13_159937_RECONSTRUCTED,2026-03-13,159937,黄金ETF,1,0.745,NeoQuasar/Kronos-small,NeoQuasar/Kronos-Tokenizer-base,cuda:0,120,24,1,10.777,10.063347816467283,10.007,-0.0662199854850769,-0.0714484550431474,0.0052284695580705,0.0052284695580705,2.7336893919670427e-05,DOWN,DOWN,True,8.925,10.635,0.1586712443166001,PASS,
2026-03-13_510500_RECONSTRUCTED,2026-03-13,510500,中证500ETF,2,0.715,NeoQuasar/Kronos-small,NeoQuasar/Kronos-Tokenizer-base,cuda:0,120,24,1,8.311,7.831095218658447,8.29,-0.0577433109283447,-0.0025267717482855,-0.0552165391800592,0.0552165391800592,0.003048866199023,DOWN,DOWN,True,7.512,8.29,0.093610877150764,PASS,
2026-03-13_512100_RECONSTRUCTED,2026-03-13,512100,中证1000ETF,3,0.71,NeoQuasar/Kronos-small,NeoQuasar/Kronos-Tokenizer-base,cuda:0,120,24,1,3.291,3.237286329269409,3.33,-0.0163213610649108,0.0118505013673655,-0.0281718624322764,0.0281718624322764,0.0007936538329031,DOWN,UP,False,2.967,3.33,0.1103008204193254,PASS,
2026-03-13_159915_RECONSTRUCTED,2026-03-13,159915,创业板ETF,4,0.685,NeoQuasar/Kronos-small,NeoQuasar/Kronos-Tokenizer-base,cuda:0,120,24,1,3.3,3.252875328063965,3.67,-0.0142802000045776,0.112121212121212,-0.1264014121257897,0.1264014121257897,0.0159773169873937,DOWN,UP,False,3.141,3.67,0.1603030303030302,PASS,
2026-03-13_515030_RECONSTRUCTED,2026-03-13,515030,新能源车ETF,5,0.595,NeoQuasar/Kronos-small,NeoQuasar/Kronos-Tokenizer-base,cuda:0,120,24,1,1.915,1.8584376573562624,2.02,-0.0295364260673522,0.0548302872062662,-0.0843667132736185,0.0843667132736185,0.0071177423085929,DOWN,UP,False,1.795,2.025,0.1201044386422976,PASS,
2026-03-16_159937_RECONSTRUCTED,2026-03-16,159937,黄金ETF,1,0.6950000000000001,NeoQuasar/Kronos-small,NeoQuasar/Kronos-Tokenizer-base,cuda:0,120,24,1,10.635,9.768424987792969,10.009,-0.0814833045005798,-0.0588622472966618,-0.0226210572039179,0.0226210572039179,0.0005117122290229,DOWN,DOWN,True,8.925,10.612,0.1586271744240714,PASS,
2026-03-16_159915_RECONSTRUCTED,2026-03-16,159915,创业板ETF,2,0.685,NeoQuasar/Kronos-small,NeoQuasar/Kronos-Tokenizer-base,cuda:0,120,24,1,3.349,3.1684956550598145,3.672,-0.0538979768753051,0.0964467005076141,-0.1503446773829193,0.1503446773829193,0.0226035220173741,DOWN,UP,False,3.141,3.672,0.1585547924753658,PASS,
2026-03-16_512100_RECONSTRUCTED,2026-03-16,512100,中证1000ETF,3,0.685,NeoQuasar/Kronos-small,NeoQuasar/Kronos-Tokenizer-base,cuda:0,120,24,1,3.285,3.3646903038024902,3.345,0.0242588520050048,0.0182648401826484,0.0059940118223564,0.0059940118223564,3.592817772654928e-05,UP,UP,True,2.967,3.345,0.1150684931506849,PASS,
2026-03-16_510500_RECONSTRUCTED,2026-03-16,510500,中证500ETF,4,0.6749999999999999,NeoQuasar/Kronos-small,NeoQuasar/Kronos-Tokenizer-base,cuda:0,120,24,1,8.259,8.073575019836426,8.355,-0.0224512219429016,0.0116236832546312,-0.0340749051975328,0.0340749051975328,0.0011610991642208,DOWN,UP,False,7.512,8.355,0.1020704685797313,PASS,
2026-03-16_159949_RECONSTRUCTED,2026-03-16,159949,创业板50ETF,5,0.5900000000000001,NeoQuasar/Kronos-small,NeoQuasar/Kronos-Tokenizer-base,cuda:0,120,24,1,1.58,1.4805102348327637,1.761,-0.0629682540893554,0.1145569620253164,-0.1775252161146718,0.1775252161146718,0.0315152023565609,DOWN,UP,False,1.485,1.762,0.1753164556962024,PASS,
2026-03-17_159937_RECONSTRUCTED,2026-03-17,159937,黄金ETF,1,0.71,NeoQuasar/Kronos-small,NeoQuasar/Kronos-Tokenizer-base,cuda:0,120,24,1,10.612,9.069380760192873,9.984,-0.1453655958175659,-0.0591782887297399,-0.0861873070878259,0.0861873070878259,0.0074282519030512,DOWN,DOWN,True,8.925,10.585,0.1564266867696947,PASS,
2026-03-17_159915_RECONSTRUCTED,2026-03-17,159915,创业板ETF,2,0.645,NeoQuasar/Kronos-small,NeoQuasar/Kronos-Tokenizer-base,cuda:0,120,24,1,3.273,3.265429735183716,3.681,-0.002312958240509,0.1246562786434464,-0.1269692368839554,0.1269692368839554,0.0161211871148939,DOWN,UP,False,3.141,3.681,0.1649862511457378,PASS,
2026-03-17_510500_RECONSTRUCTED,2026-03-17,510500,中证500ETF,3,0.635,NeoQuasar/Kronos-small,NeoQuasar/Kronos-Tokenizer-base,cuda:0,120,24,1,8.078,8.16728401184082,8.331,0.0110527276992797,0.0313196335726664,-0.0202669058733866,0.0202669058733866,0.0004107474736807,UP,UP,True,7.512,8.355,0.1043575142361972,PASS,
2026-03-17_512100_RECONSTRUCTED,2026-03-17,512100,中证1000ETF,4,0.63,NeoQuasar/Kronos-small,NeoQuasar/Kronos-Tokenizer-base,cuda:0,120,24,1,3.212,3.295788049697876,3.344,0.0260859727859497,0.0410958904109588,-0.0150099176250091,0.0150099176250091,0.0002252976271095,UP,UP,True,2.967,3.345,0.1176836861768368,PASS,
2026-03-17_510300_RECONSTRUCTED,2026-03-17,510300,沪深300ETF,5,0.6050000000000001,NeoQuasar/Kronos-small,NeoQuasar/Kronos-Tokenizer-base,cuda:0,120,24,1,4.646,4.699903964996338,4.776,0.0116022825241088,0.0279810589754627,-0.0163787764513538,0.0163787764513538,0.0002682643180434,UP,UP,True,4.43,4.776,0.0744726646577701,PASS,
2026-03-18_159915_RECONSTRUCTED,2026-03-18,159915,创业板ETF,1,0.6950000000000001,NeoQuasar/Kronos-small,NeoQuasar/Kronos-Tokenizer-base,cuda:0,120,24,1,3.338,3.1974573135375977,3.758,-0.042103886604309,0.1258238466147394,-0.1679277332190485,0.1679277332190485,0.0281997235840879,DOWN,UP,False,3.141,3.758,0.1848412222887956,PASS,
2026-03-18_159937_RECONSTRUCTED,2026-03-18,159937,黄金ETF,2,0.6800000000000002,NeoQuasar/Kronos-small,NeoQuasar/Kronos-Tokenizer-base,cuda:0,120,24,1,10.585,10.111912727355955,9.981,-0.0446941256523132,-0.0570618800188947,0.0123677543665815,0.0123677543665815,0.000152961348072,DOWN,DOWN,True,8.925,10.086,0.1096835144071799,PASS,
2026-03-18_510500_RECONSTRUCTED,2026-03-18,510500,中证500ETF,3,0.6599999999999999,NeoQuasar/Kronos-small,NeoQuasar/Kronos-Tokenizer-base,cuda:0,120,24,1,8.156,7.695777416229248,8.455,-0.0564274787902832,0.036660127513487,-0.0930876063037702,0.0930876063037702,0.0086653024473657,DOWN,UP,False,7.512,8.455,0.1156204021579206,PASS,
2026-03-18_512100_RECONSTRUCTED,2026-03-18,512100,中证1000ETF,4,0.63,NeoQuasar/Kronos-small,NeoQuasar/Kronos-Tokenizer-base,cuda:0,120,24,1,3.24,3.2410595417022705,3.401,0.0003269910812377,0.0496913580246911,-0.0493643669434533,0.0493643669434533,0.0024368407237279,UP,UP,True,2.967,3.401,0.1339506172839505,PASS,
2026-03-18_159949_RECONSTRUCTED,2026-03-18,159949,创业板50ETF,5,0.5900000000000001,NeoQuasar/Kronos-small,NeoQuasar/Kronos-Tokenizer-base,cuda:0,120,24,1,1.578,1.573413968086243,1.805,-0.0029062032699584,0.1438529784537388,-0.1467591817236972,0.1467591817236972,0.0215382574202092,DOWN,UP,False,1.485,1.805,0.2027883396704688,PASS,
2026-03-19_159915_RECONSTRUCTED,2026-03-19,159915,创业板ETF,1,0.725,NeoQuasar/Kronos-small,NeoQuasar/Kronos-Tokenizer-base,cuda:0,120,24,1,3.303,3.2187623977661133,3.728,-0.0255033373832702,0.1286709052376629,-0.1541742426209331,0.1541742426209331,0.0237696970877383,DOWN,UP,False,3.141,3.758,0.1867998788979715,PASS,
2026-03-19_510500_RECONSTRUCTED,2026-03-19,510500,中证500ETF,2,0.71,NeoQuasar/Kronos-small,NeoQuasar/Kronos-Tokenizer-base,cuda:0,120,24,1,7.945,8.08070182800293,8.375,0.0170801877975463,0.0541220893643801,-0.0370419015668337,0.0370419015668337,0.0013721024716869,UP,UP,True,7.512,8.455,0.1186910006293266,PASS,
2026-03-19_512100_RECONSTRUCTED,2026-03-19,512100,中证1000ETF,3,0.67,NeoQuasar/Kronos-small,NeoQuasar/Kronos-Tokenizer-base,cuda:0,120,24,1,3.17,3.204854726791382,3.355,0.0109951496124267,0.0583596214511041,-0.0473644718386774,0.0473644718386774,0.0022433931925568,UP,UP,True,2.967,3.401,0.1369085173501576,PASS,
2026-03-19_159949_RECONSTRUCTED,2026-03-19,159949,创业板50ETF,4,0.625,NeoQuasar/Kronos-small,NeoQuasar/Kronos-Tokenizer-base,cuda:0,120,24,1,1.564,1.5391404628753662,1.794,-0.0158948302268981,0.1470588235294117,-0.1629536537563098,0.1629536537563098,0.0265538932725313,DOWN,UP,False,1.485,1.805,0.2046035805626597,PASS,
2026-03-19_510300_RECONSTRUCTED,2026-03-19,510300,沪深300ETF,5,0.6100000000000001,NeoQuasar/Kronos-small,NeoQuasar/Kronos-Tokenizer-base,cuda:0,120,24,1,4.599,4.718386650085449,4.801,0.0259592533111572,0.0439225918677972,-0.01796333855664,0.01796333855664,0.0003226815321004,UP,UP,True,4.43,4.811,0.0828440965427267,PASS,
2026-03-20_159915_RECONSTRUCTED,2026-03-20,159915,创业板ETF,1,0.7799999999999999,NeoQuasar/Kronos-small,NeoQuasar/Kronos-Tokenizer-base,cuda:0,120,24,1,3.341,3.164839029312134,3.674,-0.0527270436286926,0.0996707572583057,-0.1523978008869984,0.1523978008869984,0.0232250897151932,DOWN,UP,False,3.141,3.758,0.1846752469320562,PASS,
2026-03-20_159949_RECONSTRUCTED,2026-03-20,159949,创业板50ETF,2,0.7100000000000001,NeoQuasar/Kronos-small,NeoQuasar/Kronos-Tokenizer-base,cuda:0,120,24,1,1.59,1.4817566871643066,1.761,-0.0680775642395019,0.1075471698113206,-0.1756247340508225,0.1756247340508225,0.0308440472104221,DOWN,UP,False,1.485,1.805,0.20125786163522,PASS,
2026-03-20_510300_RECONSTRUCTED,2026-03-20,510300,沪深300ETF,3,0.6100000000000001,NeoQuasar/Kronos-small,NeoQuasar/Kronos-Tokenizer-base,cuda:0,120,24,1,4.576,4.680368423461914,4.782,0.0228077173233032,0.0450174825174825,-0.0222097651941792,0.0222097651941792,0.0004932736699805,UP,UP,True,4.43,4.811,0.0832604895104895,PASS,
2026-03-20_510500_RECONSTRUCTED,2026-03-20,510500,中证500ETF,4,0.61,NeoQuasar/Kronos-small,NeoQuasar/Kronos-Tokenizer-base,cuda:0,120,24,1,7.812,8.12625789642334,8.323,0.0402276515960693,0.0654121863799284,-0.025184534783859,0.025184534783859,0.0006342607922794,UP,UP,True,7.512,8.455,0.1207117255504352,PASS,
2026-03-20_512800_RECONSTRUCTED,2026-03-20,512800,银行ETF,5,0.585,NeoQuasar/Kronos-small,NeoQuasar/Kronos-Tokenizer-base,cuda:0,120,24,1,0.797,0.8197070956230164,0.803,0.028490662574768,0.0075282308657464,0.0209624317090215,0.0209624317090215,0.0004394235431553,UP,UP,True,0.771,0.808,0.0464240903387704,PASS,
2026-03-23_159915_RECONSTRUCTED,2026-03-23,159915,创业板ETF,1,0.77,NeoQuasar/Kronos-small,NeoQuasar/Kronos-Tokenizer-base,cuda:0,120,24,1,3.228,3.1717069149017334,3.652,-0.0174389481544494,0.131350681536555,-0.1487896296910045,0.1487896296910045,0.0221383539035862,DOWN,UP,False,3.141,3.758,0.1911400247831474,PASS,
2026-03-23_159949_RECONSTRUCTED,2026-03-23,159949,创业板50ETF,2,0.6699999999999999,NeoQuasar/Kronos-small,NeoQuasar/Kronos-Tokenizer-base,cuda:0,120,24,1,1.533,1.4927347898483276,1.748,-0.0262656211853027,0.1402478799739075,-0.1665135011592102,0.1665135011592102,0.0277267460682983,DOWN,UP,False,1.485,1.805,0.2087410306588387,PASS,
2026-03-23_510300_RECONSTRUCTED,2026-03-23,510300,沪深300ETF,3,0.655,NeoQuasar/Kronos-small,NeoQuasar/Kronos-Tokenizer-base,cuda:0,120,24,1,4.43,4.533797264099121,4.782,0.023430585861206,0.0794582392776523,-0.0560276534164463,0.0560276534164463,0.0031390979473534,UP,UP,True,4.446,4.811,0.082392776523702,PASS,
2026-03-23_510500_RECONSTRUCTED,2026-03-23,510500,中证500ETF,4,0.6249999999999999,NeoQuasar/Kronos-small,NeoQuasar/Kronos-Tokenizer-base,cuda:0,120,24,1,7.512,7.206630229949951,8.368,-0.0406509637832641,0.1139510117145901,-0.1546019754978542,0.1546019754978542,0.0239017708278391,DOWN,UP,False,7.603,8.455,0.1134185303514377,PASS,
2026-03-23_512800_RECONSTRUCTED,2026-03-23,512800,银行ETF,5,0.58,NeoQuasar/Kronos-small,NeoQuasar/Kronos-Tokenizer-base,cuda:0,120,24,1,0.771,0.8357517123222351,0.8,0.0839840173721313,0.0376134889753567,0.0463705283967745,0.0463705283967745,0.002150225903796,UP,UP,True,0.787,0.808,0.0272373540856031,PASS,
2026-03-24_159915_RECONSTRUCTED,2026-03-24,159915,创业板ETF,1,0.7849999999999999,NeoQuasar/Kronos-small,NeoQuasar/Kronos-Tokenizer-base,cuda:0,120,24,1,3.237,3.206230401992798,3.602,-0.0095055699348449,0.1127587272165584,-0.1222642971514034,0.1222642971514034,0.0149485583579266,DOWN,UP,False,3.141,3.758,0.1906085881989496,PASS,
2026-03-24_159949_RECONSTRUCTED,2026-03-24,159949,创业板50ETF,2,0.665,NeoQuasar/Kronos-small,NeoQuasar/Kronos-Tokenizer-base,cuda:0,120,24,1,1.538,1.4699357748031616,1.717,-0.0442550182342529,0.1163849154746423,-0.1606399337088953,0.1606399337088953,0.0258051883019982,DOWN,UP,False,1.485,1.805,0.2080624187256175,PASS,
2026-03-24_510500_RECONSTRUCTED,2026-03-24,510500,中证500ETF,3,0.6249999999999999,NeoQuasar/Kronos-small,NeoQuasar/Kronos-Tokenizer-base,cuda:0,120,24,1,7.652,6.800443172454834,8.273,-0.1112855076789856,0.0811552535284891,-0.1924407612074747,0.1924407612074747,0.0370334465741123,DOWN,UP,False,7.603,8.455,0.1113434396236278,PASS,
2026-03-24_510300_RECONSTRUCTED,2026-03-24,510300,沪深300ETF,4,0.5950000000000001,NeoQuasar/Kronos-small,NeoQuasar/Kronos-Tokenizer-base,cuda:0,120,24,1,4.479,4.731790065765381,4.77,0.05643892288208,0.0649698593436034,-0.0085309364615233,0.0085309364615233,7.277687691054877e-05,UP,UP,True,4.446,4.811,0.081491404331324,PASS,
2026-03-24_512800_RECONSTRUCTED,2026-03-24,512800,银行ETF,5,0.595,NeoQuasar/Kronos-small,NeoQuasar/Kronos-Tokenizer-base,cuda:0,120,24,1,0.787,0.8382628560066223,0.803,0.0651370286941528,0.0203303684879287,0.044806660206224,0.044806660206224,0.002007636798836,UP,UP,True,0.787,0.808,0.0266836086404066,PASS,
2026-03-25_159915_RECONSTRUCTED,2026-03-25,159915,创业板ETF,1,0.77,NeoQuasar/Kronos-small,NeoQuasar/Kronos-Tokenizer-base,cuda:0,120,24,1,3.307,3.2563610076904297,3.694,-0.0153126716613769,0.1170244934986393,-0.1323371651600162,0.1323371651600162,0.0175131252825894,DOWN,UP,False,3.141,3.758,0.1865739340792258,PASS,
2026-03-25_159949_RECONSTRUCTED,2026-03-25,159949,创业板50ETF,2,0.6799999999999999,NeoQuasar/Kronos-small,NeoQuasar/Kronos-Tokenizer-base,cuda:0,120,24,1,1.57,1.5464259386062622,1.765,-0.0150153636932373,0.1242038216560508,-0.1392191853492881,0.1392191853492881,0.0193819815693194,DOWN,UP,False,1.485,1.805,0.2038216560509553,PASS,
2026-03-25_510300_RECONSTRUCTED,2026-03-25,510300,沪深300ETF,3,0.6100000000000001,NeoQuasar/Kronos-small,NeoQuasar/Kronos-Tokenizer-base,cuda:0,120,24,1,4.544,4.568174362182617,4.821,0.0053200721740722,0.0609595070422535,-0.0556394348681812,0.0556394348681812,0.0030957467124505,UP,UP,True,4.446,4.821,0.0825264084507042,PASS,
2026-03-25_510500_RECONSTRUCTED,2026-03-25,510500,中证500ETF,4,0.605,NeoQuasar/Kronos-small,NeoQuasar/Kronos-Tokenizer-base,cuda:0,120,24,1,7.826,7.662584781646728,8.422,-0.0208811163902282,0.0761564017377971,-0.0970375181280254,0.0970375181280254,0.0094162799244468,DOWN,UP,False,7.603,8.455,0.1088678763097368,PASS,
2026-03-25_512800_RECONSTRUCTED,2026-03-25,512800,银行ETF,5,0.6,NeoQuasar/Kronos-small,NeoQuasar/Kronos-Tokenizer-base,cuda:0,120,24,1,0.794,0.8426343202590942,0.8,0.0612522363662719,0.0075566750629723,0.0536955613032996,0.0536955613032996,0.0028832133036764,UP,UP,True,0.787,0.808,0.026448362720403,PASS,
2026-03-26_159915_RECONSTRUCTED,2026-03-26,159915,创业板ETF,1,0.7649999999999999,NeoQuasar/Kronos-small,NeoQuasar/Kronos-Tokenizer-base,cuda:0,120,24,1,3.263,3.155594825744629,3.689,-0.0329160690307617,0.1305547042598835,-0.1634707732906453,0.1634707732906453,0.0267226937202415,DOWN,UP,False,3.141,3.758,0.1890897946674839,PASS,
2026-03-26_159949_RECONSTRUCTED,2026-03-26,159949,创业板50ETF,2,0.665,NeoQuasar/Kronos-small,NeoQuasar/Kronos-Tokenizer-base,cuda:0,120,24,1,1.549,1.501628041267395,1.759,-0.030582308769226,0.1355713363460295,-0.1661536451152556,0.1661536451152556,0.0276070337850863,DOWN,UP,False,1.485,1.805,0.2065848934796642,PASS,
2026-03-26_512800_RECONSTRUCTED,2026-03-26,512800,银行ETF,3,0.63,NeoQuasar/Kronos-small,NeoQuasar/Kronos-Tokenizer-base,cuda:0,120,24,1,0.796,0.779131293296814,0.795,-0.0211918354034423,-0.0012562814070351,-0.0199355539964072,0.0199355539964072,0.0003974263131436,DOWN,DOWN,True,0.787,0.808,0.0263819095477387,PASS,
2026-03-26_510300_RECONSTRUCTED,2026-03-26,510300,沪深300ETF,4,0.6200000000000001,NeoQuasar/Kronos-small,NeoQuasar/Kronos-Tokenizer-base,cuda:0,120,24,1,4.488,4.743053436279297,4.824,0.0568300485610961,0.0748663101604276,-0.0180362615993314,0.0180362615993314,0.0003253067324795,UP,UP,True,4.446,4.824,0.0842245989304813,PASS,
2026-03-26_515030_RECONSTRUCTED,2026-03-26,515030,新能源车ETF,5,0.605,NeoQuasar/Kronos-small,NeoQuasar/Kronos-Tokenizer-base,cuda:0,120,24,1,1.852,1.8357014656066892,2.132,-0.0088005065917968,0.1511879049676026,-0.1599884115593994,0.1599884115593994,0.0255962918332997,DOWN,UP,False,1.795,2.135,0.1835853131749459,PASS,
2026-03-27_159915_RECONSTRUCTED,2026-03-27,159915,创业板ETF,1,0.74,NeoQuasar/Kronos-small,NeoQuasar/Kronos-Tokenizer-base,cuda:0,120,24,1,3.293,3.2339775562286377,3.786,-0.0179235935211181,0.1497115092620711,-0.1676351027831892,0.1676351027831892,0.0281015276851304,DOWN,UP,False,3.141,3.786,0.1958700273307015,PASS,
2026-03-27_159949_RECONSTRUCTED,2026-03-27,159949,创业板50ETF,2,0.645,NeoQuasar/Kronos-small,NeoQuasar/Kronos-Tokenizer-base,cuda:0,120,24,1,1.555,1.5054030418395996,1.809,-0.031895101070404,0.1633440514469453,-0.1952391525173493,0.1952391525173493,0.0381183266756928,DOWN,UP,False,1.485,1.809,0.2083601286173632,PASS,
2026-03-27_515030_RECONSTRUCTED,2026-03-27,515030,新能源车ETF,3,0.625,NeoQuasar/Kronos-small,NeoQuasar/Kronos-Tokenizer-base,cuda:0,120,24,1,1.907,1.834624409675598,2.202,-0.0379525423049926,0.1546932354483481,-0.1926457777533408,0.1926457777533408,0.0371123956861895,DOWN,UP,False,1.795,2.202,0.2134242265338227,PASS,
2026-03-27_512800_RECONSTRUCTED,2026-03-27,512800,银行ETF,4,0.6,NeoQuasar/Kronos-small,NeoQuasar/Kronos-Tokenizer-base,cuda:0,120,24,1,0.792,0.7849352359771729,0.788,-0.008920133113861,-0.005050505050505,-0.003869628063356,0.003869628063356,1.4974021348712314e-05,DOWN,DOWN,True,0.787,0.808,0.0265151515151515,PASS,
2026-03-27_510500_RECONSTRUCTED,2026-03-27,510500,中证500ETF,5,0.595,NeoQuasar/Kronos-small,NeoQuasar/Kronos-Tokenizer-base,cuda:0,120,24,1,7.803,8.136260986328125,8.658,0.0427093505859375,0.1095732410611303,-0.0668638904751928,0.0668638904751928,0.0044707798494785,UP,UP,True,7.603,8.658,0.1352044085608099,PASS,
2026-03-30_159915_RECONSTRUCTED,2026-03-30,159915,创业板ETF,1,0.71,NeoQuasar/Kronos-small,NeoQuasar/Kronos-Tokenizer-base,cuda:0,120,24,1,3.264,3.316723108291626,3.845,0.0161529779434204,0.1780024509803923,-0.1618494730369719,0.1618494730369719,0.0261952519223455,UP,UP,True,3.141,3.845,0.215686274509804,PASS,
2026-03-30_159949_RECONSTRUCTED,2026-03-30,159949,创业板50ETF,2,0.625,NeoQuasar/Kronos-small,NeoQuasar/Kronos-Tokenizer-base,cuda:0,120,24,1,1.544,1.5083868503570557,1.838,-0.0230655074119567,0.1904145077720207,-0.2134800151839775,0.2134800151839775,0.0455737168829512,DOWN,UP,False,1.485,1.838,0.2286269430051813,PASS,
2026-03-30_515030_RECONSTRUCTED,2026-03-30,515030,新能源车ETF,3,0.625,NeoQuasar/Kronos-small,NeoQuasar/Kronos-Tokenizer-base,cuda:0,120,24,1,1.903,1.8507850170135496,2.182,-0.0274382233619689,0.1466106148187071,-0.1740488381806761,0.1740488381806761,0.0302929980720432,DOWN,UP,False,1.795,2.202,0.2138728323699422,PASS,
2026-03-30_512800_RECONSTRUCTED,2026-03-30,512800,银行ETF,4,0.61,NeoQuasar/Kronos-small,NeoQuasar/Kronos-Tokenizer-base,cuda:0,120,24,1,0.795,0.7697771191596985,0.784,-0.0317268967628479,-0.0138364779874213,-0.0178904187754265,0.0178904187754265,0.0003200670839601,DOWN,DOWN,True,0.784,0.808,0.030188679245283,PASS,
2026-03-30_510500_RECONSTRUCTED,2026-03-30,510500,中证500ETF,5,0.5749999999999998,NeoQuasar/Kronos-small,NeoQuasar/Kronos-Tokenizer-base,cuda:0,120,24,1,7.818,7.182557582855225,8.771,-0.0812793970108032,0.1218981836786903,-0.2031775806894935,0.2031775806894935,0.0412811292948356,DOWN,UP,False,7.603,8.771,0.1493988232284473,PASS,
2026-03-31_159915_RECONSTRUCTED,2026-03-31,159915,创业板ETF,1,0.67,NeoQuasar/Kronos-small,NeoQuasar/Kronos-Tokenizer-base,cuda:0,120,24,1,3.182,3.0941033363342285,3.806,-0.0276230573654174,0.1961030798240099,-0.2237261371894274,0.2237261371894274,0.0500533844617025,DOWN,UP,False,3.141,3.845,0.2212445003142678,PASS,
2026-03-31_512800_RECONSTRUCTED,2026-03-31,512800,银行ETF,2,0.6699999999999999,NeoQuasar/Kronos-small,NeoQuasar/Kronos-Tokenizer-base,cuda:0,120,24,1,0.802,0.8346412777900696,0.785,0.0406998395919799,-0.0211970074812968,0.0618968470732768,0.0618968470732768,0.0038312196776126,UP,DOWN,False,0.784,0.808,0.0299251870324189,PASS,
2026-03-31_510500_RECONSTRUCTED,2026-03-31,510500,中证500ETF,3,0.61,NeoQuasar/Kronos-small,NeoQuasar/Kronos-Tokenizer-base,cuda:0,120,24,1,7.683,8.249361991882324,8.769,0.0737162828445434,0.1413510347520501,-0.0676347519075066,0.0676347519075066,0.0045744596655899,UP,UP,True,7.603,8.771,0.1520239489782638,PASS,
2026-03-31_515030_RECONSTRUCTED,2026-03-31,515030,新能源车ETF,4,0.59,NeoQuasar/Kronos-small,NeoQuasar/Kronos-Tokenizer-base,cuda:0,120,24,1,1.846,1.793939232826233,2.132,-0.028201937675476,0.1549295774647887,-0.1831315151402648,0.1831315151402648,0.033537151837569,DOWN,UP,False,1.795,2.202,0.2204767063921993,PASS,
2026-03-31_159949_RECONSTRUCTED,2026-03-31,159949,创业板50ETF,5,0.5800000000000001,NeoQuasar/Kronos-small,NeoQuasar/Kronos-Tokenizer-base,cuda:0,120,24,1,1.503,1.4366436004638672,1.821,-0.0441493391990661,0.2115768463073852,-0.2557261855064514,0.2557261855064514,0.06539588195368,DOWN,UP,False,1.485,1.838,0.2348636061210911,PASS,
2026-04-01_159915_RECONSTRUCTED,2026-04-01,159915,创业板ETF,1,0.69,NeoQuasar/Kronos-small,NeoQuasar/Kronos-Tokenizer-base,cuda:0,120,24,1,3.232,3.177248477935791,3.947,-0.0169404745101928,0.2212252475247524,-0.2381657220349453,0.2381657220349453,0.0567229111524268,DOWN,UP,False,3.141,3.947,0.2493811881188118,PASS,
2026-04-01_159992_RECONSTRUCTED,2026-04-01,159992,创新药ETF,2,0.635,NeoQuasar/Kronos-small,NeoQuasar/Kronos-Tokenizer-base,cuda:0,120,24,1,0.863,0.8854073286056519,0.847,0.0259644985198974,-0.0185399768250289,0.0445044753449264,0.0445044753449264,0.0019806483257271,UP,DOWN,False,0.825,0.871,0.0533024333719583,PASS,
2026-04-01_512800_RECONSTRUCTED,2026-04-01,512800,银行ETF,3,0.62,NeoQuasar/Kronos-small,NeoQuasar/Kronos-Tokenizer-base,cuda:0,120,24,1,0.802,0.8297668695449829,0.785,0.0346220731735229,-0.0211970074812968,0.0558190806548197,0.0558190806548197,0.0031157697651492,UP,DOWN,False,0.784,0.808,0.0299251870324189,PASS,
2026-04-01_159949_RECONSTRUCTED,2026-04-01,159949,创业板50ETF,4,0.615,NeoQuasar/Kronos-small,NeoQuasar/Kronos-Tokenizer-base,cuda:0,120,24,1,1.53,1.4452712535858154,1.888,-0.055378258228302,0.233986928104575,-0.289365186332877,0.289365186332877,0.0837322110614606,DOWN,UP,False,1.485,1.888,0.2633986928104573,PASS,
2026-04-01_510500_RECONSTRUCTED,2026-04-01,510500,中证500ETF,5,0.595,NeoQuasar/Kronos-small,NeoQuasar/Kronos-Tokenizer-base,cuda:0,120,24,1,7.809,8.332064628601074,8.912,0.0669822692871093,0.1412472787808938,-0.0742650094937844,0.0742650094937844,0.0055152916351118,UP,UP,True,7.603,8.912,0.1676270969394289,PASS,
2026-04-02_159992_RECONSTRUCTED,2026-04-02,159992,创新药ETF,1,0.6799999999999999,NeoQuasar/Kronos-small,NeoQuasar/Kronos-Tokenizer-base,cuda:0,120,24,1,0.865,0.8756057620048523,0.841,0.0122610330581665,-0.0277456647398843,0.0400066977980508,0.0400066977980508,0.0016005358687045,UP,DOWN,False,0.825,0.871,0.0531791907514451,PASS,
2026-04-02_512800_RECONSTRUCTED,2026-04-02,512800,银行ETF,2,0.655,NeoQuasar/Kronos-small,NeoQuasar/Kronos-Tokenizer-base,cuda:0,120,24,1,0.805,0.7811326384544373,0.782,-0.0296489000320434,-0.0285714285714285,-0.0010774714606148,0.0010774714606148,1.1609447484395545e-06,DOWN,DOWN,True,0.782,0.808,0.0322981366459627,PASS,
2026-04-02_159915_RECONSTRUCTED,2026-04-02,159915,创业板ETF,3,0.635,NeoQuasar/Kronos-small,NeoQuasar/Kronos-Tokenizer-base,cuda:0,120,24,1,3.164,3.2674570083618164,3.94,0.0326981544494628,0.2452591656131477,-0.2125610111636848,0.2125610111636848,0.0451821834669281,UP,UP,True,3.141,3.947,0.2547408343868521,PASS,
2026-04-02_512010_RECONSTRUCTED,2026-04-02,512010,医药ETF,4,0.58,NeoQuasar/Kronos-small,NeoQuasar/Kronos-Tokenizer-base,cuda:0,120,24,1,0.374,0.3774135410785675,0.372,0.009127140045166,-0.0053475935828877,0.0144747336280537,0.0144747336280537,0.0002095179136031,UP,DOWN,False,0.363,0.377,0.0374331550802139,PASS,
2026-04-02_510300_RECONSTRUCTED,2026-04-02,510300,沪深300ETF,5,0.56,NeoQuasar/Kronos-small,NeoQuasar/Kronos-Tokenizer-base,cuda:0,120,24,1,4.489,4.627779960632324,4.963,0.03091561794281,0.1055914457562932,-0.0746758278134831,0.0746758278134831,0.0055764792596289,UP,UP,True,4.446,4.966,0.115838716863444,PASS,
2026-04-03_159915_RECONSTRUCTED,2026-04-03,159915,创业板ETF,1,0.69,NeoQuasar/Kronos-small,NeoQuasar/Kronos-Tokenizer-base,cuda:0,120,24,1,3.141,3.089120626449585,4.048,-0.01651686429977417,0.28876154091053796,-0.30527840521031213,0.30527840521031213,0.09319490468775153,DOWN,UP,False,3.151,4.048,0.285577841451767,PASS,
2026-04-03_512800_RECONSTRUCTED,2026-04-03,512800,银行ETF,2,0.6849999999999999,NeoQuasar/Kronos-small,NeoQuasar/Kronos-Tokenizer-base,cuda:0,120,24,1,0.797,0.8423808813095093,0.78,0.05693960189819336,-0.021329987452948562,0.07826958935114192,0.07826958935114192,0.006126128617196389,UP,DOWN,False,0.78,0.808,0.03513174404015059,PASS,
2026-04-03_159992_RECONSTRUCTED,2026-04-03,159992,创新药ETF,3,0.665,NeoQuasar/Kronos-small,NeoQuasar/Kronos-Tokenizer-base,cuda:0,120,24,1,0.847,0.8619699478149414,0.829,0.01767408847808838,-0.02125147579693032,0.0389255642750187,0.0389255642750187,0.001515199554128612,UP,DOWN,False,0.825,0.871,0.05430932703659981,PASS,
2026-04-03_512010_RECONSTRUCTED,2026-04-03,512010,医药ETF,4,0.5750000000000001,NeoQuasar/Kronos-small,NeoQuasar/Kronos-Tokenizer-base,cuda:0,120,24,1,0.368,0.3764447271823883,0.37,0.02294766902923584,0.005434782608695565,0.017512886420540275,0.017512886420540275,0.000306701190778744,UP,UP,True,0.363,0.377,0.0380434782608696,PASS,
2026-04-03_510300_RECONSTRUCTED,2026-04-03,510300,沪深300ETF,5,0.575,NeoQuasar/Kronos-small,NeoQuasar/Kronos-Tokenizer-base,cuda:0,120,24,1,4.454,4.572625160217285,5.017,0.026633381843566895,0.12640323304894485,-0.09976985120537796,0.09976985120537796,0.009954023209543257,UP,UP,True,4.446,5.017,0.12819937135159423,PASS,
2026-04-07_159915_RECONSTRUCTED,2026-04-07,159915,创业板ETF,1,0.71,NeoQuasar/Kronos-small,NeoQuasar/Kronos-Tokenizer-base,cuda:0,120,24,1,3.151,3.1089229583740234,3.961,-0.013353586196899414,0.2570612503966996,-0.270414836593599,0.270414836593599,0.07312418384994285,DOWN,UP,False,3.32,4.048,0.2310377657886386,PASS,
2026-04-07_159992_RECONSTRUCTED,2026-04-07,159992,创新药ETF,2,0.6800000000000002,NeoQuasar/Kronos-small,NeoQuasar/Kronos-Tokenizer-base,cuda:0,120,24,1,0.843,0.8094395995140076,0.803,-0.0398106575012207,-0.04744958481613282,0.007638927314912114,0.007638927314912114,5.8353210522510396e-05,DOWN,DOWN,True,0.803,0.871,0.08066429418742581,PASS,
2026-04-07_159949_RECONSTRUCTED,2026-04-07,159949,创业板50ETF,3,0.605,NeoQuasar/Kronos-small,NeoQuasar/Kronos-Tokenizer-base,cuda:0,120,24,1,1.491,1.5018130540847778,1.906,0.007252216339111328,0.2783366867873909,-0.27108447044827955,0.27108447044827955,0.07348679011822415,UP,UP,True,1.572,1.944,0.249496981891348,PASS,
2026-04-07_512800_RECONSTRUCTED,2026-04-07,512800,银行ETF,4,0.595,NeoQuasar/Kronos-small,NeoQuasar/Kronos-Tokenizer-base,cuda:0,120,24,1,0.788,0.7796518802642822,0.784,-0.010594069957733154,-0.005076142131979711,-0.005517927825753444,0.005517927825753444,3.0447527490224126e-05,DOWN,DOWN,True,0.78,0.808,0.0355329949238579,PASS,
2026-04-07_512010_RECONSTRUCTED,2026-04-07,512010,医药ETF,5,0.5599999999999999,NeoQuasar/Kronos-small,NeoQuasar/Kronos-Tokenizer-base,cuda:0,120,24,1,0.369,0.3809860348701477,0.36,0.03248250484466553,-0.024390243902439046,0.05687274874710457,0.05687274874710457,0.003234509550051285,UP,DOWN,False,0.36,0.377,0.04607046070460709,PASS,
2026-04-08_159915_RECONSTRUCTED,2026-04-08,159915,创业板ETF,1,0.7062499999999999,NeoQuasar/Kronos-small,NeoQuasar/Kronos-Tokenizer-base,cuda:0,120,24,1,3.345,3.1096956729888916,3.97,-0.07034510374069214,0.1868460388639761,-0.25719114260466824,0.25719114260466824,0.0661472838342948,DOWN,UP,False,3.32,4.048,0.21763826606875938,PASS,
2026-04-08_159949_RECONSTRUCTED,2026-04-08,159949,创业板50ETF,2,0.6541666666666667,NeoQuasar/Kronos-small,NeoQuasar/Kronos-Tokenizer-base,cuda:0,120,24,1,1.585,1.4640169143676758,1.892,-0.07633006572723389,0.19369085173501577,-0.27002091746224965,0.27002091746224965,0.07291129586715504,DOWN,UP,False,1.572,1.944,0.23470031545741318,PASS,
2026-04-09_159915_RECONSTRUCTED,2026-04-09,159915,创业板ETF,1,0.69375,NeoQuasar/Kronos-small,NeoQuasar/Kronos-Tokenizer-base,cuda:0,120,24,1,3.32,3.2863800525665283,3.923,-0.010126471519470215,0.18162650602409647,-0.19175297754356668,0.19175297754356668,0.03676920439682359,DOWN,UP,False,3.437,4.048,0.18403614457831333,PASS,
2026-04-09_159949_RECONSTRUCTED,2026-04-09,159949,创业板50ETF,4,0.64375,NeoQuasar/Kronos-small,NeoQuasar/Kronos-Tokenizer-base,cuda:0,120,24,1,1.572,1.4569331407546997,1.887,-0.07319778203964233,0.20038167938931295,-0.2735794614289553,0.2735794614289553,0.07484572171575724,DOWN,UP,False,1.636,1.944,0.1959287531806616,PASS,
2026-04-09_512800_RECONSTRUCTED,2026-04-09,512800,银行ETF,5,0.6354166666666667,NeoQuasar/Kronos-small,NeoQuasar/Kronos-Tokenizer-base,cuda:0,120,24,1,0.788,0.7918198704719543,0.771,0.004847526550292969,-0.021573604060913687,0.026421130611206656,0.026421130611206656,0.0006980761427744414,UP,DOWN,False,0.771,0.808,0.04695431472081222,PASS,
2026-04-10_159915_RECONSTRUCTED,2026-04-10,159915,创业板ETF,1,0.76875,NeoQuasar/Kronos-small,NeoQuasar/Kronos-Tokenizer-base,cuda:0,120,24,1,3.437,3.1235105991363525,3.922,-0.09121018648147583,0.14111143439045692,-0.23232162087193275,0.23232162087193275,0.05397333552456206,DOWN,UP,False,3.468,4.048,0.1687518184463195,PASS,
2026-04-10_159949_RECONSTRUCTED,2026-04-10,159949,创业板50ETF,2,0.7104166666666667,NeoQuasar/Kronos-small,NeoQuasar/Kronos-Tokenizer-base,cuda:0,120,24,1,1.636,1.536395788192749,1.876,-0.0608828067779541,0.1466992665036675,-0.2075820732816216,0.2075820732816216,0.04309031714789652,DOWN,UP,False,1.654,1.944,0.17726161369193158,PASS,
2026-04-13_159915_RECONSTRUCTED,2026-04-13,159915,创业板ETF,1,0.7458333333333333,NeoQuasar/Kronos-small,NeoQuasar/Kronos-Tokenizer-base,cuda:0,120,24,1,3.468,3.156482696533203,3.932,-0.08982616662979126,0.13379469434832747,-0.22362086097811873,0.22362086097811873,0.0500062894645951,DOWN,UP,False,3.511,4.048,0.15484429065743943,PASS,
2026-04-13_159949_RECONSTRUCTED,2026-04-13,159949,创业板50ETF,2,0.7333333333333334,NeoQuasar/Kronos-small,NeoQuasar/Kronos-Tokenizer-base,cuda:0,120,24,1,1.654,1.5091708898544312,1.884,-0.08756297826766968,0.13905683192261176,-0.22661981019028143,0.22661981019028143,0.05135653837067918,DOWN,UP,False,1.676,1.944,0.16203143893591296,PASS,
2026-04-14_159915_RECONSTRUCTED,2026-04-14,159915,创业板ETF,1,0.7625000000000001,NeoQuasar/Kronos-small,NeoQuasar/Kronos-Tokenizer-base,cuda:0,120,24,1,3.55,3.1293764114379883,3.846,-0.11848551034927368,0.083380281690141,-0.20186579203941468,0.20186579203941468,0.040749797995700214,DOWN,UP,False,3.511,4.048,0.15126760563380282,PASS,
2026-04-14_159949_RECONSTRUCTED,2026-04-14,159949,创业板50ETF,2,0.7520833333333333,NeoQuasar/Kronos-small,NeoQuasar/Kronos-Tokenizer-base,cuda:0,120,24,1,1.698,1.5183520317077637,1.84,-0.10579973459243774,0.08362779740871629,-0.18942753200115403,0.18942753200115403,0.035882789880048234,DOWN,UP,False,1.676,1.944,0.15783274440518258,PASS,
2026-04-15_159915_RECONSTRUCTED,2026-04-15,159915,创业板ETF,1,0.75,NeoQuasar/Kronos-small,NeoQuasar/Kronos-Tokenizer-base,cuda:0,120,24,1,3.511,3.1760287284851074,3.946,-0.09540623426437378,0.12389632583309607,-0.21930256009746985,0.21930256009746985,0.04809361286530437,DOWN,UP,False,3.602,4.048,0.1270293363714042,PASS,
2026-04-15_159949_RECONSTRUCTED,2026-04-15,159949,创业板50ETF,2,0.73125,NeoQuasar/Kronos-small,NeoQuasar/Kronos-Tokenizer-base,cuda:0,120,24,1,1.676,1.4981404542922974,1.896,-0.10612142086029053,0.13126491646778038,-0.2373863373280709,0.2373863373280709,0.05635227315003667,DOWN,UP,False,1.717,1.944,0.13544152744630064,PASS,
2026-04-16_159915_RECONSTRUCTED,2026-04-16,159915,创业板ETF,1,0.7604166666666667,NeoQuasar/Kronos-small,NeoQuasar/Kronos-Tokenizer-base,cuda:0,120,24,1,3.624,3.216717004776001,4.034,-0.11238497495651245,0.11313465783664456,-0.225519632793157,0.225519632793157,0.050859104775160376,DOWN,UP,False,3.602,4.048,0.12306843267108172,PASS,
2026-04-16_159949_RECONSTRUCTED,2026-04-16,159949,创业板50ETF,2,0.75,NeoQuasar/Kronos-small,NeoQuasar/Kronos-Tokenizer-base,cuda:0,120,24,1,1.733,1.4901597499847412,1.935,-0.14012712240219116,0.11656087709174834,-0.2566879994939395,0.2566879994939395,0.06588872908420068,DOWN,UP,False,1.717,1.944,0.13098672821696472,PASS,
2026-04-17_159949_RECONSTRUCTED,2026-04-17,159949,创业板50ETF,1,0.7479166666666667,NeoQuasar/Kronos-small,NeoQuasar/Kronos-Tokenizer-base,cuda:0,120,24,1,1.762,1.515055775642395,1.954,-0.14014995098114014,0.10896708286038592,-0.24911703384152606,0.24911703384152606,0.06205929655000004,DOWN,UP,False,1.717,1.954,0.1345062429057888,PASS,
2026-04-17_159915_RECONSTRUCTED,2026-04-17,159915,创业板ETF,2,0.7437499999999999,NeoQuasar/Kronos-small,NeoQuasar/Kronos-Tokenizer-base,cuda:0,120,24,1,3.67,3.153791666030884,4.055,-0.1406562328338623,0.1049046321525886,-0.2455608649864509,0.2455608649864509,0.06030013841289397,DOWN,UP,False,3.602,4.055,0.12343324250681195,PASS,
2026-04-20_159949_RECONSTRUCTED,2026-04-20,159949,创业板50ETF,1,0.7312500000000001,NeoQuasar/Kronos-small,NeoQuasar/Kronos-Tokenizer-base,cuda:0,120,24,1,1.761,1.5213842391967773,1.962,-0.13606804609298706,0.11413969335604768,-0.25020773944903474,0.25020773944903474,0.06260391288019605,DOWN,UP,False,1.717,1.962,0.1391254968767745,PASS,
2026-04-20_159915_RECONSTRUCTED,2026-04-20,159915,创业板ETF,2,0.7229166666666667,NeoQuasar/Kronos-small,NeoQuasar/Kronos-Tokenizer-base,cuda:0,120,24,1,3.672,3.1981961727142334,4.056,-0.12903153896331787,0.10457516339869288,-0.23360670236201075,0.23360670236201075,0.05457209138845308,DOWN,UP,False,3.602,4.056,0.12363834422657957,PASS,
2026-04-21_159915_RECONSTRUCTED,2026-04-21,159915,创业板ETF,1,0.7541666666666668,NeoQuasar/Kronos-small,NeoQuasar/Kronos-Tokenizer-base,cuda:0,120,24,1,3.681,3.145204782485962,4.138,-0.1455569863319397,0.124151045911437,-0.2697080322433767,0.2697080322433767,0.07274242265659432,DOWN,UP,False,3.602,4.138,0.14561260527030698,PASS,
2026-04-21_159949_RECONSTRUCTED,2026-04-21,159949,创业板50ETF,2,0.7291666666666667,NeoQuasar/Kronos-small,NeoQuasar/Kronos-Tokenizer-base,cuda:0,120,24,1,1.765,1.5340991020202637,2.003,-0.13082200288772583,0.13484419263456093,-0.26566619552228676,0.26566619552228676,0.0705785274432859,DOWN,UP,False,1.717,2.003,0.16203966005665726,PASS,
2026-04-21_512100_RECONSTRUCTED,2026-04-21,512100,中证1000ETF,5,0.6416666666666667,NeoQuasar/Kronos-small,NeoQuasar/Kronos-Tokenizer-base,cuda:0,120,24,1,3.344,3.249690294265747,3.472,-0.028202712535858154,0.038277511961722466,-0.06648022449758062,0.06648022449758062,0.004419620249248718,DOWN,UP,False,3.297,3.598,0.09001196172248796,PASS,
2026-04-22_159915_RECONSTRUCTED,2026-04-22,159915,创业板ETF,1,0.76875,NeoQuasar/Kronos-small,NeoQuasar/Kronos-Tokenizer-base,cuda:0,120,24,1,3.758,3.2156803607940674,4.053,-0.14431071281433105,0.07849920170303348,-0.22280991451736454,0.22280991451736454,0.04964425800723529,DOWN,UP,False,3.602,4.138,0.14262905800957956,PASS,
2026-04-22_159949_RECONSTRUCTED,2026-04-22,159949,创业板50ETF,2,0.7375,NeoQuasar/Kronos-small,NeoQuasar/Kronos-Tokenizer-base,cuda:0,120,24,1,1.805,1.5441699028015137,1.965,-0.14450418949127197,0.08864265927977844,-0.2331468487710504,0.2331468487710504,0.05435745309187105,DOWN,UP,False,1.717,2.003,0.1584487534626039,PASS,
2026-04-23_159915_RECONSTRUCTED,2026-04-23,159915,创业板ETF,1,0.7729166666666667,NeoQuasar/Kronos-small,NeoQuasar/Kronos-Tokenizer-base,cuda:0,120,24,1,3.728,3.1721551418304443,3.964,-0.14910000562667847,0.06330472103004281,-0.21240472665672128,0.21240472665672128,0.04511576790611648,DOWN,UP,False,3.602,4.138,0.14377682403433475,PASS,
2026-04-23_159949_RECONSTRUCTED,2026-04-23,159949,创业板50ETF,2,0.7416666666666667,NeoQuasar/Kronos-small,NeoQuasar/Kronos-Tokenizer-base,cuda:0,120,24,1,1.794,1.5152788162231445,1.918,-0.15536296367645264,0.06911928651059074,-0.22448225018704338,0.22448225018704338,0.050392280649038335,DOWN,UP,False,1.717,2.003,0.15942028985507248,PASS,
2026-04-24_159915_RECONSTRUCTED,2026-04-24,159915,创业板ETF,1,0.7270833333333333,NeoQuasar/Kronos-small,NeoQuasar/Kronos-Tokenizer-base,cuda:0,120,24,1,3.674,3.2216379642486572,4.071,-0.12312519550323486,0.10805661404463796,-0.23118180954787282,0.23118180954787282,0.05344502906582894,DOWN,UP,False,3.602,4.138,0.14589003810560697,PASS,
2026-04-24_159949_RECONSTRUCTED,2026-04-24,159949,创业板50ETF,2,0.71875,NeoQuasar/Kronos-small,NeoQuasar/Kronos-Tokenizer-base,cuda:0,120,24,1,1.761,1.5349675416946411,1.98,-0.12835460901260376,0.12436115843270867,-0.25271576744531243,0.25271576744531243,0.06386525911547324,DOWN,UP,False,1.717,2.003,0.1624077228847246,PASS,
2026-04-27_159915_RECONSTRUCTED,2026-04-27,159915,创业板ETF,1,0.7291666666666666,NeoQuasar/Kronos-small,NeoQuasar/Kronos-Tokenizer-base,cuda:0,120,24,1,3.652,3.2246828079223633,4.145,-0.11700910329818726,0.1349945235487402,-0.25200362684692745,0.25200362684692745,0.06350582794400546,DOWN,UP,False,3.602,4.145,0.14868565169769982,PASS,
2026-04-27_159949_RECONSTRUCTED,2026-04-27,159949,创业板50ETF,3,0.7000000000000002,NeoQuasar/Kronos-small,NeoQuasar/Kronos-Tokenizer-base,cuda:0,120,24,1,1.748,1.4912844896316528,2.017,-0.1468624472618103,0.15389016018306623,-0.30075260744487653,0.30075260744487653,0.090452130884892,DOWN,UP,False,1.717,2.017,0.17162471395880996,PASS,
2026-04-27_512480_RECONSTRUCTED,2026-04-27,512480,半导体ETF,5,0.6479166666666667,NeoQuasar/Kronos-small,NeoQuasar/Kronos-Tokenizer-base,cuda:0,120,24,1,1.755,1.5770424604415894,2.15,-0.10140031576156616,0.225071225071225,-0.3264715408327912,0.3264715408327912,0.10658366697373683,DOWN,UP,False,1.732,2.348,0.35099715099715095,PASS,
